application_id,origination_month,annual_income,debt_to_income,credit_score,loan_amount,prior_delinquencies,employment,audit_group,default_12m
5,2023-01,36486.3,0.56416,746.0,24299.56,0,Salaried,Group B,0
12,2023-01,121479.09,0.1477,637.0,23562.96,0,Salaried,Group B,0
44,2023-01,40463.61,0.45062,630.0,6243.52,0,Salaried,Group B,0
107,2023-01,39218.32,0.29926,644.0,16928.8,1,Self employed,Group A,0
123,2023-01,68200.86,0.22416,651.0,11605.07,1,Salaried,Group A,0
124,2023-01,33784.14,0.0668,757.0,11772.4,0,Salaried,Group A,0
158,2023-01,47581.07,0.44407,610.0,10774.89,0,Salaried,Group B,0
192,2023-01,55500.04,0.24746,746.0,7609.95,0,Salaried,Group B,0
210,2023-01,41328.55,0.34821,573.0,6636.75,0,Self employed,Group A,0
217,2023-01,65679.21,0.35081,690.0,57851.89,1,Salaried,Group B,1
339,2023-01,52256.82,0.28362,598.0,12103.94,0,Salaried,Group A,0
383,2023-01,27370.83,0.401,635.0,12452.06,0,Contract,Group A,1
391,2023-01,61134.84,0.28206,636.0,8818.88,1,Salaried,Group A,1
440,2023-01,63314.59,0.17972,537.0,19704.81,0,Salaried,Group A,0
452,2023-01,49177.62,0.25984,675.0,28436.34,0,Contract,Group A,1
475,2023-01,79924.78,0.31156,646.0,25716.56,0,Salaried,Group A,0
501,2023-01,69040.08,0.27993,643.0,47907.25,2,Salaried,Group B,0
520,2023-01,53977.3,0.0742,527.0,5642.95,0,Salaried,Group A,0
531,2023-01,53450.95,0.12654,648.0,9513.64,0,Salaried,Group A,0
626,2023-01,43438.0,0.15244,759.0,8658.39,0,Salaried,Group A,0
636,2023-01,31249.7,0.14262,705.0,14863.37,1,Contract,Group B,0
693,2023-01,47131.34,0.19932,683.0,23208.69,0,Contract,Group B,1
698,2023-01,45802.94,0.06862,525.0,7556.67,0,Salaried,Group A,0
716,2023-01,42380.46,0.09035,664.0,6906.21,0,Self employed,Group B,0
717,2023-01,57750.36,0.20631,677.0,35699.71,0,Salaried,Group B,0
720,2023-01,27128.86,0.47101,602.0,14340.24,1,Salaried,Group A,1
723,2023-01,80941.55,0.50345,683.0,9731.1,0,Salaried,Group A,0
730,2023-01,37759.05,0.27329,687.0,20635.8,0,Salaried,Group A,0
732,2023-01,85173.59,0.02532,727.0,6417.52,0,Contract,Group A,0
784,2023-01,58906.03,0.04836,657.0,31409.69,0,Salaried,Group B,0
813,2023-01,91013.2,0.44964,707.0,11938.42,0,Contract,Group A,0
849,2023-01,59257.87,0.57186,850.0,10100.09,1,Salaried,Group B,0
894,2023-01,51272.12,0.05328,617.0,19136.5,2,Self employed,Group A,0
907,2023-01,139405.26,0.14275,757.0,13483.21,0,Salaried,Group A,0
911,2023-01,54003.61,0.46216,705.0,8268.43,0,Salaried,Group A,0
935,2023-01,26886.5,0.48557,720.0,48915.74,0,Self employed,Group B,0
940,2023-01,65421.87,0.24662,610.0,5574.83,0,Salaried,Group A,1
963,2023-01,51606.94,0.41896,621.0,20700.12,0,Salaried,Group A,1
964,2023-01,36008.71,0.03497,702.0,12512.67,0,Salaried,Group B,0
998,2023-01,148944.48,0.0579,574.0,19096.46,0,Contract,Group B,0
1008,2023-01,27006.16,0.16666,627.0,11837.9,0,Self employed,Group B,1
1027,2023-01,16582.32,0.18495,770.0,3894.1,0,Contract,Group B,0
1037,2023-01,137544.43,0.41302,652.0,3711.73,1,Salaried,Group A,0
1038,2023-01,81012.88,0.16379,721.0,9445.87,0,Salaried,Group A,0
1056,2023-01,93043.08,0.11222,646.0,4499.07,0,Salaried,Group A,0
1068,2023-01,59396.69,0.45164,642.0,64352.47,0,Salaried,Group B,0
1089,2023-01,52253.8,0.26149,651.0,16029.61,0,Salaried,Group A,0
1095,2023-01,57353.98,0.13422,716.0,4313.31,0,Salaried,Group A,0
1104,2023-01,53408.63,0.08688,640.0,20050.53,0,Salaried,Group A,0
1115,2023-01,65607.1,0.2572,662.0,12305.49,0,Salaried,Group B,0
1144,2023-01,49398.95,0.20265,405.0,4278.81,1,Salaried,Group B,0
1147,2023-01,61693.36,0.17498,635.0,24810.3,0,Self employed,Group A,1
1160,2023-01,36864.89,0.20742,689.0,6952.26,0,Salaried,Group B,0
1188,2023-01,57235.47,0.17441,616.0,7321.19,0,Salaried,Group A,0
1218,2023-01,56069.96,0.28673,707.0,46066.23,1,Salaried,Group A,0
1239,2023-01,136489.56,0.22859,665.0,13546.79,1,Contract,Group B,0
1262,2023-01,38669.75,0.10533,707.0,9153.53,0,Self employed,Group A,0
1304,2023-01,45832.93,0.19258,630.0,10176.0,0,Salaried,Group B,0
1306,2023-01,110240.44,0.09341,850.0,36819.83,0,Salaried,Group A,0
1316,2023-01,41599.95,0.31156,661.0,12666.27,0,Salaried,Group A,0
1323,2023-01,71337.29,0.22638,749.0,4144.07,1,Salaried,Group B,0
1324,2023-01,39587.82,0.08391,682.0,29539.07,0,Salaried,Group A,0
1328,2023-01,230774.94,0.13354,641.0,32148.94,2,Salaried,Group A,0
1372,2023-01,42345.84,0.38241,838.0,40512.63,1,Salaried,Group A,0
1380,2023-01,63475.01,0.41043,740.0,26435.42,0,Self employed,Group B,1
1382,2023-01,50592.14,0.39825,593.0,5045.3,0,Salaried,Group A,0
1387,2023-01,76764.53,0.38646,726.0,6858.67,0,Salaried,Group A,0
1394,2023-01,44384.43,0.2231,576.0,5648.95,1,Self employed,Group A,1
1403,2023-01,41095.47,0.52433,667.0,46505.03,0,Salaried,Group A,1
1409,2023-01,33287.61,0.2658,642.0,13054.7,0,Salaried,Group A,0
1545,2023-01,81471.95,0.28687,551.0,17627.87,0,Salaried,Group A,0
1552,2023-01,59761.7,0.05614,579.0,14047.09,0,Self employed,Group B,1
1569,2023-01,45470.03,0.18775,690.0,12506.15,0,Salaried,Group A,0
1574,2023-01,116339.34,0.18747,711.0,10741.96,0,Salaried,Group B,0
1583,2023-01,47438.65,0.35091,763.0,12928.29,0,Self employed,Group B,0
1586,2023-01,21082.73,0.12531,582.0,7607.73,0,Salaried,Group B,1
1588,2023-01,21542.9,0.24485,506.0,9777.85,0,Self employed,Group B,1
1602,2023-01,36308.94,0.10686,741.0,15392.5,1,Salaried,Group B,0
1606,2023-01,100001.41,0.07739,723.0,12180.68,1,Salaried,Group B,0
1630,2023-01,63331.33,0.59206,592.0,6893.82,0,Contract,Group A,0
1690,2023-01,63914.56,0.37515,664.0,28420.95,0,Salaried,Group B,0
1691,2023-01,59696.2,0.2625,731.0,19036.06,0,Self employed,Group A,0
1705,2023-01,45795.91,0.23271,574.0,11515.94,0,Salaried,Group A,0
1716,2023-01,59724.9,0.53486,674.0,16077.51,0,Salaried,Group B,0
1731,2023-01,58520.27,0.57651,685.0,11551.04,1,Contract,Group B,0
1770,2023-01,120025.16,0.30798,656.0,6171.01,2,Salaried,Group B,1
1772,2023-01,36674.41,0.25741,666.0,10064.23,0,Self employed,Group B,1
1791,2023-01,98356.96,0.15119,739.0,13087.41,0,Salaried,Group B,0
1852,2023-01,136772.43,0.56767,644.0,7206.99,1,Self employed,Group B,0
1889,2023-01,61996.42,0.23922,693.0,35154.6,0,Self employed,Group B,0
1908,2023-01,25953.62,0.20616,668.0,6478.8,0,Salaried,Group A,0
1919,2023-01,19986.74,0.26009,726.0,75000.0,0,Salaried,Group B,1
1974,2023-01,80819.16,0.38828,785.0,11394.84,1,Contract,Group A,1
2022,2023-01,38948.98,0.48943,753.0,45700.11,0,Salaried,Group A,1
2033,2023-01,37792.36,0.30651,594.0,12109.18,0,Self employed,Group B,1
2049,2023-01,41511.18,0.45818,689.0,11003.16,0,Salaried,Group A,0
2066,2023-01,62573.76,0.10833,621.0,14109.42,1,Salaried,Group B,0
2074,2023-01,42279.36,0.09459,712.0,5972.83,0,Salaried,Group A,0
2083,2023-01,133304.22,0.17618,664.0,22374.85,1,Self employed,Group A,1
2094,2023-01,,0.74193,765.0,17422.35,0,Contract,Group B,0
2147,2023-01,75572.65,0.18332,531.0,10474.48,0,Salaried,Group B,1
2158,2023-01,158625.66,0.14879,744.0,10328.83,0,Contract,Group B,0
2186,2023-01,79228.18,0.1813,715.0,42979.44,0,Self employed,Group B,0
2192,2023-01,36605.82,0.26435,690.0,16171.39,2,Salaried,Group A,0
2204,2023-01,44924.51,0.13472,704.0,14835.91,1,Salaried,Group A,0
2256,2023-01,27067.97,0.31,594.0,41627.29,1,Self employed,Group B,1
2260,2023-01,,0.04903,753.0,10090.27,2,Self employed,Group A,0
2270,2023-01,58667.73,0.03568,705.0,31068.88,2,Contract,Group A,0
2289,2023-01,50178.36,0.31537,727.0,16398.12,0,Self employed,Group A,0
2335,2023-01,115631.17,0.31703,744.0,11607.12,0,Contract,Group B,1
2373,2023-01,29664.75,0.10641,706.0,30144.19,0,Salaried,Group B,0
2397,2023-01,52347.53,0.28298,640.0,8673.4,1,Self employed,Group B,1
2430,2023-01,40387.17,0.16516,688.0,14117.54,0,Salaried,Group B,0
2457,2023-01,33628.04,0.54371,753.0,34617.07,0,Salaried,Group B,0
2466,2023-01,,0.28096,643.0,14694.21,0,Salaried,Group A,1
2473,2023-01,65391.0,0.08876,708.0,20315.24,0,Salaried,Group B,0
2503,2023-01,48254.21,0.31767,575.0,10106.25,1,Salaried,Group B,1
2661,2023-01,20243.92,0.22954,653.0,20613.76,0,Salaried,Group A,1
2707,2023-01,25708.29,0.24513,600.0,7901.94,0,Salaried,Group B,0
2763,2023-01,23529.88,0.3446,604.0,19859.66,0,Salaried,Group A,1
2792,2023-01,57934.12,0.21486,713.0,18091.59,0,Salaried,Group A,0
2815,2023-01,86560.73,0.04391,612.0,26568.34,0,Salaried,Group A,0
2818,2023-01,116072.32,0.2978,714.0,27500.88,1,Salaried,Group A,0
2842,2023-01,75294.16,0.42523,754.0,61253.3,0,Salaried,Group A,0
2860,2023-01,32850.8,0.02081,580.0,32623.69,0,Salaried,Group A,0
2888,2023-01,38783.84,0.17739,655.0,7662.1,1,Self employed,Group B,0
2921,2023-01,65097.7,0.25596,586.0,6909.1,0,Salaried,Group A,0
2952,2023-01,76413.82,0.33481,638.0,10091.33,0,Self employed,Group A,1
2970,2023-01,52071.6,0.17018,659.0,19266.08,0,Salaried,Group A,0
2982,2023-01,77261.62,0.1343,683.0,13611.8,1,Salaried,Group A,0
3074,2023-01,33062.26,0.65783,693.0,4917.22,0,Self employed,Group A,0
3155,2023-01,31809.63,0.29017,671.0,22244.98,2,Salaried,Group A,0
3162,2023-01,82028.22,0.4817,634.0,22641.22,1,Salaried,Group A,0
3194,2023-01,21186.97,0.20761,779.0,27300.99,0,Contract,Group A,0
3222,2023-01,54947.14,0.17536,731.0,26012.15,1,Salaried,Group A,0
3223,2023-01,123075.11,0.08972,528.0,15346.27,0,Salaried,Group A,0
3224,2023-01,32407.6,0.32643,636.0,75000.0,1,Salaried,Group B,1
3249,2023-01,63509.39,0.2379,646.0,21794.23,0,Salaried,Group B,0
3288,2023-01,36965.35,0.12977,681.0,11315.23,0,Self employed,Group B,0
3364,2023-01,56091.71,0.29644,707.0,75000.0,0,Self employed,Group A,0
3381,2023-01,30987.01,0.66813,562.0,12227.12,2,Contract,Group A,1
3399,2023-01,172519.47,0.02145,681.0,12335.51,1,Salaried,Group B,0
3445,2023-01,105825.57,0.23072,668.0,9227.33,0,Salaried,Group A,0
3450,2023-01,119294.44,0.20849,694.0,5009.15,1,Salaried,Group A,0
3457,2023-01,27582.68,0.13749,551.0,23599.38,1,Salaried,Group A,1
3476,2023-01,48779.04,0.2171,738.0,17352.35,1,Salaried,Group B,0
3494,2023-01,51637.02,0.12985,770.0,12310.5,0,Salaried,Group B,0
3515,2023-01,63806.47,0.20637,676.0,4858.05,0,Self employed,Group B,0
3538,2023-01,23872.52,0.19264,591.0,5843.18,0,Salaried,Group B,1
3549,2023-01,27172.85,0.57474,807.0,13745.24,0,Self employed,Group A,0
3596,2023-01,48584.65,0.32586,659.0,5021.05,0,Salaried,Group A,0
3598,2023-01,67001.83,0.09767,750.0,14451.35,0,Salaried,Group B,0
3645,2023-01,57536.68,0.53623,785.0,32949.44,0,Salaried,Group A,0
3649,2023-01,79803.88,0.06468,545.0,11538.63,1,Self employed,Group A,0
3662,2023-01,33794.16,0.44043,679.0,10866.44,0,Salaried,Group B,0
3678,2023-01,148912.85,0.16753,690.0,9069.57,0,Salaried,Group A,0
3708,2023-01,53700.4,0.67567,689.0,49403.04,0,Self employed,Group B,1
3710,2023-01,55526.56,0.3728,784.0,8870.11,0,Salaried,Group A,0
3761,2023-01,70874.16,0.52951,614.0,11637.78,0,Self employed,Group A,0
3762,2023-01,135115.37,0.29591,792.0,47804.42,0,Salaried,Group B,0
3778,2023-01,129312.79,0.30826,673.0,9147.04,0,Salaried,Group B,0
3837,2023-01,37292.13,0.12614,640.0,8453.96,0,Self employed,Group B,0
3873,2023-01,30224.28,0.17002,740.0,5471.94,1,Salaried,Group A,0
3875,2023-01,54122.42,0.21623,684.0,8525.23,0,Salaried,Group A,0
3876,2023-01,27188.31,0.43832,751.0,13749.62,0,Salaried,Group B,0
3887,2023-01,52621.95,0.50583,668.0,14987.58,0,Salaried,Group B,0
3904,2023-01,72420.65,0.23085,567.0,26820.79,0,Self employed,Group B,1
3912,2023-01,30985.68,0.47655,684.0,19028.88,0,Salaried,Group A,0
3932,2023-01,95935.52,0.29896,743.0,11012.99,2,Salaried,Group A,0
3938,2023-01,51802.99,0.14253,681.0,7900.54,1,Salaried,Group B,0
3939,2023-01,36166.76,0.31943,634.0,10340.49,0,Salaried,Group B,0
3969,2023-01,,0.40743,760.0,7939.06,0,Salaried,Group B,0
4027,2023-01,54582.52,0.12001,746.0,4702.6,0,Self employed,Group A,0
4042,2023-01,55946.86,0.17603,647.0,14908.55,0,Salaried,Group B,0
4056,2023-01,48927.34,0.21593,698.0,31455.01,0,Salaried,Group B,0
4058,2023-01,,0.31474,711.0,5952.18,1,Contract,Group A,0
4064,2023-01,63990.03,0.05669,704.0,6973.77,0,Salaried,Group B,0
4076,2023-01,71617.3,0.45388,711.0,40577.72,0,Self employed,Group A,0
4210,2023-01,34551.27,0.15943,678.0,46128.39,0,Salaried,Group A,1
4234,2023-01,72902.07,0.39666,731.0,38367.52,0,Self employed,Group B,0
4327,2023-01,38997.34,0.23411,675.0,15764.23,0,Salaried,Group B,0
4366,2023-01,43936.6,0.23375,680.0,15527.78,0,Salaried,Group B,1
4399,2023-01,68131.13,0.60516,769.0,16952.1,0,Self employed,Group B,0
4404,2023-01,51261.19,0.42449,597.0,35762.46,0,Salaried,Group A,1
4440,2023-01,160664.96,0.67246,573.0,15209.22,1,Salaried,Group A,0
4454,2023-01,69177.31,0.21294,647.0,9299.74,2,Salaried,Group A,1
4558,2023-01,62358.74,0.31473,651.0,18632.1,0,Contract,Group B,0
4585,2023-01,27207.55,0.55778,745.0,32641.72,0,Self employed,Group B,0
4594,2023-01,126870.07,0.15765,636.0,20934.52,0,Salaried,Group B,0
4608,2023-01,56354.43,0.64889,739.0,6726.9,0,Salaried,Group A,0
4625,2023-01,105318.7,0.16892,690.0,7010.99,2,Salaried,Group B,0
4633,2023-01,91239.0,0.19641,642.0,21093.88,1,Salaried,Group A,0
4645,2023-01,41942.38,0.28115,603.0,21494.91,0,Contract,Group B,0
4650,2023-01,80592.1,0.26686,589.0,49427.39,0,Salaried,Group A,0
4653,2023-01,59398.35,0.58337,567.0,13861.37,1,Self employed,Group A,1
4688,2023-01,76364.04,0.33885,608.0,10274.13,0,Contract,Group A,0
4705,2023-01,78967.3,0.05538,684.0,24168.87,0,Self employed,Group B,0
4715,2023-01,90958.01,0.13562,722.0,8469.08,0,Salaried,Group B,0
4757,2023-01,21853.77,0.15044,706.0,23875.7,0,Self employed,Group A,0
4767,2023-01,46260.53,0.24402,707.0,9978.33,1,Salaried,Group A,1
4808,2023-01,43316.15,0.27475,715.0,11298.08,1,Salaried,Group A,0
4818,2023-01,42241.87,0.28796,648.0,29842.79,0,Salaried,Group A,0
4825,2023-01,42986.79,0.21831,713.0,31984.76,0,Salaried,Group B,1
4832,2023-01,32201.89,0.45393,755.0,7168.47,0,Contract,Group B,0
4856,2023-01,27515.27,0.48238,684.0,18188.36,0,Contract,Group B,1
4863,2023-01,64671.01,0.05999,637.0,4842.39,0,Salaried,Group B,0
4865,2023-01,36355.59,0.16061,711.0,26633.6,0,Salaried,Group A,0
4887,2023-01,62916.91,0.20096,580.0,20241.27,1,Salaried,Group B,1
4928,2023-01,47241.01,0.11229,797.0,20694.43,0,Salaried,Group A,0
4941,2023-01,57464.32,0.53656,470.0,28608.59,0,Self employed,Group A,0
5018,2023-01,87695.56,0.17175,731.0,35548.4,1,Salaried,Group A,0
5040,2023-01,38176.17,0.20483,654.0,19037.25,0,Salaried,Group B,0
5069,2023-01,77823.24,0.20989,719.0,5217.71,1,Salaried,Group A,0
5081,2023-01,125629.22,0.49038,650.0,23624.75,1,Salaried,Group B,1
5086,2023-01,36341.75,0.4193,645.0,23116.75,0,Salaried,Group B,0
5152,2023-01,62015.27,0.17753,604.0,3990.23,1,Salaried,Group A,0
5174,2023-01,49919.76,0.36699,765.0,38870.38,0,Self employed,Group B,0
5188,2023-01,28419.44,0.04558,696.0,11094.64,0,Contract,Group B,0
5197,2023-01,57243.59,0.16701,636.0,13873.84,0,Salaried,Group A,1
5204,2023-01,80198.54,0.44629,652.0,10192.6,1,Salaried,Group B,0
5211,2023-01,22476.75,0.176,708.0,7395.19,0,Salaried,Group B,1
5220,2023-01,135983.12,0.41608,745.0,13845.11,1,Salaried,Group A,0
5236,2023-01,31497.59,0.27029,656.0,15419.74,0,Salaried,Group B,0
5246,2023-01,71652.89,0.15093,677.0,10692.8,0,Salaried,Group A,0
5456,2023-01,62369.96,0.29266,691.0,25034.56,0,Self employed,Group B,0
5523,2023-01,69780.54,0.2396,649.0,37017.99,0,Self employed,Group A,1
5553,2023-01,40920.33,0.29394,726.0,14986.93,0,Salaried,Group B,0
5607,2023-01,52637.45,0.25981,713.0,8312.11,0,Salaried,Group A,0
5612,2023-01,131740.99,0.1496,679.0,36325.26,1,Self employed,Group A,1
5633,2023-01,29298.02,0.3069,811.0,19373.07,0,Self employed,Group A,0
5634,2023-01,58551.24,0.11434,603.0,18321.84,1,Salaried,Group A,0
5642,2023-01,86821.55,0.04612,708.0,6142.42,0,Salaried,Group B,0
5662,2023-01,49320.19,0.48579,598.0,16535.32,0,Salaried,Group A,1
5672,2023-01,70055.88,0.26454,669.0,5258.99,0,Salaried,Group B,0
5678,2023-01,72200.52,0.67184,706.0,28663.34,0,Salaried,Group A,1
5689,2023-01,21182.46,0.09042,602.0,29176.78,1,Salaried,Group B,1
5707,2023-01,16401.03,0.25641,714.0,18357.16,0,Self employed,Group B,0
5708,2023-01,33307.47,0.32151,696.0,14489.57,1,Salaried,Group B,0
5762,2023-01,34597.11,0.21956,711.0,15760.22,0,Salaried,Group A,0
5766,2023-01,47774.81,0.35693,757.0,9249.43,0,Salaried,Group A,0
5773,2023-01,69592.42,0.17283,774.0,5132.9,1,Self employed,Group B,0
5798,2023-01,35172.78,0.54102,629.0,25658.53,0,Self employed,Group A,1
5799,2023-01,22661.72,0.22627,615.0,31897.72,0,Salaried,Group A,1
5834,2023-01,46864.01,0.08136,682.0,14792.04,0,Salaried,Group A,0
5873,2023-01,83539.23,0.32733,727.0,22464.33,1,Salaried,Group A,0
5889,2023-01,67119.99,0.17459,547.0,19971.28,1,Salaried,Group A,0
5897,2023-01,28436.03,0.05285,588.0,32806.56,2,Self employed,Group A,1
5918,2023-01,50500.26,0.24796,726.0,3174.05,0,Self employed,Group A,0
5978,2023-01,74457.33,0.34069,588.0,23593.94,0,Self employed,Group B,1
6014,2023-01,54637.71,0.20865,625.0,33504.49,0,Salaried,Group B,0
6017,2023-01,15000.0,0.59234,763.0,8051.45,1,Self employed,Group A,1
6090,2023-01,57076.07,0.38461,630.0,9624.91,0,Salaried,Group A,0
6112,2023-01,52487.0,0.03992,515.0,27237.92,1,Salaried,Group A,1
6133,2023-01,,0.2155,708.0,7778.85,0,Salaried,Group A,0
6140,2023-01,31671.9,0.05295,645.0,17401.46,0,Salaried,Group B,0
6154,2023-01,43133.91,0.54321,664.0,11969.96,1,Salaried,Group A,1
6163,2023-01,48620.52,0.3613,674.0,17112.43,1,Contract,Group A,0
6169,2023-01,35948.5,0.35765,597.0,8341.11,1,Salaried,Group B,0
6190,2023-01,47695.16,0.47937,783.0,25524.88,0,Salaried,Group B,0
6200,2023-01,44690.64,0.04237,730.0,6838.23,0,Salaried,Group A,0
6214,2023-01,92904.68,0.34843,666.0,3862.91,0,Salaried,Group B,1
6242,2023-01,90588.31,0.14728,682.0,8816.18,1,Salaried,Group A,0
6245,2023-01,56069.78,0.3077,728.0,13566.86,1,Salaried,Group A,0
6276,2023-01,50664.83,0.16952,801.0,16907.42,0,Salaried,Group A,0
6308,2023-01,74917.04,0.42609,696.0,22210.67,1,Salaried,Group B,0
6345,2023-01,67064.57,0.33276,614.0,14266.83,1,Salaried,Group B,0
6346,2023-01,16933.71,0.26857,594.0,30490.0,0,Salaried,Group A,1
6347,2023-01,32778.13,0.40863,740.0,62138.09,0,Salaried,Group B,0
6362,2023-01,48779.78,0.24525,613.0,7440.73,1,Self employed,Group A,0
6437,2023-01,66706.63,0.04099,701.0,4364.6,0,Salaried,Group A,0
6441,2023-01,39197.77,0.1081,692.0,17679.73,0,Salaried,Group A,0
6468,2023-01,75078.23,0.06822,562.0,9178.54,0,Salaried,Group A,0
6498,2023-01,108281.42,0.13499,668.0,18248.25,0,Salaried,Group B,0
6512,2023-01,44444.7,0.71772,645.0,11841.63,0,Contract,Group A,0
6529,2023-01,50086.37,0.02405,711.0,6006.78,0,Salaried,Group B,0
6538,2023-01,99104.71,0.1155,592.0,13103.29,0,Self employed,Group B,1
6542,2023-01,53969.84,0.11641,598.0,9166.6,0,Salaried,Group A,1
6560,2023-01,63463.86,0.27096,758.0,49215.15,0,Salaried,Group B,0
6708,2023-01,51229.75,0.22409,708.0,10569.55,0,Self employed,Group A,0
6792,2023-01,57150.59,0.07158,631.0,11921.21,1,Salaried,Group A,1
6796,2023-01,189304.08,0.30008,741.0,75000.0,0,Salaried,Group A,0
6797,2023-01,70858.44,0.10739,601.0,11167.72,1,Salaried,Group A,1
6824,2023-01,61079.0,0.19696,614.0,9331.29,0,Salaried,Group A,0
6883,2023-01,37313.56,0.35233,753.0,9000.11,0,Self employed,Group A,0
6892,2023-01,50598.48,0.12156,654.0,6743.26,0,Salaried,Group A,0
6922,2023-01,20761.65,0.35643,704.0,22585.5,0,Self employed,Group B,0
6929,2023-01,55743.41,0.04202,611.0,9999.44,1,Salaried,Group B,0
6956,2023-01,41511.17,0.09177,702.0,40349.71,0,Self employed,Group A,0
7026,2023-01,28582.57,0.38991,739.0,13795.15,0,Self employed,Group A,0
7090,2023-01,52811.02,0.42826,617.0,9274.59,1,Salaried,Group A,1
7098,2023-01,66833.33,0.17698,594.0,5197.41,1,Self employed,Group A,0
7140,2023-01,79779.76,0.22246,720.0,25546.9,0,Salaried,Group B,0
7180,2023-01,51464.85,0.59777,540.0,6452.06,1,Self employed,Group A,1
7195,2023-01,48347.78,0.12824,746.0,8723.54,0,Contract,Group B,0
7198,2023-01,40985.43,0.37151,637.0,18185.96,0,Salaried,Group A,0
7220,2023-01,49159.74,0.38862,744.0,29890.01,0,Self employed,Group A,0
7236,2023-01,30971.51,0.31791,712.0,44385.36,0,Salaried,Group A,1
7241,2023-01,56619.54,0.3394,601.0,8566.5,0,Self employed,Group A,0
7254,2023-01,63976.7,0.57228,727.0,14976.34,1,Salaried,Group B,0
7299,2023-01,84225.44,0.2529,695.0,12236.29,0,Contract,Group B,1
7311,2023-01,64414.89,0.15466,843.0,13214.46,0,Salaried,Group B,0
7315,2023-01,48930.18,0.26361,669.0,24883.27,1,Salaried,Group B,0
7339,2023-01,69721.62,0.05463,622.0,23304.08,0,Self employed,Group A,0
7361,2023-01,83688.6,0.15577,590.0,17870.31,0,Salaried,Group A,0
7371,2023-01,43577.92,0.19513,619.0,8434.01,0,Self employed,Group A,1
7373,2023-01,32748.46,0.21048,785.0,9481.11,0,Self employed,Group A,0
7399,2023-01,41686.71,0.43543,593.0,7728.53,0,Salaried,Group A,0
7400,2023-01,37034.02,0.31866,711.0,28598.97,0,Salaried,Group B,0
7430,2023-01,119324.8,0.10151,693.0,12228.51,0,Salaried,Group A,1
7437,2023-01,74580.58,0.3042,656.0,15171.39,0,Salaried,Group A,0
7477,2023-01,56233.28,0.18916,713.0,12490.56,0,Self employed,Group A,0
7586,2023-01,63187.17,0.1024,629.0,12027.22,0,Salaried,Group A,0
7604,2023-01,73705.43,0.29227,594.0,23758.58,0,Contract,Group B,1
7631,2023-01,71492.75,0.1369,551.0,6032.05,0,Contract,Group B,1
7635,2023-01,85038.05,0.49499,734.0,14105.48,0,Salaried,Group A,0
7650,2023-01,72246.65,0.09989,559.0,24321.01,0,Self employed,Group B,0
7651,2023-01,57560.76,0.45592,736.0,19080.08,1,Salaried,Group B,0
7663,2023-01,72803.38,0.05932,499.0,12526.9,0,Contract,Group B,1
7666,2023-01,29376.32,0.06401,741.0,37030.48,0,Salaried,Group B,0
7688,2023-01,68854.47,0.28494,743.0,20577.65,0,Salaried,Group A,0
7694,2023-01,73960.29,0.14984,614.0,15917.64,0,Self employed,Group B,0
7716,2023-01,68939.9,0.3411,634.0,38250.48,0,Self employed,Group B,1
7735,2023-01,65857.11,0.0978,587.0,11690.35,0,Salaried,Group B,1
7751,2023-01,71348.41,0.37798,716.0,14120.52,0,Salaried,Group B,0
7779,2023-01,42740.92,0.01842,573.0,24253.23,0,Salaried,Group A,0
7905,2023-01,31699.97,0.18218,470.0,10177.38,0,Self employed,Group B,1
7929,2023-01,28845.1,0.47647,759.0,7600.36,1,Salaried,Group A,0
7952,2023-01,50299.46,0.32795,771.0,27864.75,0,Salaried,Group A,0
7980,2023-01,64279.83,0.03438,669.0,7761.19,1,Salaried,Group B,0
7982,2023-01,52612.61,0.40542,742.0,5022.42,1,Salaried,Group A,0
8023,2023-01,59789.11,0.55176,645.0,9887.55,0,Salaried,Group B,1
8029,2023-01,51084.73,0.58693,534.0,5026.4,0,Salaried,Group B,0
8047,2023-01,65710.59,0.0669,653.0,21659.67,0,Salaried,Group A,0
8072,2023-01,97067.39,0.24868,675.0,21668.2,0,Salaried,Group A,0
8127,2023-01,103726.09,0.21574,641.0,13675.02,0,Contract,Group B,0
8131,2023-01,16917.77,0.43953,624.0,15026.11,0,Salaried,Group B,1
8184,2023-01,32988.97,0.21135,660.0,24358.5,1,Salaried,Group B,0
8198,2023-01,113245.71,0.23821,651.0,7796.1,0,Salaried,Group B,0
8200,2023-01,83986.82,0.41364,676.0,8465.75,0,Self employed,Group A,1
8206,2023-01,55494.77,0.44688,625.0,8390.36,0,Salaried,Group A,0
8218,2023-01,127561.94,0.62304,591.0,6867.08,1,Salaried,Group A,0
8231,2023-01,38182.69,0.24243,672.0,10108.3,0,Contract,Group A,1
8245,2023-01,71328.01,0.11382,783.0,30575.63,0,Salaried,Group B,0
8269,2023-01,42855.06,0.0897,619.0,36837.69,0,Salaried,Group A,0
8274,2023-01,,0.06486,757.0,23358.79,0,Salaried,Group A,0
8283,2023-01,70157.67,0.10848,726.0,5852.41,1,Salaried,Group B,0
8307,2023-01,148127.37,0.41261,735.0,5498.35,0,Salaried,Group B,0
8382,2023-01,52343.51,0.11435,748.0,9432.38,1,Contract,Group A,0
8459,2023-01,79992.12,0.38579,710.0,44473.15,0,Salaried,Group B,1
8465,2023-01,76844.84,0.06506,636.0,20681.37,0,Contract,Group B,0
8482,2023-01,53254.54,0.46296,618.0,9510.2,1,Salaried,Group B,0
8489,2023-01,113310.53,0.12114,722.0,5221.55,0,Salaried,Group A,0
8498,2023-01,50171.49,0.14392,716.0,29332.38,0,Salaried,Group B,0
8524,2023-01,22829.64,0.4824,744.0,36240.4,0,Contract,Group B,1
8536,2023-01,53862.23,0.29443,685.0,30573.49,1,Salaried,Group A,0
8539,2023-01,64767.27,0.30259,563.0,10999.9,0,Contract,Group A,1
8647,2023-01,81540.94,0.17224,733.0,15649.84,0,Salaried,Group B,0
8659,2023-01,16601.03,0.24131,586.0,6056.3,0,Salaried,Group B,1
8673,2023-01,132949.55,0.39555,698.0,4494.95,0,Self employed,Group B,0
8676,2023-01,72531.88,0.45623,734.0,2810.21,0,Self employed,Group A,0
8681,2023-01,82734.85,0.14943,659.0,18752.89,0,Salaried,Group B,0
8716,2023-01,70046.57,0.271,756.0,13445.74,0,Self employed,Group B,0
8742,2023-01,34859.04,0.21702,643.0,37457.08,0,Self employed,Group A,0
8751,2023-01,50443.6,0.15962,654.0,11384.82,0,Salaried,Group B,0
8771,2023-01,44749.82,0.21737,657.0,9610.01,1,Salaried,Group A,0
8772,2023-01,41202.24,0.17098,723.0,16028.72,0,Salaried,Group A,0
8790,2023-01,29245.53,0.44967,656.0,16063.18,0,Salaried,Group B,1
8804,2023-01,,0.47372,673.0,14395.69,1,Salaried,Group B,1
8831,2023-01,25775.48,0.25245,717.0,12154.6,0,Contract,Group A,0
8833,2023-01,91503.72,0.43408,670.0,48297.03,0,Salaried,Group B,0
8838,2023-01,18154.64,0.09641,625.0,25084.64,0,Contract,Group B,1
8853,2023-01,50719.85,0.17432,677.0,11969.49,1,Contract,Group A,0
8855,2023-01,23155.11,0.25801,683.0,3462.76,0,Salaried,Group B,0
8865,2023-01,150402.86,0.13408,507.0,14235.7,0,Self employed,Group A,1
8888,2023-01,54060.43,0.80187,614.0,12518.55,0,Salaried,Group B,1
8893,2023-01,37761.96,0.24143,680.0,3594.41,1,Salaried,Group A,0
8898,2023-01,37876.19,0.19683,603.0,34168.64,0,Salaried,Group A,0
8906,2023-01,77507.43,0.50058,491.0,9776.13,0,Salaried,Group A,1
8951,2023-01,23660.2,0.24417,725.0,20789.1,0,Salaried,Group B,0
8954,2023-01,38459.46,0.3904,580.0,46717.85,0,Salaried,Group A,1
8980,2023-01,46879.8,0.46074,774.0,4001.65,0,Salaried,Group B,0
9048,2023-01,62841.51,0.3013,736.0,9066.71,1,Contract,Group A,0
9052,2023-01,31829.31,0.16166,670.0,7933.4,0,Self employed,Group A,0
9075,2023-01,101801.8,0.092,723.0,32360.93,1,Salaried,Group A,0
9148,2023-01,31335.68,0.32608,768.0,25319.84,0,Salaried,Group A,0
9159,2023-01,45848.58,0.25022,668.0,10908.37,0,Salaried,Group A,0
9166,2023-01,125987.94,0.60371,710.0,9441.47,0,Self employed,Group B,0
9171,2023-01,20122.68,0.28793,647.0,7477.71,0,Self employed,Group B,1
9173,2023-01,39778.82,0.17057,794.0,49776.95,0,Self employed,Group A,0
9185,2023-01,53641.57,0.17801,739.0,13037.12,0,Self employed,Group B,0
9201,2023-01,45746.79,0.4107,601.0,19925.87,1,Salaried,Group A,0
9202,2023-01,47789.09,0.02654,665.0,24444.82,1,Salaried,Group B,0
9253,2023-01,44411.21,0.26533,642.0,5776.77,0,Salaried,Group A,0
9306,2023-01,39398.63,0.3876,685.0,19274.78,0,Salaried,Group B,0
9389,2023-01,43617.87,0.28192,640.0,12658.48,1,Self employed,Group B,0
9390,2023-01,70951.68,0.20657,609.0,24245.27,0,Self employed,Group A,1
9398,2023-01,56372.42,0.23959,737.0,11352.02,1,Salaried,Group A,1
9449,2023-01,33942.87,0.54405,763.0,9775.74,1,Salaried,Group B,0
9519,2023-01,57933.53,0.36099,848.0,27573.73,1,Self employed,Group B,0
9565,2023-01,36599.11,0.28112,703.0,5727.85,1,Contract,Group B,1
9604,2023-01,23353.72,0.45262,766.0,7311.18,0,Salaried,Group A,0
9607,2023-01,43989.72,0.08545,754.0,11070.47,0,Salaried,Group A,0
9645,2023-01,37426.11,0.54682,738.0,16241.73,0,Self employed,Group B,1
9749,2023-01,32042.48,0.38408,686.0,13827.66,1,Contract,Group A,0
9760,2023-01,29966.44,0.69765,759.0,6139.46,0,Salaried,Group A,0
9778,2023-01,57331.41,0.31388,729.0,41605.65,0,Salaried,Group B,0
9786,2023-01,97936.73,0.30212,742.0,55666.0,1,Salaried,Group A,0
9798,2023-01,94400.98,0.35135,662.0,13224.41,0,Salaried,Group B,0
9809,2023-01,154798.66,0.73586,726.0,11391.12,0,Self employed,Group B,0
9810,2023-01,42396.18,0.22563,590.0,29143.48,0,Contract,Group B,1
9855,2023-01,92654.91,0.47969,752.0,15612.84,2,Contract,Group A,1
9887,2023-01,29532.26,0.19767,635.0,8949.48,0,Salaried,Group A,0
9894,2023-01,36381.02,0.42795,698.0,23927.98,1,Salaried,Group A,1
9906,2023-01,87242.73,0.38581,674.0,14390.45,0,Salaried,Group A,0
9923,2023-01,51955.73,0.34887,581.0,48845.05,0,Self employed,Group B,0
9941,2023-01,52700.04,0.47621,760.0,15743.22,1,Salaried,Group B,0
9956,2023-01,72313.98,0.08968,709.0,66729.09,0,Self employed,Group B,0
9957,2023-01,116767.16,0.11127,710.0,9221.22,1,Salaried,Group A,0
9964,2023-01,86236.22,0.2221,650.0,12745.1,0,Salaried,Group A,1
9965,2023-01,45363.16,0.20988,756.0,13447.3,0,Salaried,Group A,0
9991,2023-01,48301.39,0.24044,689.0,21838.84,0,Contract,Group A,1
9995,2023-01,72316.93,0.20685,645.0,16684.5,0,Self employed,Group A,0
22,2023-02,78344.36,0.25809,573.0,12167.28,0,Salaried,Group A,1
48,2023-02,47892.4,0.10912,584.0,9103.8,0,Salaried,Group B,0
49,2023-02,51533.41,0.13417,733.0,13733.51,0,Self employed,Group A,0
54,2023-02,53286.44,0.54227,642.0,17316.17,0,Salaried,Group A,0
60,2023-02,66607.69,0.31653,747.0,9200.32,0,Contract,Group A,0
61,2023-02,50706.31,0.08591,615.0,8471.75,0,Salaried,Group A,0
74,2023-02,70367.66,0.13078,588.0,7418.32,0,Salaried,Group A,1
79,2023-02,51670.14,0.0808,630.0,18311.24,0,Salaried,Group A,0
81,2023-02,91351.46,0.38315,652.0,8030.25,0,Contract,Group B,0
92,2023-02,45538.59,0.23562,714.0,38825.1,0,Salaried,Group B,0
133,2023-02,36536.12,0.0596,727.0,5510.97,0,Salaried,Group A,0
155,2023-02,31945.68,0.36784,621.0,5818.43,1,Salaried,Group B,0
197,2023-02,78351.41,0.50729,668.0,13106.09,0,Salaried,Group B,0
257,2023-02,53729.31,0.26143,534.0,19750.34,0,Salaried,Group A,1
263,2023-02,29061.12,0.66089,666.0,3171.41,1,Salaried,Group A,0
272,2023-02,65119.73,0.25772,683.0,15343.41,1,Salaried,Group A,0
285,2023-02,145616.86,0.4587,799.0,10957.62,0,Self employed,Group B,0
410,2023-02,38192.03,0.4329,669.0,12086.37,0,Self employed,Group B,1
419,2023-02,78397.28,0.293,595.0,12788.97,0,Self employed,Group A,1
495,2023-02,64487.33,0.43093,673.0,17623.89,0,Contract,Group B,0
534,2023-02,27517.16,0.41035,719.0,18100.69,0,Self employed,Group B,1
538,2023-02,66416.32,0.2712,522.0,26490.88,0,Self employed,Group B,1
566,2023-02,35374.99,0.27717,648.0,18481.15,2,Salaried,Group B,0
576,2023-02,48804.37,0.19366,671.0,35981.46,1,Salaried,Group B,0
585,2023-02,168939.21,0.37037,622.0,7775.13,0,Salaried,Group A,0
612,2023-02,35620.01,0.21315,732.0,12471.1,1,Salaried,Group A,0
625,2023-02,111311.08,0.33845,653.0,12087.58,0,Contract,Group A,0
652,2023-02,62820.49,0.18147,625.0,75000.0,0,Salaried,Group A,0
685,2023-02,63012.16,0.02642,677.0,24484.68,0,Salaried,Group A,0
691,2023-02,91806.13,0.13846,692.0,16979.78,0,Salaried,Group B,0
699,2023-02,62776.28,0.03218,577.0,8155.5,0,Self employed,Group B,0
726,2023-02,64789.22,0.08876,729.0,11785.25,0,Salaried,Group A,0
763,2023-02,114052.27,0.21479,728.0,15004.56,0,Salaried,Group A,0
790,2023-02,20751.06,0.57623,759.0,9569.01,0,Self employed,Group A,0
814,2023-02,37118.19,0.13333,710.0,6701.4,0,Salaried,Group A,0
842,2023-02,51280.5,0.12589,780.0,13729.27,0,Salaried,Group B,0
847,2023-02,46967.57,0.15579,767.0,5337.85,0,Self employed,Group A,0
878,2023-02,63118.25,0.24772,625.0,18446.42,0,Salaried,Group A,0
920,2023-02,122928.49,0.1563,644.0,25056.74,0,Salaried,Group A,0
972,2023-02,27439.56,0.2035,666.0,17730.88,1,Contract,Group B,1
986,2023-02,65137.98,0.21495,657.0,75000.0,1,Salaried,Group A,0
987,2023-02,41846.6,0.18741,595.0,22794.05,0,Salaried,Group A,1
1004,2023-02,25898.3,0.37392,682.0,10669.53,1,Salaried,Group A,0
1074,2023-02,158742.04,0.26028,718.0,75000.0,0,Salaried,Group A,0
1166,2023-02,39467.9,0.44672,605.0,11404.27,0,Salaried,Group A,1
1241,2023-02,103404.49,0.24419,702.0,13413.72,0,Salaried,Group A,0
1298,2023-02,26057.29,0.68171,549.0,6697.53,1,Contract,Group A,1
1312,2023-02,38361.64,0.36293,547.0,21524.0,0,Contract,Group A,1
1320,2023-02,48236.69,0.3431,683.0,10065.97,0,Salaried,Group A,0
1375,2023-02,48631.12,0.51625,687.0,6985.09,0,Salaried,Group A,0
1407,2023-02,27705.61,0.44405,785.0,10630.91,1,Self employed,Group A,0
1423,2023-02,45662.99,0.3647,671.0,37426.2,1,Self employed,Group A,0
1440,2023-02,37652.87,0.26091,690.0,22129.13,0,Salaried,Group B,0
1493,2023-02,45026.81,0.19085,585.0,22230.03,0,Contract,Group B,0
1509,2023-02,70694.05,0.45689,655.0,11795.49,1,Salaried,Group A,0
1524,2023-02,27484.78,0.59646,709.0,5129.57,0,Salaried,Group B,0
1529,2023-02,20657.71,0.2497,647.0,10647.37,1,Salaried,Group A,0
1550,2023-02,44099.38,0.33991,689.0,22070.61,0,Salaried,Group B,1
1599,2023-02,47942.48,0.05053,643.0,8716.96,0,Salaried,Group B,1
1640,2023-02,32142.99,0.22389,684.0,10505.95,0,Salaried,Group B,0
1650,2023-02,49141.92,0.35504,715.0,32046.54,0,Salaried,Group A,0
1675,2023-02,75935.99,0.29645,673.0,14227.5,0,Salaried,Group B,0
1684,2023-02,64019.15,0.39018,688.0,25869.06,1,Self employed,Group A,0
1736,2023-02,58686.21,0.40086,663.0,18850.13,0,Salaried,Group B,0
1751,2023-02,20180.44,0.31014,607.0,7036.65,1,Self employed,Group B,0
1873,2023-02,68557.91,0.54204,732.0,9096.72,1,Self employed,Group A,0
1879,2023-02,98484.67,0.09603,793.0,13198.34,0,Contract,Group B,0
1903,2023-02,86159.18,0.28238,669.0,3981.28,0,Salaried,Group A,0
1956,2023-02,28676.94,0.31271,715.0,5681.35,1,Contract,Group B,0
1987,2023-02,84967.32,0.01929,737.0,4194.66,0,Salaried,Group B,0
2012,2023-02,48552.15,0.09353,580.0,31074.1,0,Salaried,Group B,1
2024,2023-02,44182.73,0.07122,590.0,7466.27,0,Contract,Group A,0
2098,2023-02,40383.55,0.24658,716.0,11924.28,0,Salaried,Group A,0
2127,2023-02,17168.72,0.1569,671.0,16174.1,0,Self employed,Group A,0
2129,2023-02,73813.91,0.05648,684.0,9406.22,1,Salaried,Group A,0
2164,2023-02,36537.09,0.20899,828.0,4573.27,0,Salaried,Group B,0
2194,2023-02,58864.84,0.18187,690.0,11453.29,0,Salaried,Group A,0
2291,2023-02,78675.79,0.62418,632.0,22340.8,0,Salaried,Group B,1
2292,2023-02,65736.43,0.15064,534.0,12284.21,0,Contract,Group A,1
2349,2023-02,41154.49,0.29156,703.0,16470.1,0,Salaried,Group B,1
2350,2023-02,30209.43,0.65958,560.0,10157.51,0,Salaried,Group B,0
2358,2023-02,35922.01,0.19963,638.0,8195.96,0,Salaried,Group A,0
2380,2023-02,28911.65,0.03538,711.0,39973.86,0,Contract,Group A,0
2389,2023-02,192790.5,0.0779,710.0,50883.96,0,Salaried,Group A,0
2411,2023-02,22979.85,0.16525,674.0,16657.46,1,Salaried,Group A,0
2450,2023-02,63670.63,0.4189,734.0,47263.02,0,Salaried,Group B,0
2452,2023-02,86362.56,0.57401,693.0,10969.24,0,Contract,Group B,1
2484,2023-02,40024.81,0.25971,522.0,32409.6,0,Contract,Group B,1
2513,2023-02,70171.59,0.20389,627.0,25620.52,0,Salaried,Group B,1
2553,2023-02,143395.93,0.09092,800.0,57497.75,0,Salaried,Group B,0
2630,2023-02,35527.35,0.53581,678.0,24330.82,1,Contract,Group B,0
2632,2023-02,72595.45,0.04796,639.0,16351.22,0,Contract,Group B,0
2657,2023-02,46045.28,0.22515,585.0,28518.39,0,Self employed,Group B,1
2692,2023-02,23960.59,0.50052,661.0,17389.47,0,Salaried,Group B,0
2724,2023-02,54253.31,0.07163,716.0,8604.52,0,Self employed,Group A,0
2753,2023-02,133136.75,0.46704,633.0,16399.86,0,Salaried,Group A,0
2757,2023-02,51750.71,0.16164,658.0,17250.19,1,Salaried,Group A,1
2771,2023-02,39796.95,0.18959,647.0,75000.0,0,Salaried,Group A,0
2777,2023-02,36141.09,0.29598,735.0,15719.04,0,Self employed,Group B,0
2795,2023-02,37633.92,0.08805,744.0,65157.1,0,Self employed,Group B,0
2802,2023-02,47931.45,0.37909,715.0,7044.75,0,Self employed,Group A,0
2809,2023-02,36130.92,0.22926,677.0,14399.09,0,Salaried,Group B,0
2852,2023-02,55777.03,0.19348,588.0,15886.91,0,Salaried,Group A,0
2856,2023-02,,0.33383,656.0,11623.16,1,Salaried,Group B,1
2894,2023-02,18405.52,0.38039,599.0,14070.16,0,Salaried,Group A,1
2974,2023-02,74935.22,0.57847,570.0,63499.41,2,Salaried,Group B,1
3044,2023-02,68613.64,0.60269,793.0,10498.13,0,Self employed,Group B,0
3072,2023-02,71908.37,0.15589,586.0,18517.78,0,Salaried,Group B,0
3094,2023-02,87534.08,0.35222,645.0,22342.71,1,Salaried,Group A,0
3116,2023-02,27510.34,0.12783,645.0,14565.9,0,Salaried,Group B,0
3133,2023-02,42470.6,0.16884,739.0,15562.85,0,Salaried,Group A,0
3152,2023-02,50135.05,0.44568,748.0,10487.05,0,Self employed,Group A,1
3153,2023-02,42032.95,0.41181,666.0,34231.73,0,Salaried,Group B,0
3193,2023-02,38617.01,0.13132,727.0,11457.06,0,Salaried,Group B,0
3218,2023-02,40229.83,0.35172,634.0,17854.41,0,Salaried,Group A,0
3229,2023-02,74434.57,0.18428,738.0,30360.49,0,Salaried,Group A,0
3239,2023-02,87001.36,0.12398,633.0,31625.34,0,Self employed,Group B,0
3251,2023-02,51367.79,0.24509,548.0,34238.59,0,Salaried,Group A,0
3258,2023-02,64018.78,0.18692,693.0,21372.95,0,Self employed,Group A,0
3278,2023-02,82269.88,0.28877,657.0,30872.16,1,Self employed,Group B,0
3281,2023-02,74047.2,0.07946,731.0,25203.65,0,Salaried,Group B,0
3360,2023-02,42298.2,0.18324,602.0,49441.33,0,Self employed,Group B,0
3363,2023-02,85829.47,0.176,646.0,41079.87,0,Contract,Group A,1
3389,2023-02,46749.78,0.06474,673.0,9535.51,0,Salaried,Group A,0
3400,2023-02,38684.2,0.17389,581.0,14506.86,0,Self employed,Group A,0
3405,2023-02,82226.43,0.05707,651.0,4507.62,0,Salaried,Group A,0
3416,2023-02,15977.23,0.25956,667.0,16584.43,0,Salaried,Group A,0
3460,2023-02,24370.32,0.12678,684.0,13874.47,0,Salaried,Group B,0
3477,2023-02,55297.87,0.21791,676.0,39496.39,1,Salaried,Group B,0
3503,2023-02,30886.51,0.31557,683.0,22050.61,1,Contract,Group A,1
3534,2023-02,23352.18,0.10925,684.0,7025.16,1,Salaried,Group A,0
3543,2023-02,60691.24,0.64221,626.0,20140.52,0,Salaried,Group B,1
3551,2023-02,25658.29,0.0734,696.0,22559.62,1,Salaried,Group A,0
3560,2023-02,41023.97,0.30109,636.0,9358.13,0,Salaried,Group A,0
3571,2023-02,59681.17,0.04951,590.0,25517.28,0,Salaried,Group A,0
3612,2023-02,248816.7,0.14531,790.0,55542.93,0,Salaried,Group A,0
3630,2023-02,36415.11,0.35293,698.0,6292.43,0,Salaried,Group A,0
3634,2023-02,33496.35,0.14737,691.0,20886.37,1,Self employed,Group B,0
3639,2023-02,96075.55,0.23062,587.0,17420.37,0,Salaried,Group A,0
3646,2023-02,40930.97,0.11404,602.0,18457.14,0,Salaried,Group A,1
3651,2023-02,80253.03,0.45529,698.0,13084.32,0,Contract,Group A,0
3657,2023-02,66154.07,0.27126,683.0,54065.87,0,Contract,Group B,0
3674,2023-02,87413.71,0.48468,845.0,5373.03,1,Salaried,Group B,0
3696,2023-02,83258.77,0.14029,631.0,11905.06,1,Salaried,Group B,0
3746,2023-02,52887.97,0.48161,564.0,35177.8,0,Self employed,Group B,1
3768,2023-02,48867.62,0.18689,826.0,10126.09,0,Contract,Group A,0
3769,2023-02,46816.89,0.74078,642.0,10818.52,1,Salaried,Group A,1
3771,2023-02,47110.87,0.18941,740.0,18730.67,0,Contract,Group B,0
3801,2023-02,99529.68,0.17286,658.0,18538.73,0,Salaried,Group A,0
3802,2023-02,92997.29,0.20217,596.0,24317.83,0,Salaried,Group A,1
3811,2023-02,94938.03,0.25603,636.0,11012.15,1,Salaried,Group B,0
3831,2023-02,86607.91,0.15799,731.0,8974.79,0,Salaried,Group A,0
3888,2023-02,54368.12,0.03857,522.0,7663.94,1,Self employed,Group A,1
3894,2023-02,69156.18,0.11445,677.0,6929.49,1,Contract,Group A,0
4025,2023-02,34498.9,0.34711,749.0,13719.13,0,Salaried,Group B,0
4040,2023-02,94331.85,0.29821,729.0,17979.97,0,Salaried,Group A,0
4051,2023-02,59247.05,0.52123,624.0,7000.93,1,Salaried,Group B,1
4052,2023-02,49253.02,0.12288,620.0,11390.54,0,Self employed,Group A,0
4091,2023-02,73444.71,0.2823,714.0,31390.87,1,Self employed,Group A,0
4139,2023-02,67256.32,0.41443,759.0,19295.85,0,Salaried,Group B,0
4147,2023-02,25453.02,0.14286,687.0,27840.17,0,Salaried,Group A,0
4165,2023-02,18077.77,0.27098,650.0,7490.26,0,Salaried,Group B,0
4192,2023-02,119323.02,0.13418,674.0,22690.79,0,Self employed,Group A,0
4207,2023-02,75988.13,0.52752,571.0,26423.12,1,Contract,Group A,1
4254,2023-02,85968.86,0.17509,739.0,7682.37,0,Salaried,Group B,0
4269,2023-02,75125.42,0.39845,633.0,26703.33,0,Salaried,Group B,0
4281,2023-02,32402.98,0.2663,806.0,13188.23,0,Salaried,Group A,0
4287,2023-02,32179.3,0.21806,626.0,6888.68,1,Salaried,Group A,1
4312,2023-02,26254.96,0.14804,673.0,20271.99,1,Salaried,Group B,0
4333,2023-02,92332.12,0.26576,536.0,7094.85,0,Self employed,Group B,0
4340,2023-02,47083.32,0.11243,605.0,18340.0,1,Salaried,Group B,1
4341,2023-02,30171.58,0.18142,574.0,17786.84,0,Salaried,Group B,0
4347,2023-02,28839.74,0.15464,544.0,17026.61,0,Salaried,Group B,0
4351,2023-02,52800.09,0.16804,747.0,8972.18,0,Self employed,Group A,0
4413,2023-02,61287.93,0.49422,598.0,21663.88,0,Salaried,Group B,0
4452,2023-02,40588.28,0.28607,569.0,17263.42,0,Salaried,Group A,1
4496,2023-02,73255.86,0.45308,587.0,40599.95,0,Contract,Group B,1
4519,2023-02,38715.0,0.3838,531.0,8226.93,0,Contract,Group A,1
4524,2023-02,68261.96,0.12587,669.0,19020.49,0,Self employed,Group A,0
4540,2023-02,38762.21,0.15547,695.0,20281.63,0,Salaried,Group B,1
4548,2023-02,121421.5,0.57302,656.0,26780.93,0,Self employed,Group A,0
4561,2023-02,50069.49,0.42044,441.0,33116.6,0,Salaried,Group B,1
4571,2023-02,94072.67,0.30208,545.0,8160.26,1,Salaried,Group A,1
4592,2023-02,67300.12,0.31673,599.0,16999.02,0,Self employed,Group A,0
4602,2023-02,49491.8,0.21804,712.0,6497.15,0,Contract,Group A,1
4639,2023-02,76990.36,0.36313,637.0,7141.59,0,Salaried,Group B,1
4642,2023-02,42172.68,0.11903,713.0,30279.39,0,Contract,Group A,0
4668,2023-02,42100.66,0.45264,691.0,5912.03,0,Salaried,Group B,1
4674,2023-02,36099.12,0.40346,607.0,75000.0,0,Salaried,Group A,1
4690,2023-02,57867.86,0.19116,583.0,16552.69,2,Salaried,Group B,1
4701,2023-02,29477.64,0.43143,722.0,30721.58,0,Self employed,Group A,1
4710,2023-02,78071.27,0.20597,643.0,34056.74,1,Salaried,Group A,1
4763,2023-02,47043.7,0.42877,689.0,11700.61,0,Salaried,Group A,1
4788,2023-02,47230.49,0.16451,812.0,15666.0,0,Salaried,Group B,0
4839,2023-02,44839.85,0.06647,696.0,6566.14,1,Salaried,Group B,1
4881,2023-02,54890.62,0.32724,643.0,23175.36,0,Contract,Group A,1
4931,2023-02,234694.21,0.09099,586.0,10229.2,0,Salaried,Group A,0
4981,2023-02,40870.33,0.54428,672.0,12563.83,0,Salaried,Group B,1
4986,2023-02,72855.89,0.21707,705.0,24220.42,0,Salaried,Group B,0
4987,2023-02,87442.57,0.35582,704.0,13257.5,1,Salaried,Group A,0
5052,2023-02,42549.47,0.3191,544.0,24431.04,0,Salaried,Group A,0
5070,2023-02,98629.72,0.14117,591.0,11469.27,0,Salaried,Group A,0
5104,2023-02,72711.68,0.17035,606.0,22860.99,0,Salaried,Group A,1
5126,2023-02,23752.57,0.06329,683.0,14253.03,0,Salaried,Group B,0
5136,2023-02,71383.15,0.18038,602.0,12928.62,0,Contract,Group B,0
5148,2023-02,46553.31,0.17083,712.0,5961.0,0,Salaried,Group A,0
5166,2023-02,53490.82,0.12216,677.0,21878.67,0,Self employed,Group A,0
5169,2023-02,32215.2,0.15834,695.0,57866.94,0,Contract,Group A,0
5182,2023-02,95659.67,0.33469,647.0,27387.72,1,Salaried,Group A,1
5203,2023-02,95570.63,0.50253,806.0,14495.3,0,Salaried,Group A,0
5208,2023-02,98662.03,0.45373,697.0,28219.04,2,Salaried,Group A,1
5219,2023-02,157303.68,0.24751,707.0,5447.82,0,Salaried,Group A,0
5250,2023-02,34117.71,0.41442,539.0,9298.38,0,Salaried,Group B,0
5252,2023-02,57712.51,0.13232,740.0,10381.49,0,Salaried,Group B,0
5258,2023-02,125044.9,0.19323,714.0,26660.31,1,Salaried,Group B,0
5271,2023-02,38437.36,0.46305,596.0,20367.6,1,Salaried,Group B,1
5285,2023-02,71798.46,0.10937,745.0,10715.66,0,Salaried,Group A,0
5288,2023-02,53892.7,0.20327,722.0,18789.56,0,Salaried,Group A,0
5304,2023-02,86165.96,0.21624,836.0,4350.89,0,Salaried,Group A,0
5335,2023-02,18642.14,0.06554,695.0,26897.78,1,Salaried,Group A,0
5426,2023-02,134726.7,0.1732,690.0,13180.51,0,Salaried,Group A,0
5457,2023-02,42281.1,0.34624,686.0,7079.72,0,Salaried,Group B,0
5474,2023-02,85282.19,0.21075,711.0,7349.78,0,Contract,Group A,0
5489,2023-02,35867.03,0.28915,527.0,6214.96,0,Self employed,Group B,0
5494,2023-02,72448.84,0.59402,629.0,31119.7,0,Salaried,Group A,1
5536,2023-02,55379.25,0.40905,730.0,4904.11,0,Contract,Group B,0
5558,2023-02,43583.46,0.19253,749.0,5814.84,0,Salaried,Group B,0
5563,2023-02,109430.57,0.13734,780.0,22620.13,0,Self employed,Group A,0
5575,2023-02,20676.72,0.20795,708.0,14304.35,0,Salaried,Group B,0
5579,2023-02,35327.2,0.1956,672.0,14839.41,0,Salaried,Group A,0
5584,2023-02,106686.64,0.27293,681.0,11491.07,1,Salaried,Group B,0
5601,2023-02,113938.39,0.43607,734.0,7217.88,0,Salaried,Group B,0
5611,2023-02,159989.79,0.21791,615.0,22866.78,0,Salaried,Group A,1
5622,2023-02,39366.04,0.42036,636.0,4431.04,1,Contract,Group B,1
5652,2023-02,82694.12,0.08721,596.0,10918.01,0,Self employed,Group A,0
5657,2023-02,38411.6,0.27146,635.0,16279.84,0,Salaried,Group A,1
5676,2023-02,38582.57,0.03702,792.0,3717.44,0,Salaried,Group A,0
5687,2023-02,72579.43,0.53613,431.0,10943.15,2,Salaried,Group B,1
5693,2023-02,54923.45,0.24333,694.0,8095.08,1,Self employed,Group A,0
5770,2023-02,43742.93,0.04267,626.0,13702.44,2,Self employed,Group A,0
5840,2023-02,84698.81,0.37063,667.0,10144.65,2,Salaried,Group B,0
5863,2023-02,51827.88,0.24015,718.0,30788.63,0,Salaried,Group B,0
5870,2023-02,65430.74,0.64439,619.0,36057.23,0,Salaried,Group B,0
5881,2023-02,50590.75,0.11357,813.0,23020.96,0,Contract,Group A,0
5919,2023-02,59483.33,0.38271,770.0,35440.83,0,Salaried,Group B,0
5923,2023-02,65143.89,0.40377,673.0,8980.54,0,Contract,Group B,0
5931,2023-02,76647.96,0.41229,756.0,10079.04,1,Salaried,Group A,0
5966,2023-02,102855.05,0.31742,608.0,20182.28,0,Salaried,Group A,1
5985,2023-02,88398.85,0.18396,562.0,6497.39,1,Self employed,Group B,0
6025,2023-02,48893.03,0.30916,673.0,2573.41,1,Self employed,Group A,0
6078,2023-02,53799.35,0.43122,723.0,11545.85,0,Salaried,Group A,0
6103,2023-02,45609.35,0.05507,604.0,16797.27,0,Self employed,Group A,0
6104,2023-02,36920.51,0.15597,637.0,46731.88,0,Self employed,Group A,0
6228,2023-02,33033.21,0.36774,724.0,16347.43,1,Contract,Group A,0
6251,2023-02,70290.86,0.09324,602.0,8624.3,0,Salaried,Group A,1
6256,2023-02,49376.59,0.29371,688.0,7486.6,0,Salaried,Group B,0
6335,2023-02,48596.84,0.52868,691.0,18283.66,0,Salaried,Group B,1
6357,2023-02,39304.68,0.29672,649.0,8760.63,0,Contract,Group A,0
6382,2023-02,46428.85,0.14086,691.0,16536.79,0,Self employed,Group B,0
6385,2023-02,36721.91,0.46316,494.0,10224.9,0,Salaried,Group A,1
6392,2023-02,30427.78,0.3623,600.0,22085.15,1,Salaried,Group A,1
6423,2023-02,43421.98,0.22834,706.0,6411.65,1,Self employed,Group B,0
6475,2023-02,66162.57,0.06542,675.0,75000.0,0,Salaried,Group B,0
6480,2023-02,117872.81,0.32386,709.0,6384.25,1,Salaried,Group B,0
6547,2023-02,42759.76,0.41922,742.0,33144.09,0,Salaried,Group B,0
6584,2023-02,52920.64,0.55306,736.0,6927.43,1,Salaried,Group B,0
6633,2023-02,99136.76,0.28733,708.0,9965.8,0,Salaried,Group A,0
6661,2023-02,89217.22,0.34569,702.0,34826.33,0,Salaried,Group A,0
6672,2023-02,42256.83,0.24292,577.0,5306.86,0,Salaried,Group A,0
6682,2023-02,36896.46,0.14443,633.0,11562.43,1,Salaried,Group B,0
6782,2023-02,27413.02,0.12174,600.0,3696.88,0,Contract,Group A,0
6783,2023-02,79675.9,0.1358,640.0,37425.6,0,Salaried,Group A,0
6822,2023-02,41431.87,0.17232,724.0,2551.19,1,Salaried,Group A,0
6823,2023-02,75841.08,0.27231,588.0,59221.25,1,Salaried,Group A,1
6840,2023-02,53597.76,0.24156,666.0,13326.55,0,Salaried,Group B,0
6846,2023-02,52703.85,0.27193,665.0,6624.85,2,Self employed,Group A,0
6875,2023-02,22748.64,0.14608,588.0,18768.75,1,Salaried,Group A,1
6902,2023-02,127140.71,0.40845,664.0,11276.61,0,Self employed,Group B,0
6911,2023-02,49743.08,0.25689,685.0,7506.4,0,Salaried,Group A,1
7011,2023-02,72189.74,0.5908,716.0,8222.13,0,Salaried,Group B,0
7037,2023-02,41542.72,0.51861,760.0,7471.15,1,Salaried,Group A,0
7089,2023-02,106369.21,0.13987,553.0,9187.35,1,Self employed,Group B,0
7099,2023-02,37101.16,0.48581,616.0,8905.5,0,Salaried,Group A,1
7160,2023-02,58959.25,0.3753,675.0,3067.07,0,Contract,Group A,0
7165,2023-02,53224.02,0.10058,793.0,19075.44,0,Self employed,Group A,0
7169,2023-02,59353.53,0.41859,592.0,31031.75,1,Salaried,Group B,1
7185,2023-02,35117.38,0.28157,669.0,17156.12,0,Salaried,Group A,0
7192,2023-02,50410.6,0.52193,711.0,25115.69,0,Self employed,Group B,0
7205,2023-02,64541.46,0.35772,728.0,16937.16,0,Salaried,Group B,0
7211,2023-02,72936.46,0.32243,694.0,31217.01,0,Self employed,Group B,0
7268,2023-02,60527.34,0.17991,714.0,10360.6,0,Self employed,Group A,0
7343,2023-02,55049.4,0.14262,679.0,22239.83,0,Salaried,Group A,0
7365,2023-02,36947.65,0.16878,752.0,8298.44,0,Self employed,Group B,0
7404,2023-02,41457.69,0.20547,805.0,9847.43,1,Salaried,Group B,0
7446,2023-02,53262.93,0.2117,584.0,11325.74,0,Salaried,Group B,1
7460,2023-02,58896.92,0.12486,598.0,33937.7,0,Salaried,Group A,1
7553,2023-02,75853.01,0.19433,595.0,20940.14,0,Salaried,Group B,0
7614,2023-02,45567.75,0.20052,732.0,8709.31,1,Self employed,Group A,0
7643,2023-02,,0.29178,759.0,15056.07,0,Salaried,Group B,0
7671,2023-02,35425.58,0.37818,630.0,19424.89,1,Salaried,Group B,1
7686,2023-02,57449.52,0.40993,722.0,23497.79,1,Contract,Group B,0
7697,2023-02,35888.11,0.01474,694.0,11882.11,0,Salaried,Group A,0
7718,2023-02,30868.6,0.12078,736.0,11497.65,0,Salaried,Group B,0
7730,2023-02,44315.38,0.25357,757.0,16881.65,0,Self employed,Group A,0
7750,2023-02,27348.68,0.15721,738.0,6939.06,0,Salaried,Group A,0
7772,2023-02,36377.54,0.45608,674.0,16293.89,1,Salaried,Group A,1
7824,2023-02,96910.19,0.23049,697.0,8976.96,0,Salaried,Group A,0
7828,2023-02,61111.0,0.4215,698.0,10777.25,1,Contract,Group B,0
7878,2023-02,58281.0,0.49587,721.0,10763.1,0,Contract,Group B,0
7883,2023-02,56760.52,0.10919,703.0,27941.68,1,Salaried,Group B,0
7897,2023-02,105227.2,0.20544,676.0,6293.68,0,Salaried,Group B,0
7918,2023-02,29786.73,0.14495,686.0,10960.24,0,Self employed,Group A,0
7955,2023-02,72758.76,0.49691,832.0,8794.21,1,Contract,Group A,0
7964,2023-02,43482.11,0.29824,736.0,9810.87,0,Contract,Group A,0
7988,2023-02,66749.51,0.10839,614.0,12289.62,1,Contract,Group B,0
8061,2023-02,50230.86,0.14354,661.0,10693.44,0,Salaried,Group A,1
8071,2023-02,86322.04,0.12733,785.0,7375.69,1,Salaried,Group A,0
8099,2023-02,47437.81,0.54884,616.0,6851.52,0,Salaried,Group A,0
8147,2023-02,72222.31,0.17107,679.0,5508.27,0,Salaried,Group A,0
8157,2023-02,104708.63,0.14913,599.0,22725.95,0,Salaried,Group B,0
8167,2023-02,72525.5,0.14229,678.0,6371.51,0,Salaried,Group A,0
8188,2023-02,68465.75,0.22112,655.0,12921.4,1,Salaried,Group A,0
8189,2023-02,82417.0,0.25918,600.0,26522.98,0,Salaried,Group A,0
8225,2023-02,77838.64,0.20611,539.0,13133.02,1,Salaried,Group B,0
8241,2023-02,68752.96,0.11346,676.0,21683.32,2,Contract,Group B,1
8243,2023-02,67094.89,0.26396,666.0,33974.45,1,Self employed,Group B,0
8265,2023-02,96562.68,0.0507,663.0,15778.51,0,Contract,Group A,0
8281,2023-02,73645.41,0.18721,683.0,18215.38,0,Self employed,Group B,0
8354,2023-02,59196.94,0.09846,668.0,9307.35,0,Self employed,Group A,0
8400,2023-02,37545.14,0.2473,674.0,13493.24,0,Contract,Group A,0
8432,2023-02,63629.08,0.25432,671.0,38225.99,0,Salaried,Group B,0
8441,2023-02,33813.19,0.05422,592.0,9048.52,0,Contract,Group A,0
8476,2023-02,18558.14,0.48012,640.0,15933.73,0,Self employed,Group A,1
8560,2023-02,46343.46,0.48869,598.0,7736.58,1,Salaried,Group A,1
8568,2023-02,28532.45,0.14833,644.0,13829.55,0,Salaried,Group B,0
8569,2023-02,76534.46,0.09051,653.0,19387.28,0,Contract,Group A,0
8602,2023-02,82023.05,0.19768,679.0,15264.03,0,Salaried,Group B,0
8605,2023-02,26299.0,0.14663,592.0,7732.0,2,Salaried,Group A,1
8634,2023-02,85324.78,0.3255,679.0,16229.38,0,Salaried,Group B,0
8636,2023-02,44725.12,0.33745,595.0,20575.7,0,Salaried,Group A,0
8640,2023-02,44936.65,0.42649,670.0,6267.45,1,Self employed,Group B,0
8655,2023-02,36824.95,0.66165,681.0,12460.71,0,Salaried,Group B,1
8709,2023-02,47587.9,0.20841,638.0,21763.38,0,Salaried,Group B,0
8729,2023-02,33819.85,0.17356,742.0,6939.87,1,Contract,Group A,0
8758,2023-02,77622.97,0.1621,706.0,48128.22,0,Salaried,Group B,0
8795,2023-02,67701.23,0.40057,691.0,21644.0,1,Salaried,Group B,0
8873,2023-02,44177.73,0.31995,737.0,18109.54,0,Salaried,Group A,0
8967,2023-02,43049.15,0.21101,561.0,16797.42,1,Salaried,Group A,0
9002,2023-02,38993.62,0.0981,600.0,36667.07,0,Self employed,Group B,0
9014,2023-02,53094.25,0.40973,737.0,16498.43,0,Salaried,Group A,0
9042,2023-02,63040.04,0.03449,687.0,7399.62,1,Self employed,Group A,0
9066,2023-02,57299.38,0.34178,697.0,13287.89,0,Salaried,Group B,1
9078,2023-02,29397.63,0.14238,583.0,31746.1,0,Self employed,Group A,0
9085,2023-02,73133.36,0.30731,746.0,23544.27,0,Salaried,Group A,0
9086,2023-02,52118.24,0.24062,678.0,17897.61,0,Salaried,Group B,1
9089,2023-02,85040.43,0.29816,671.0,13083.61,1,Self employed,Group B,1
9108,2023-02,30240.36,0.1078,749.0,10814.09,0,Salaried,Group B,0
9138,2023-02,26241.57,0.32448,713.0,10931.06,0,Contract,Group B,0
9181,2023-02,135873.3,0.3248,741.0,4255.31,0,Salaried,Group B,0
9188,2023-02,85512.09,0.345,568.0,21387.11,2,Salaried,Group A,0
9194,2023-02,,0.10966,638.0,37161.06,0,Salaried,Group B,0
9221,2023-02,66244.36,0.32729,850.0,9269.05,0,Self employed,Group B,0
9244,2023-02,101907.07,0.22117,777.0,23846.8,0,Salaried,Group A,0
9246,2023-02,33936.79,0.13397,796.0,19987.97,2,Salaried,Group A,0
9251,2023-02,72041.34,0.24592,798.0,16533.27,1,Salaried,Group B,0
9267,2023-02,,0.1686,717.0,15233.51,0,Salaried,Group A,0
9275,2023-02,39786.93,0.42263,633.0,5390.05,0,Salaried,Group A,0
9281,2023-02,147798.53,0.15208,435.0,17719.83,0,Self employed,Group A,1
9291,2023-02,64817.39,0.11088,674.0,6572.93,0,Salaried,Group A,0
9335,2023-02,46576.64,0.40712,517.0,23840.08,1,Salaried,Group B,1
9381,2023-02,20022.02,0.29465,609.0,17152.41,0,Salaried,Group B,0
9411,2023-02,62831.85,0.10065,810.0,9655.35,0,Salaried,Group A,0
9424,2023-02,42199.93,0.33631,657.0,10067.29,0,Self employed,Group A,1
9429,2023-02,,0.21708,621.0,12447.11,0,Salaried,Group B,1
9431,2023-02,41132.63,0.41094,687.0,20302.91,1,Self employed,Group A,0
9453,2023-02,26080.48,0.40033,624.0,6887.13,0,Salaried,Group A,0
9464,2023-02,32783.56,0.37914,617.0,14331.85,0,Self employed,Group A,0
9476,2023-02,48192.76,0.23411,614.0,13775.95,0,Self employed,Group A,0
9496,2023-02,77248.66,0.1123,678.0,15291.88,0,Salaried,Group B,0
9501,2023-02,54296.0,0.85089,752.0,17326.23,0,Salaried,Group A,1
9534,2023-02,30875.66,0.34223,701.0,12727.65,1,Self employed,Group B,0
9577,2023-02,39767.63,0.61665,735.0,36367.53,2,Salaried,Group B,1
9665,2023-02,51672.64,0.07245,630.0,6400.52,0,Salaried,Group B,1
9675,2023-02,15892.76,0.1888,701.0,10759.92,1,Salaried,Group A,0
9691,2023-02,40778.3,0.50522,692.0,5223.65,0,Salaried,Group B,0
9712,2023-02,103399.63,0.26796,724.0,11965.86,0,Self employed,Group A,0
9724,2023-02,115459.98,0.45441,688.0,9081.99,0,Self employed,Group A,0
9776,2023-02,40539.43,0.18789,678.0,10608.38,0,Salaried,Group A,0
9808,2023-02,54290.35,0.25638,760.0,19162.92,0,Salaried,Group B,0
9831,2023-02,77521.24,0.32258,580.0,12708.22,0,Salaried,Group B,1
9866,2023-02,40872.82,0.35652,607.0,13999.86,1,Contract,Group B,1
9897,2023-02,70230.16,0.03874,612.0,22045.28,0,Contract,Group A,0
9930,2023-02,98562.79,0.04343,603.0,30721.47,0,Salaried,Group B,0
9931,2023-02,53573.78,0.30579,608.0,9329.7,0,Contract,Group A,0
9966,2023-02,116412.83,0.66974,580.0,6349.96,0,Self employed,Group B,1
9979,2023-02,64555.34,0.22222,781.0,16776.57,0,Salaried,Group B,0
24,2023-03,91931.64,0.22929,726.0,14080.74,1,Contract,Group B,0
30,2023-03,28811.71,0.12662,812.0,10286.49,0,Salaried,Group B,0
40,2023-03,99991.47,0.24658,715.0,11229.87,0,Self employed,Group A,0
114,2023-03,50420.08,0.38619,749.0,11166.47,0,Salaried,Group A,0
218,2023-03,32830.2,0.16492,683.0,43716.58,0,Salaried,Group A,1
231,2023-03,45900.27,0.17478,710.0,10410.38,1,Salaried,Group A,0
235,2023-03,97320.22,0.26113,670.0,8352.3,0,Contract,Group A,0
250,2023-03,35798.34,0.52873,612.0,14991.48,0,Salaried,Group A,0
260,2023-03,109263.52,0.32468,655.0,9194.78,1,Salaried,Group B,0
329,2023-03,48298.94,0.68858,702.0,13111.63,2,Self employed,Group A,0
333,2023-03,61873.18,0.20346,738.0,11250.01,0,Self employed,Group B,0
334,2023-03,73756.77,0.10498,623.0,8367.94,0,Salaried,Group A,0
363,2023-03,53796.01,0.45148,691.0,12732.93,0,Salaried,Group A,0
428,2023-03,39018.77,0.24375,747.0,21711.75,0,Salaried,Group B,0
449,2023-03,80461.1,0.24148,568.0,27923.89,1,Self employed,Group B,0
456,2023-03,63848.34,0.595,633.0,29404.42,0,Contract,Group B,1
457,2023-03,73014.13,0.32636,572.0,11560.21,0,Salaried,Group B,0
482,2023-03,52462.57,0.32088,576.0,25251.0,0,Salaried,Group A,1
507,2023-03,80577.42,0.50598,574.0,5809.85,1,Salaried,Group A,1
509,2023-03,73113.65,0.19496,591.0,37587.53,0,Salaried,Group B,0
547,2023-03,38187.14,0.54834,560.0,6958.28,0,Salaried,Group B,0
637,2023-03,18148.85,0.09315,675.0,31021.49,1,Salaried,Group A,1
660,2023-03,85363.38,0.22807,708.0,6057.88,0,Self employed,Group A,0
688,2023-03,26310.85,0.28515,640.0,10498.74,0,Contract,Group B,1
692,2023-03,147672.06,0.30469,682.0,6274.02,0,Salaried,Group A,0
727,2023-03,72421.73,0.09931,663.0,6064.87,0,Contract,Group A,1
773,2023-03,31640.6,0.63006,761.0,23426.22,0,Salaried,Group A,0
827,2023-03,34544.55,0.37904,641.0,12570.65,0,Salaried,Group A,0
844,2023-03,76267.19,0.57435,644.0,10400.2,0,Salaried,Group B,1
862,2023-03,52110.82,0.25462,721.0,22943.69,0,Salaried,Group A,0
913,2023-03,74711.14,0.52947,692.0,11470.69,0,Self employed,Group B,0
937,2023-03,128296.54,0.2115,717.0,11379.57,0,Salaried,Group A,0
946,2023-03,48972.01,0.18736,737.0,14432.13,0,Salaried,Group A,0
954,2023-03,58057.74,0.22568,647.0,9837.86,0,Salaried,Group B,0
971,2023-03,63660.84,0.03641,737.0,10421.96,0,Salaried,Group B,0
1000,2023-03,47458.36,0.37376,630.0,24216.58,0,Salaried,Group B,0
1013,2023-03,25040.59,0.25402,626.0,11745.89,0,Salaried,Group A,1
1052,2023-03,86021.64,0.5911,782.0,20239.18,0,Contract,Group A,0
1057,2023-03,56877.67,0.32379,502.0,10948.66,0,Contract,Group A,0
1163,2023-03,17333.93,0.12117,651.0,14565.84,0,Contract,Group B,0
1171,2023-03,63991.66,0.26576,850.0,15781.63,0,Salaried,Group B,0
1196,2023-03,58763.1,0.49471,753.0,10332.8,0,Salaried,Group B,0
1198,2023-03,26731.96,0.09555,693.0,25269.4,0,Salaried,Group A,0
1206,2023-03,51566.24,0.04823,631.0,15882.73,0,Salaried,Group B,1
1219,2023-03,47072.44,0.43903,708.0,19251.83,0,Salaried,Group A,1
1236,2023-03,67871.94,0.18799,651.0,9191.9,0,Salaried,Group A,0
1240,2023-03,40048.12,0.16407,688.0,12744.31,0,Contract,Group A,0
1261,2023-03,38531.74,0.09805,667.0,42468.95,0,Salaried,Group B,0
1269,2023-03,39031.09,0.12044,664.0,7954.69,0,Contract,Group A,0
1273,2023-03,57499.47,0.26079,627.0,13493.63,0,Contract,Group B,0
1278,2023-03,32357.26,0.3594,724.0,28108.99,0,Salaried,Group A,0
1344,2023-03,34787.59,0.12432,755.0,28670.8,1,Salaried,Group B,0
1357,2023-03,101651.47,0.05016,717.0,23422.98,1,Salaried,Group B,0
1418,2023-03,44130.76,0.29853,616.0,13729.51,0,Salaried,Group B,0
1467,2023-03,51771.61,0.35463,715.0,15998.21,0,Salaried,Group A,0
1481,2023-03,32896.07,0.17615,592.0,25815.11,0,Salaried,Group A,1
1489,2023-03,78350.12,0.52121,510.0,9843.18,0,Contract,Group B,1
1492,2023-03,115297.94,0.08829,663.0,7160.1,0,Salaried,Group A,0
1507,2023-03,91677.25,0.18536,590.0,13698.19,0,Salaried,Group A,0
1511,2023-03,24175.43,0.25211,703.0,10490.83,0,Salaried,Group B,1
1561,2023-03,64643.63,0.43224,607.0,22256.72,0,Salaried,Group A,1
1567,2023-03,23196.78,0.13219,650.0,65578.18,1,Salaried,Group B,0
1692,2023-03,59472.53,0.5077,657.0,19302.49,1,Salaried,Group B,0
1733,2023-03,80915.11,0.25353,626.0,6819.07,0,Self employed,Group A,0
1741,2023-03,22157.64,0.25429,718.0,7915.01,0,Self employed,Group A,0
1744,2023-03,35747.55,0.10564,624.0,12364.78,0,Salaried,Group B,1
1765,2023-03,85834.64,0.37965,788.0,11157.62,1,Salaried,Group B,0
1767,2023-03,50491.5,0.22088,726.0,19918.26,0,Salaried,Group A,0
1799,2023-03,136665.51,0.23493,655.0,4504.42,0,Salaried,Group A,0
1800,2023-03,42196.46,0.10059,786.0,11529.74,0,Salaried,Group B,0
1823,2023-03,85913.41,0.10101,698.0,18809.84,0,Salaried,Group A,0
1854,2023-03,,0.59975,662.0,36706.17,1,Self employed,Group A,1
1899,2023-03,,0.15431,652.0,15541.47,0,Salaried,Group A,0
1904,2023-03,100849.2,0.41934,640.0,20296.1,1,Salaried,Group B,0
1937,2023-03,57506.56,0.15151,525.0,7908.05,0,Salaried,Group B,1
1948,2023-03,47698.6,0.2143,747.0,8324.82,0,Self employed,Group A,0
1990,2023-03,51599.42,0.29531,621.0,6466.4,2,Self employed,Group B,0
2005,2023-03,79792.81,0.50063,660.0,9627.74,1,Salaried,Group A,1
2078,2023-03,47903.03,0.2309,628.0,6496.68,3,Salaried,Group A,1
2103,2023-03,66748.16,0.06434,681.0,12079.59,2,Salaried,Group B,0
2108,2023-03,75372.88,0.50991,714.0,10356.45,0,Salaried,Group B,1
2132,2023-03,58225.74,0.09245,600.0,9609.64,1,Contract,Group A,0
2134,2023-03,49051.62,0.24676,693.0,6753.59,1,Self employed,Group A,0
2145,2023-03,62345.66,0.38083,738.0,19377.04,0,Salaried,Group A,0
2166,2023-03,44927.62,0.15172,685.0,7949.25,0,Salaried,Group A,0
2175,2023-03,44048.59,0.26885,663.0,10426.11,0,Salaried,Group A,0
2182,2023-03,48274.01,0.20212,592.0,9587.53,0,Contract,Group B,0
2197,2023-03,90846.46,0.29372,691.0,28482.67,0,Salaried,Group A,1
2228,2023-03,108782.85,0.10163,660.0,11187.62,0,Salaried,Group A,0
2236,2023-03,32169.06,0.23548,640.0,38527.96,2,Self employed,Group A,1
2245,2023-03,70658.22,0.25584,722.0,54901.69,0,Salaried,Group A,0
2263,2023-03,79273.7,0.38201,628.0,37323.13,2,Contract,Group B,0
2278,2023-03,15000.0,0.11561,681.0,11368.89,1,Salaried,Group A,0
2323,2023-03,101166.21,0.18327,722.0,56996.25,0,Salaried,Group A,0
2359,2023-03,63070.6,0.43248,641.0,10499.98,0,Contract,Group A,0
2398,2023-03,67907.5,0.19873,654.0,10286.85,0,Contract,Group A,0
2399,2023-03,46740.86,0.03483,732.0,8609.34,0,Salaried,Group A,0
2409,2023-03,38110.02,0.2312,704.0,18329.22,1,Contract,Group B,0
2431,2023-03,92278.04,0.50644,550.0,6474.6,0,Salaried,Group B,0
2459,2023-03,64587.77,0.46908,733.0,14547.58,0,Salaried,Group A,0
2465,2023-03,62131.83,0.22555,679.0,8438.7,1,Self employed,Group B,1
2489,2023-03,31642.83,0.15686,689.0,25588.71,0,Salaried,Group B,0
2501,2023-03,59404.32,0.62857,656.0,15019.94,0,Salaried,Group B,1
2509,2023-03,93059.35,0.43734,731.0,3084.78,1,Self employed,Group A,0
2519,2023-03,83310.08,0.61288,545.0,38114.04,1,Salaried,Group B,1
2533,2023-03,57120.31,0.1034,567.0,4369.49,0,Salaried,Group B,0
2584,2023-03,61036.7,0.15895,815.0,14257.51,0,Self employed,Group B,0
2585,2023-03,39396.43,0.10988,691.0,12462.98,0,Contract,Group B,0
2594,2023-03,77795.1,0.72758,710.0,10988.0,1,Salaried,Group A,0
2620,2023-03,43210.81,0.20662,632.0,7941.54,0,Salaried,Group B,1
2622,2023-03,63404.69,0.07518,635.0,11290.0,0,Salaried,Group B,0
2639,2023-03,66683.85,0.39719,635.0,11480.34,0,Salaried,Group A,1
2640,2023-03,47823.16,0.29591,783.0,6821.19,2,Self employed,Group A,0
2643,2023-03,93590.21,0.10462,687.0,6598.23,0,Self employed,Group B,0
2693,2023-03,29247.76,0.21271,705.0,30415.39,0,Salaried,Group A,0
2749,2023-03,75277.27,0.22939,676.0,13913.64,0,Salaried,Group A,0
2761,2023-03,31287.85,0.11018,597.0,68356.8,0,Salaried,Group B,1
2775,2023-03,70055.71,0.29904,722.0,7050.22,1,Self employed,Group B,0
2791,2023-03,156739.26,0.34211,640.0,21361.87,2,Salaried,Group B,0
2804,2023-03,29723.77,0.47208,758.0,61208.09,2,Salaried,Group B,1
2813,2023-03,32789.65,0.15105,702.0,12560.86,2,Salaried,Group B,1
2840,2023-03,63426.7,0.64992,782.0,25268.19,0,Salaried,Group A,0
2849,2023-03,54701.03,0.12313,638.0,11733.38,0,Salaried,Group B,0
2887,2023-03,26586.82,0.2635,599.0,9203.4,1,Salaried,Group B,1
2962,2023-03,61770.82,0.05772,727.0,25099.99,0,Salaried,Group A,0
2971,2023-03,75386.15,0.4117,657.0,64658.21,1,Salaried,Group B,1
2997,2023-03,24471.99,0.38278,649.0,69749.86,1,Salaried,Group B,1
3012,2023-03,80076.14,0.18186,692.0,20282.89,0,Salaried,Group B,0
3147,2023-03,41073.79,0.30257,779.0,21098.7,0,Self employed,Group B,0
3175,2023-03,50813.24,0.52731,626.0,19223.76,1,Salaried,Group A,0
3177,2023-03,113772.42,0.10615,836.0,4912.06,0,Self employed,Group A,0
3181,2023-03,55695.75,0.29824,758.0,21536.51,0,Salaried,Group A,0
3190,2023-03,44959.82,0.15751,681.0,7416.49,0,Salaried,Group A,0
3199,2023-03,42321.65,0.17554,696.0,14734.93,1,Salaried,Group A,0
3241,2023-03,46255.87,0.27825,691.0,20340.87,0,Salaried,Group B,0
3255,2023-03,86277.62,0.20935,726.0,9544.8,0,Salaried,Group A,0
3274,2023-03,42870.22,0.41383,714.0,4399.08,0,Salaried,Group B,1
3280,2023-03,,0.25453,722.0,41794.31,0,Salaried,Group A,0
3340,2023-03,55027.23,0.03494,722.0,13956.61,0,Salaried,Group A,0
3375,2023-03,34625.95,0.34604,803.0,18585.15,0,Salaried,Group B,0
3406,2023-03,54081.47,0.37709,711.0,17348.56,0,Salaried,Group A,0
3426,2023-03,24491.47,0.24916,617.0,24501.69,1,Salaried,Group A,0
3463,2023-03,44416.27,0.35048,841.0,11014.51,2,Salaried,Group A,0
3475,2023-03,72350.03,0.132,645.0,16849.77,0,Salaried,Group B,1
3504,2023-03,85529.11,0.43689,669.0,9685.61,1,Self employed,Group A,1
3506,2023-03,30737.63,0.2912,755.0,4330.67,0,Salaried,Group A,0
3536,2023-03,55227.03,0.35791,710.0,75000.0,0,Salaried,Group A,1
3585,2023-03,41838.95,0.28379,724.0,18135.47,1,Salaried,Group A,0
3593,2023-03,78136.55,0.24204,543.0,21302.55,0,Contract,Group A,1
3597,2023-03,139843.92,0.14474,726.0,9384.51,0,Contract,Group A,0
3603,2023-03,22806.11,0.06329,554.0,22647.09,0,Self employed,Group A,0
3641,2023-03,76271.99,0.31803,725.0,5443.71,1,Self employed,Group B,0
3653,2023-03,107293.72,0.44364,613.0,11527.42,0,Salaried,Group B,0
3659,2023-03,65045.02,0.41736,632.0,6209.46,0,Self employed,Group B,1
3672,2023-03,78513.38,0.18357,617.0,21300.52,1,Salaried,Group A,0
3675,2023-03,57158.84,0.25854,797.0,7486.64,0,Salaried,Group B,0
3677,2023-03,,0.22829,633.0,12916.05,1,Salaried,Group B,1
3690,2023-03,27033.76,0.30693,663.0,11762.56,1,Self employed,Group B,0
3744,2023-03,55119.25,0.3077,611.0,23380.98,0,Salaried,Group A,1
3747,2023-03,15682.64,0.26207,692.0,8801.69,1,Self employed,Group A,0
3757,2023-03,32424.54,0.53012,762.0,24609.34,0,Salaried,Group A,0
3804,2023-03,51234.92,0.01003,740.0,14647.37,1,Salaried,Group A,0
3815,2023-03,28323.88,0.20491,724.0,10426.53,0,Salaried,Group A,0
3857,2023-03,91834.73,0.34803,850.0,24793.31,2,Salaried,Group A,0
3948,2023-03,26241.98,0.22467,655.0,11292.54,1,Contract,Group A,1
3995,2023-03,61474.06,0.55155,577.0,6394.71,0,Contract,Group B,0
3998,2023-03,,0.23033,618.0,10782.79,0,Self employed,Group A,1
4005,2023-03,75769.41,0.04766,660.0,31727.31,0,Salaried,Group A,0
4032,2023-03,38186.85,0.1428,637.0,33011.2,1,Salaried,Group A,0
4095,2023-03,47272.64,0.17541,504.0,16900.34,0,Salaried,Group A,0
4105,2023-03,,0.05921,759.0,13891.33,0,Contract,Group A,0
4109,2023-03,25327.98,0.32676,724.0,13694.33,0,Salaried,Group A,0
4114,2023-03,111874.17,0.28467,687.0,13718.71,0,Contract,Group B,0
4168,2023-03,56632.49,0.2733,651.0,19803.74,0,Salaried,Group B,1
4179,2023-03,38515.74,0.18367,619.0,21536.27,1,Salaried,Group A,0
4182,2023-03,74494.48,0.02844,627.0,10073.75,0,Salaried,Group A,0
4196,2023-03,86322.15,0.46059,696.0,33358.77,0,Salaried,Group A,0
4204,2023-03,23169.54,0.09773,582.0,14141.71,0,Contract,Group B,0
4238,2023-03,37894.58,0.48058,661.0,42556.95,0,Salaried,Group A,1
4259,2023-03,76214.78,0.55615,650.0,21054.25,0,Salaried,Group A,0
4339,2023-03,38847.1,0.24412,617.0,12664.66,0,Self employed,Group B,1
4361,2023-03,27442.24,0.3168,731.0,32184.16,0,Salaried,Group A,0
4483,2023-03,113633.13,0.25707,657.0,10860.63,0,Salaried,Group B,0
4485,2023-03,71078.68,0.0375,762.0,8426.04,0,Salaried,Group A,0
4515,2023-03,81613.09,0.29662,733.0,5891.32,0,Contract,Group A,1
4603,2023-03,37740.04,0.5382,630.0,17991.75,0,Self employed,Group B,1
4672,2023-03,44115.65,0.23278,796.0,12043.18,0,Salaried,Group A,0
4718,2023-03,56067.05,0.28512,552.0,10646.67,0,Salaried,Group A,0
4800,2023-03,97360.81,0.29058,676.0,6006.44,0,Salaried,Group B,0
4841,2023-03,38789.57,0.11194,615.0,4746.45,0,Salaried,Group A,0
4885,2023-03,96575.87,0.05346,850.0,30319.57,0,Self employed,Group A,0
4893,2023-03,92218.06,0.27528,670.0,24960.79,0,Contract,Group B,1
4898,2023-03,45343.48,0.46473,589.0,7700.55,0,Salaried,Group A,0
4908,2023-03,36932.32,0.77857,580.0,18881.79,0,Salaried,Group B,1
4924,2023-03,64890.14,0.38197,739.0,12753.23,0,Salaried,Group B,0
4925,2023-03,28745.05,0.16546,685.0,18733.29,1,Self employed,Group B,0
4940,2023-03,37944.93,0.07878,647.0,13293.74,0,Salaried,Group B,0
4946,2023-03,35217.98,0.49853,601.0,24816.53,0,Self employed,Group B,0
4957,2023-03,23954.22,0.20306,751.0,9738.2,1,Contract,Group A,0
4969,2023-03,72368.17,0.14654,626.0,16253.63,1,Contract,Group B,0
4993,2023-03,45382.74,0.22233,669.0,18249.09,0,Salaried,Group A,0
5030,2023-03,53723.85,0.37131,767.0,24431.09,0,Salaried,Group A,0
5043,2023-03,47221.22,0.25725,671.0,75000.0,0,Salaried,Group B,0
5066,2023-03,71111.32,0.12209,734.0,22091.23,0,Contract,Group B,0
5075,2023-03,78255.49,0.25002,816.0,21272.43,0,Salaried,Group A,0
5077,2023-03,37530.62,0.28336,579.0,18798.85,0,Salaried,Group A,0
5105,2023-03,81796.95,0.53205,670.0,24206.79,0,Salaried,Group B,0
5127,2023-03,37439.02,0.36975,664.0,26364.9,0,Salaried,Group B,0
5135,2023-03,119492.39,0.21871,727.0,6258.15,0,Salaried,Group A,0
5159,2023-03,53179.55,0.25917,733.0,58099.92,1,Self employed,Group B,0
5168,2023-03,96662.18,0.2662,708.0,19867.12,1,Salaried,Group B,0
5193,2023-03,46485.07,0.38578,676.0,6239.25,0,Salaried,Group A,0
5205,2023-03,52007.35,0.09799,679.0,12621.88,0,Self employed,Group B,1
5251,2023-03,129350.46,0.8584,728.0,19180.04,1,Salaried,Group B,1
5257,2023-03,33024.09,0.58634,607.0,4846.79,1,Contract,Group A,0
5260,2023-03,24081.15,0.22186,670.0,36977.77,0,Contract,Group B,0
5325,2023-03,42829.05,0.74121,536.0,6614.65,0,Self employed,Group B,1
5347,2023-03,76720.75,0.37761,668.0,11838.76,0,Contract,Group A,0
5349,2023-03,80033.15,0.17376,679.0,10465.1,0,Salaried,Group A,0
5411,2023-03,,0.53382,764.0,19254.59,0,Salaried,Group B,0
5417,2023-03,28551.22,0.23315,703.0,16889.16,0,Salaried,Group B,0
5458,2023-03,44457.97,0.35863,641.0,37470.55,0,Salaried,Group A,1
5481,2023-03,59689.89,0.1718,615.0,17889.01,0,Salaried,Group A,1
5495,2023-03,54021.9,0.59335,747.0,14501.68,0,Salaried,Group A,0
5508,2023-03,49932.83,0.45047,713.0,12005.6,0,Salaried,Group B,0
5545,2023-03,62196.72,0.23494,639.0,11454.61,0,Salaried,Group B,0
5564,2023-03,21368.75,0.38553,718.0,9710.78,0,Salaried,Group B,0
5582,2023-03,45356.67,0.29132,594.0,7236.31,0,Salaried,Group B,0
5595,2023-03,68078.55,0.29267,597.0,20472.37,1,Salaried,Group A,0
5615,2023-03,53098.22,0.01619,712.0,12761.38,1,Self employed,Group B,0
5620,2023-03,98115.41,0.64483,647.0,16975.43,0,Self employed,Group B,1
5623,2023-03,39714.95,0.13878,654.0,20433.21,0,Salaried,Group B,0
5643,2023-03,40600.41,0.16379,705.0,14025.98,0,Salaried,Group A,0
5650,2023-03,88728.51,0.34248,721.0,11588.86,2,Contract,Group B,0
5667,2023-03,51311.46,0.10372,703.0,45577.08,1,Salaried,Group A,0
5675,2023-03,38798.76,0.41854,663.0,14444.41,0,Contract,Group B,0
5726,2023-03,32181.12,0.63515,693.0,35586.49,0,Contract,Group B,1
5745,2023-03,80972.32,0.40152,676.0,18693.11,0,Salaried,Group B,0
5755,2023-03,81645.67,0.46818,619.0,17194.74,1,Contract,Group A,1
5779,2023-03,44992.01,0.40355,711.0,42129.0,0,Salaried,Group A,0
5783,2023-03,43978.74,0.70334,666.0,34367.3,0,Self employed,Group B,1
5793,2023-03,154758.97,0.09862,639.0,6738.23,0,Salaried,Group A,0
5824,2023-03,52565.94,0.18544,666.0,12398.37,0,Salaried,Group B,0
5841,2023-03,21532.34,0.2134,734.0,8263.0,0,Salaried,Group A,1
5939,2023-03,53495.6,0.09939,661.0,10718.82,0,Salaried,Group B,1
5961,2023-03,48412.31,0.15423,742.0,5285.09,0,Contract,Group B,0
6003,2023-03,43172.07,0.36885,633.0,12952.47,1,Salaried,Group B,0
6020,2023-03,50388.08,0.16222,668.0,14616.6,1,Self employed,Group B,1
6042,2023-03,64219.78,0.36626,687.0,16112.51,0,Self employed,Group B,0
6048,2023-03,76882.27,0.3234,634.0,20443.48,0,Salaried,Group A,0
6113,2023-03,45721.39,0.34908,660.0,12730.54,1,Salaried,Group B,0
6118,2023-03,67310.64,0.17201,650.0,42168.35,0,Salaried,Group A,1
6131,2023-03,52650.09,0.19736,710.0,29532.44,0,Salaried,Group B,0
6173,2023-03,60232.98,0.16273,688.0,58150.52,0,Contract,Group B,0
6181,2023-03,57029.58,0.04749,589.0,16729.36,1,Salaried,Group B,1
6207,2023-03,106281.58,0.34902,722.0,20120.28,0,Salaried,Group B,0
6220,2023-03,57623.23,0.06221,776.0,14929.28,0,Salaried,Group B,0
6272,2023-03,65024.51,0.39781,624.0,22520.73,0,Self employed,Group A,0
6316,2023-03,70056.71,0.52472,653.0,24567.73,0,Salaried,Group B,0
6323,2023-03,92067.88,0.11179,773.0,5440.34,1,Salaried,Group A,0
6342,2023-03,54039.93,0.31275,583.0,75000.0,0,Salaried,Group A,1
6356,2023-03,30449.78,0.2191,773.0,20873.29,0,Salaried,Group A,0
6397,2023-03,30470.2,0.17662,651.0,54362.6,0,Self employed,Group A,0
6481,2023-03,101716.08,0.0884,642.0,16986.92,0,Self employed,Group A,0
6513,2023-03,61582.19,0.32959,562.0,15110.86,0,Contract,Group A,1
6515,2023-03,33915.51,0.57213,714.0,18132.68,0,Self employed,Group B,0
6575,2023-03,45468.2,0.33239,576.0,4847.77,0,Salaried,Group A,1
6674,2023-03,,0.37377,705.0,3753.25,0,Contract,Group A,0
6695,2023-03,228430.48,0.3996,593.0,13835.43,0,Salaried,Group A,0
6724,2023-03,37769.58,0.45514,653.0,15485.82,1,Salaried,Group B,0
6750,2023-03,40267.53,0.17356,690.0,7235.67,0,Salaried,Group B,0
6817,2023-03,79386.77,0.48999,671.0,8247.95,0,Contract,Group B,0
6867,2023-03,85979.11,0.1707,597.0,19046.1,0,Salaried,Group A,0
6915,2023-03,62897.22,0.07056,658.0,10432.38,0,Salaried,Group A,0
6931,2023-03,28379.88,0.33217,699.0,32205.17,1,Self employed,Group A,0
6950,2023-03,64932.29,0.16987,601.0,9412.17,2,Contract,Group B,1
6958,2023-03,43441.74,0.1437,661.0,11692.77,1,Salaried,Group A,0
6987,2023-03,48943.46,0.41376,677.0,12554.81,0,Salaried,Group A,0
7000,2023-03,36077.1,0.28505,621.0,39639.28,0,Salaried,Group A,0
7041,2023-03,36539.49,0.34627,775.0,6840.29,0,Self employed,Group A,0
7045,2023-03,79614.82,0.12009,742.0,8288.89,1,Salaried,Group B,0
7113,2023-03,44110.42,0.49176,659.0,15709.74,1,Salaried,Group B,0
7124,2023-03,35739.72,0.39232,729.0,4817.08,0,Self employed,Group B,0
7127,2023-03,108012.64,0.21429,755.0,16936.26,0,Salaried,Group B,0
7133,2023-03,129974.71,0.13415,713.0,2957.15,0,Self employed,Group A,0
7163,2023-03,69301.29,0.07321,642.0,8079.62,0,Salaried,Group B,0
7179,2023-03,72850.09,0.13953,682.0,18415.31,0,Contract,Group B,0
7208,2023-03,36743.33,0.74879,663.0,15344.33,0,Salaried,Group B,1
7222,2023-03,,0.03901,674.0,12641.84,0,Salaried,Group A,0
7242,2023-03,64720.24,0.1784,700.0,25546.46,0,Salaried,Group B,0
7278,2023-03,98310.54,0.1055,647.0,6633.52,0,Salaried,Group A,1
7283,2023-03,77920.73,0.18246,703.0,12860.21,0,Salaried,Group A,0
7301,2023-03,73469.95,0.40711,622.0,5383.49,1,Self employed,Group B,0
7310,2023-03,42483.35,0.18095,560.0,13261.51,0,Self employed,Group B,1
7312,2023-03,62091.52,0.526,733.0,13827.08,1,Salaried,Group A,1
7325,2023-03,52475.24,0.10769,754.0,15251.01,1,Salaried,Group A,0
7329,2023-03,65080.54,0.37662,684.0,3949.03,0,Self employed,Group B,0
7336,2023-03,93448.97,0.28724,732.0,2009.55,0,Salaried,Group A,0
7338,2023-03,42917.38,0.13746,561.0,22620.64,0,Contract,Group A,0
7349,2023-03,37107.35,0.40734,607.0,7825.0,0,Salaried,Group A,0
7353,2023-03,59506.04,0.49338,587.0,43458.72,0,Salaried,Group A,1
7388,2023-03,51916.34,0.5312,679.0,6326.29,0,Self employed,Group A,0
7417,2023-03,62254.18,0.13094,679.0,22209.65,0,Self employed,Group A,0
7458,2023-03,38624.66,0.14378,554.0,9335.72,1,Self employed,Group B,0
7511,2023-03,24399.18,0.22367,636.0,18250.97,0,Self employed,Group B,0
7514,2023-03,15000.0,0.09492,630.0,26779.72,0,Salaried,Group B,0
7552,2023-03,120254.49,0.29494,719.0,20581.8,0,Salaried,Group B,0
7566,2023-03,83193.24,0.51155,763.0,15212.4,0,Salaried,Group A,0
7588,2023-03,49596.41,0.21662,598.0,20676.71,0,Self employed,Group A,0
7602,2023-03,38040.17,0.28329,693.0,7592.3,1,Salaried,Group A,0
7633,2023-03,39701.22,0.33458,605.0,15702.8,0,Self employed,Group A,1
7648,2023-03,38301.24,0.16728,554.0,15421.27,0,Salaried,Group A,1
7675,2023-03,35011.72,0.28333,735.0,6704.75,1,Salaried,Group A,0
7699,2023-03,51848.45,0.52479,659.0,20910.66,0,Contract,Group A,0
7778,2023-03,53480.62,0.09973,738.0,7773.54,2,Salaried,Group B,0
7781,2023-03,128773.36,0.44979,677.0,10473.59,0,Salaried,Group B,0
7798,2023-03,85145.66,0.09963,615.0,3517.19,0,Salaried,Group A,0
7805,2023-03,135128.04,0.01183,660.0,14836.99,0,Salaried,Group A,0
7809,2023-03,32646.79,0.05613,673.0,16903.81,0,Salaried,Group A,0
7810,2023-03,91694.03,0.21879,587.0,14196.95,1,Self employed,Group B,1
7814,2023-03,55071.83,0.16509,631.0,14264.19,0,Self employed,Group B,0
7822,2023-03,52340.73,0.44694,834.0,4927.55,1,Salaried,Group A,0
7843,2023-03,55756.06,0.16248,588.0,64816.37,1,Salaried,Group A,0
7862,2023-03,105952.89,0.42155,668.0,9237.13,0,Contract,Group A,1
7864,2023-03,103343.48,0.37379,760.0,17820.5,0,Salaried,Group A,0
7880,2023-03,28785.79,0.04939,633.0,17576.29,0,Salaried,Group A,1
7881,2023-03,58568.92,0.14894,639.0,11094.82,1,Contract,Group B,0
7888,2023-03,30951.41,0.29013,681.0,19825.51,0,Salaried,Group B,0
7896,2023-03,44290.45,0.22863,699.0,9473.73,1,Salaried,Group B,0
7909,2023-03,117721.89,0.47499,635.0,4071.59,0,Salaried,Group A,0
7973,2023-03,34774.31,0.2901,575.0,15024.44,1,Contract,Group B,1
7992,2023-03,42535.58,0.09051,646.0,10278.88,1,Salaried,Group A,0
8032,2023-03,43296.42,0.4939,693.0,5801.48,0,Contract,Group A,1
8038,2023-03,58097.95,0.2993,601.0,17681.93,1,Salaried,Group B,0
8074,2023-03,26494.55,0.25193,608.0,7783.28,0,Salaried,Group A,0
8139,2023-03,55370.04,0.14974,655.0,12055.82,0,Salaried,Group A,0
8149,2023-03,103378.52,0.22151,569.0,21716.13,0,Salaried,Group A,0
8161,2023-03,50690.08,0.21624,672.0,31326.64,0,Self employed,Group B,0
8181,2023-03,,0.24953,673.0,5182.85,0,Salaried,Group A,0
8193,2023-03,49255.36,0.23578,599.0,7449.89,0,Salaried,Group A,1
8259,2023-03,116970.85,0.5667,603.0,25079.55,2,Salaried,Group B,0
8263,2023-03,103649.86,0.17632,699.0,8804.94,0,Salaried,Group A,0
8277,2023-03,39586.81,0.183,583.0,28025.45,1,Salaried,Group B,1
8302,2023-03,124625.44,0.10493,575.0,10920.9,0,Self employed,Group B,0
8316,2023-03,53794.42,0.45959,648.0,13764.48,0,Contract,Group A,1
8326,2023-03,80840.1,0.35073,722.0,13628.94,0,Salaried,Group A,0
8350,2023-03,76076.2,0.21484,594.0,19799.0,0,Self employed,Group A,0
8412,2023-03,77349.01,0.48593,604.0,5720.74,1,Salaried,Group B,1
8427,2023-03,62128.76,0.35983,718.0,31773.64,0,Contract,Group A,0
8461,2023-03,43844.44,0.37569,646.0,9070.75,0,Salaried,Group A,0
8473,2023-03,76651.09,0.1899,659.0,21558.99,0,Self employed,Group B,0
8481,2023-03,139080.56,0.48062,682.0,35166.6,0,Salaried,Group A,0
8491,2023-03,69387.19,0.4768,661.0,11481.39,0,Salaried,Group A,0
8523,2023-03,46350.27,0.39867,681.0,9034.65,0,Salaried,Group B,0
8530,2023-03,50196.42,0.1619,681.0,25151.53,1,Salaried,Group A,0
8532,2023-03,22563.32,0.23873,670.0,40460.69,1,Salaried,Group B,0
8559,2023-03,28052.78,0.10274,662.0,7226.43,1,Self employed,Group A,0
8563,2023-03,47085.54,0.38998,783.0,34886.84,0,Salaried,Group B,0
8702,2023-03,15785.24,0.26828,657.0,13064.26,0,Salaried,Group A,0
8839,2023-03,64738.82,0.11044,747.0,20620.27,0,Salaried,Group A,0
8842,2023-03,63435.27,0.05119,833.0,11369.7,0,Salaried,Group B,0
8867,2023-03,82269.38,0.36662,714.0,7575.46,0,Salaried,Group B,0
8871,2023-03,45556.84,0.33027,760.0,20139.18,2,Salaried,Group A,0
8883,2023-03,86337.13,0.23761,644.0,11152.3,0,Salaried,Group A,0
8911,2023-03,60459.34,0.40662,701.0,18359.24,0,Salaried,Group A,0
8914,2023-03,58732.11,0.18425,573.0,13542.38,3,Contract,Group B,0
8956,2023-03,85032.14,0.21711,765.0,9562.77,0,Contract,Group B,0
8986,2023-03,134662.8,0.08474,752.0,27809.19,0,Self employed,Group A,0
8988,2023-03,30227.07,0.23972,669.0,44693.11,1,Salaried,Group B,1
9059,2023-03,43453.43,0.12605,687.0,35641.25,0,Salaried,Group A,0
9083,2023-03,118415.12,0.40151,677.0,10482.95,0,Salaried,Group A,0
9114,2023-03,31497.56,0.50115,596.0,9442.16,0,Salaried,Group B,1
9165,2023-03,31583.85,0.3006,680.0,28383.97,0,Contract,Group A,0
9232,2023-03,36921.85,0.05043,562.0,10720.14,0,Salaried,Group A,0
9234,2023-03,29567.97,0.15096,740.0,7883.9,0,Self employed,Group A,0
9312,2023-03,55132.39,0.04786,712.0,16319.31,0,Salaried,Group B,0
9315,2023-03,35309.78,0.27801,771.0,57690.8,0,Salaried,Group A,0
9317,2023-03,62253.51,0.16798,549.0,15474.16,0,Salaried,Group A,1
9329,2023-03,62592.5,0.17361,637.0,8347.37,0,Salaried,Group B,0
9370,2023-03,64796.19,0.26164,711.0,12617.22,0,Salaried,Group B,0
9386,2023-03,86794.78,0.42839,657.0,16000.52,0,Salaried,Group A,0
9399,2023-03,34797.16,0.51434,656.0,30108.89,0,Salaried,Group B,0
9423,2023-03,74573.56,0.50806,680.0,12138.85,0,Salaried,Group A,0
9445,2023-03,43055.2,0.08622,810.0,62112.71,0,Salaried,Group A,0
9463,2023-03,70542.4,0.08037,630.0,16970.27,0,Self employed,Group A,0
9509,2023-03,37775.03,0.22408,618.0,6059.68,0,Salaried,Group B,0
9524,2023-03,50909.49,0.14106,630.0,9997.6,1,Salaried,Group A,0
9586,2023-03,103334.8,0.1148,658.0,15298.96,1,Salaried,Group A,1
9603,2023-03,49187.95,0.47485,730.0,12288.42,0,Salaried,Group B,0
9633,2023-03,39212.68,0.48798,596.0,22861.51,0,Salaried,Group A,1
9660,2023-03,46243.28,0.22053,699.0,3778.62,0,Salaried,Group A,0
9733,2023-03,42532.69,0.66448,583.0,15658.6,0,Self employed,Group B,0
9757,2023-03,81884.47,0.46426,694.0,35213.96,1,Salaried,Group A,1
9770,2023-03,73389.38,0.45897,743.0,9605.42,0,Salaried,Group A,0
9819,2023-03,35401.75,0.23733,703.0,21620.74,1,Salaried,Group A,0
9921,2023-03,58713.1,0.26788,594.0,12305.86,1,Salaried,Group B,0
9951,2023-03,53547.38,0.50297,716.0,11302.29,0,Salaried,Group B,0
9961,2023-03,42758.4,0.20676,670.0,8882.76,1,Salaried,Group A,0
46,2023-04,71663.02,0.15496,628.0,13748.58,0,Salaried,Group B,0
51,2023-04,30035.93,0.14436,635.0,10636.44,0,Salaried,Group A,0
86,2023-04,53206.41,0.22555,696.0,16704.73,0,Salaried,Group B,0
105,2023-04,130485.99,0.1787,850.0,6962.04,0,Salaried,Group B,0
180,2023-04,44742.99,0.5179,613.0,23505.99,1,Salaried,Group A,1
223,2023-04,37980.96,0.45027,680.0,20805.04,0,Salaried,Group A,0
226,2023-04,91115.82,0.242,703.0,27162.99,0,Contract,Group A,0
234,2023-04,65460.77,0.13787,710.0,10995.24,1,Contract,Group B,0
236,2023-04,82666.84,0.34426,687.0,6396.54,0,Contract,Group B,0
256,2023-04,91738.77,0.55798,676.0,16925.83,0,Salaried,Group A,0
300,2023-04,51699.22,0.13052,737.0,29529.17,0,Salaried,Group A,0
425,2023-04,54448.83,0.35426,717.0,16000.29,0,Salaried,Group B,0
448,2023-04,28634.84,0.33607,763.0,13235.91,0,Salaried,Group A,0
513,2023-04,28010.91,0.62325,693.0,5738.47,0,Contract,Group A,0
522,2023-04,57367.22,0.23694,604.0,42265.44,0,Contract,Group B,0
550,2023-04,,0.17635,746.0,36472.59,0,Salaried,Group A,0
565,2023-04,50984.85,0.28519,748.0,29945.01,0,Salaried,Group B,0
569,2023-04,23797.35,0.28831,654.0,34227.14,0,Self employed,Group A,0
600,2023-04,103148.21,0.18558,665.0,11552.97,0,Salaried,Group B,0
614,2023-04,43943.54,0.38287,738.0,15634.79,0,Salaried,Group B,0
629,2023-04,95087.57,0.07227,612.0,5660.16,0,Contract,Group A,0
653,2023-04,60075.01,0.2205,690.0,8831.0,0,Salaried,Group B,0
757,2023-04,89122.46,0.17618,539.0,15749.78,0,Self employed,Group A,1
762,2023-04,136792.48,0.1935,744.0,19261.02,1,Salaried,Group B,0
960,2023-04,67411.3,0.56433,664.0,30704.37,0,Salaried,Group B,1
983,2023-04,102557.46,0.30547,682.0,8986.32,0,Salaried,Group B,0
989,2023-04,52125.1,0.1147,742.0,5928.92,1,Salaried,Group A,0
1021,2023-04,40002.42,0.41925,691.0,22538.02,1,Salaried,Group A,0
1024,2023-04,50081.7,0.16925,802.0,25765.52,0,Contract,Group A,0
1097,2023-04,106758.38,0.05961,648.0,18800.29,0,Contract,Group A,1
1102,2023-04,34027.6,0.52103,695.0,19036.5,0,Contract,Group A,1
1103,2023-04,53841.84,0.2864,555.0,7037.23,1,Salaried,Group B,1
1114,2023-04,37728.38,0.29925,587.0,37667.28,1,Self employed,Group B,1
1116,2023-04,45577.62,0.45733,729.0,24177.56,0,Self employed,Group B,0
1128,2023-04,63020.97,0.77028,669.0,15121.28,0,Salaried,Group B,0
1135,2023-04,107186.46,0.72066,669.0,10442.42,0,Contract,Group B,1
1149,2023-04,71081.21,0.22711,658.0,8832.01,0,Salaried,Group B,0
1178,2023-04,90653.81,0.34993,626.0,10588.91,0,Salaried,Group A,0
1184,2023-04,90395.98,0.34093,632.0,16266.82,0,Salaried,Group B,0
1233,2023-04,68083.95,0.20006,748.0,26453.82,0,Contract,Group A,0
1290,2023-04,124175.81,0.33767,641.0,11400.85,0,Self employed,Group B,0
1309,2023-04,86530.06,0.34957,652.0,12245.93,0,Salaried,Group B,0
1356,2023-04,73928.32,0.2575,672.0,38431.31,0,Salaried,Group B,0
1389,2023-04,90846.22,0.35361,625.0,7729.84,0,Salaried,Group B,1
1416,2023-04,42128.39,0.18174,678.0,15396.32,0,Salaried,Group B,0
1452,2023-04,44290.85,0.19443,622.0,20137.2,0,Salaried,Group A,0
1520,2023-04,107580.93,0.38807,620.0,12143.43,0,Contract,Group A,0
1534,2023-04,46322.43,0.26465,777.0,8300.36,1,Salaried,Group B,0
1540,2023-04,56604.62,0.10826,727.0,7118.55,0,Contract,Group A,0
1587,2023-04,39764.59,0.23481,681.0,23557.56,0,Salaried,Group A,0
1616,2023-04,128266.97,0.34028,632.0,19440.27,2,Salaried,Group A,1
1617,2023-04,48954.97,0.50721,638.0,4322.78,1,Self employed,Group B,0
1623,2023-04,39233.14,0.50212,721.0,21724.44,0,Salaried,Group B,0
1638,2023-04,61359.05,0.32896,637.0,9011.56,1,Salaried,Group A,0
1649,2023-04,24943.41,0.10203,599.0,45473.18,0,Salaried,Group B,0
1651,2023-04,31846.65,0.42935,748.0,10857.58,0,Salaried,Group B,0
1681,2023-04,78314.21,0.56486,594.0,6775.25,1,Salaried,Group B,0
1735,2023-04,146102.07,0.21204,750.0,24458.76,0,Salaried,Group A,0
1766,2023-04,33514.53,0.49289,626.0,19654.74,0,Contract,Group A,0
1807,2023-04,28657.64,0.74629,567.0,12193.9,0,Salaried,Group B,0
1827,2023-04,39676.15,0.05148,668.0,7153.38,0,Self employed,Group B,0
1881,2023-04,34617.51,0.31571,638.0,4503.56,1,Self employed,Group A,1
1886,2023-04,81664.16,0.25143,695.0,30455.46,1,Salaried,Group B,0
1927,2023-04,36051.36,0.15597,697.0,2291.8,0,Salaried,Group B,0
1933,2023-04,31834.27,0.09991,830.0,72104.96,1,Self employed,Group B,0
1958,2023-04,111768.1,0.19941,698.0,8621.55,0,Salaried,Group B,0
2062,2023-04,58789.3,0.08636,708.0,40347.14,0,Contract,Group B,1
2076,2023-04,75951.77,0.15395,712.0,16983.89,0,Salaried,Group B,0
2118,2023-04,77442.46,0.07383,712.0,7866.73,0,Salaried,Group A,0
2170,2023-04,42609.42,0.38813,622.0,58447.9,0,Salaried,Group B,1
2200,2023-04,32523.37,0.19229,813.0,27092.43,0,Contract,Group B,0
2206,2023-04,29471.48,0.11651,663.0,37740.28,1,Contract,Group B,0
2237,2023-04,95111.12,0.64802,788.0,19747.22,0,Salaried,Group B,0
2246,2023-04,28498.67,0.29837,619.0,9674.08,0,Salaried,Group B,1
2255,2023-04,62969.3,0.21161,663.0,13615.2,0,Self employed,Group A,0
2261,2023-04,45394.55,0.31155,660.0,5584.54,0,Salaried,Group A,0
2443,2023-04,73653.23,0.26319,591.0,28300.24,0,Contract,Group B,1
2462,2023-04,46976.95,0.14664,634.0,17903.83,0,Salaried,Group A,0
2482,2023-04,93999.96,0.28636,668.0,45606.4,0,Salaried,Group B,0
2483,2023-04,33066.11,0.47682,743.0,26737.4,0,Salaried,Group A,0
2504,2023-04,73684.41,0.28486,747.0,10017.03,0,Salaried,Group A,0
2518,2023-04,90015.93,0.51841,650.0,17035.55,0,Self employed,Group A,1
2538,2023-04,61141.23,0.17237,662.0,10371.71,0,Self employed,Group B,0
2542,2023-04,48689.39,0.59186,700.0,19321.93,0,Self employed,Group A,0
2544,2023-04,73675.98,0.29279,827.0,19265.66,0,Salaried,Group B,0
2550,2023-04,64191.72,0.6791,649.0,15502.76,1,Salaried,Group A,0
2677,2023-04,51450.01,0.41481,719.0,13701.22,0,Contract,Group A,0
2683,2023-04,51397.12,0.3107,587.0,11597.12,0,Salaried,Group A,0
2688,2023-04,60351.76,0.0591,658.0,20979.08,0,Self employed,Group B,0
2696,2023-04,39275.87,0.13686,787.0,17449.2,0,Salaried,Group A,0
2716,2023-04,65839.47,0.50248,646.0,8705.69,0,Salaried,Group A,0
2730,2023-04,23715.41,0.03536,585.0,19662.49,0,Salaried,Group A,0
2731,2023-04,55645.36,0.1479,660.0,29165.94,0,Contract,Group B,0
2733,2023-04,68661.42,0.17002,621.0,38218.38,0,Salaried,Group B,0
2738,2023-04,22834.94,0.11299,626.0,10080.43,0,Contract,Group B,1
2787,2023-04,83003.86,0.33859,617.0,20030.65,0,Salaried,Group B,0
2790,2023-04,47135.91,0.11346,691.0,21529.84,0,Salaried,Group B,1
2799,2023-04,33334.14,0.48571,622.0,58350.13,0,Salaried,Group A,0
2848,2023-04,47410.43,0.43123,743.0,22937.61,0,Salaried,Group A,0
2853,2023-04,38119.03,0.10306,685.0,7047.49,0,Salaried,Group A,0
2864,2023-04,74113.35,0.36946,763.0,21745.95,0,Salaried,Group B,0
2916,2023-04,69783.28,0.37064,721.0,75000.0,0,Salaried,Group A,0
2935,2023-04,66552.61,0.17003,850.0,14498.06,0,Salaried,Group B,0
2953,2023-04,50945.4,0.32299,677.0,75000.0,0,Contract,Group A,0
2963,2023-04,43761.24,0.39362,822.0,13284.44,0,Salaried,Group A,0
3013,2023-04,68356.01,0.13216,768.0,6628.58,0,Self employed,Group B,0
3061,2023-04,28242.83,0.35995,606.0,3513.91,0,Salaried,Group A,1
3075,2023-04,59026.87,0.32401,731.0,21662.25,0,Contract,Group A,0
3076,2023-04,110972.8,0.15469,716.0,5170.91,0,Salaried,Group A,0
3079,2023-04,95835.12,0.46306,578.0,26002.34,0,Salaried,Group A,0
3106,2023-04,37395.25,0.6152,670.0,15858.63,1,Contract,Group A,0
3110,2023-04,51959.2,0.30712,715.0,8054.4,0,Contract,Group A,1
3115,2023-04,103154.44,0.24582,708.0,28989.98,1,Salaried,Group B,0
3118,2023-04,68580.83,0.05988,748.0,12100.45,1,Salaried,Group B,0
3157,2023-04,77185.12,0.19851,647.0,37145.81,0,Salaried,Group B,0
3158,2023-04,78613.78,0.55662,736.0,19443.07,0,Self employed,Group B,0
3185,2023-04,40533.25,0.2302,626.0,5598.22,0,Salaried,Group B,0
3210,2023-04,41092.91,0.59349,760.0,23632.33,1,Self employed,Group B,0
3215,2023-04,124984.85,0.12169,497.0,24144.93,1,Salaried,Group A,1
3232,2023-04,71502.62,0.40571,598.0,8314.84,1,Salaried,Group A,1
3265,2023-04,65720.65,0.23394,588.0,5251.33,0,Contract,Group B,1
3301,2023-04,69157.5,0.37048,654.0,13017.47,1,Salaried,Group B,1
3336,2023-04,43384.53,0.37991,622.0,15691.69,1,Salaried,Group A,0
3479,2023-04,20666.28,0.18397,834.0,36868.13,0,Self employed,Group A,0
3485,2023-04,30874.67,0.23879,592.0,26743.97,0,Salaried,Group A,0
3491,2023-04,82978.54,0.6368,709.0,18098.08,0,Self employed,Group A,1
3505,2023-04,27267.5,0.1837,740.0,24374.5,0,Salaried,Group A,0
3523,2023-04,30520.83,0.39918,625.0,28373.66,0,Salaried,Group A,0
3539,2023-04,36394.71,0.18637,690.0,22795.67,0,Salaried,Group B,1
3557,2023-04,49261.53,0.07574,741.0,8691.39,0,Salaried,Group A,0
3632,2023-04,56138.51,0.09262,747.0,18821.53,0,Salaried,Group A,0
3635,2023-04,49219.32,0.23935,636.0,28765.38,0,Self employed,Group A,0
3660,2023-04,47960.9,0.27109,562.0,22066.78,0,Self employed,Group B,0
3666,2023-04,41789.45,0.08195,640.0,10118.39,0,Salaried,Group A,0
3712,2023-04,37792.12,0.10598,635.0,17169.96,0,Contract,Group A,0
3740,2023-04,78385.88,0.17504,656.0,17032.04,2,Salaried,Group A,1
3786,2023-04,35650.14,0.08836,740.0,41960.81,0,Salaried,Group B,0
3794,2023-04,170958.25,0.55141,816.0,15975.64,0,Self employed,Group B,0
3817,2023-04,54073.19,0.12411,644.0,19813.16,0,Contract,Group A,0
3821,2023-04,77001.49,0.43254,667.0,38202.65,0,Salaried,Group A,0
3842,2023-04,34161.3,0.44571,580.0,40993.5,0,Salaried,Group B,1
3846,2023-04,46002.22,0.09991,664.0,17078.39,0,Salaried,Group B,0
3851,2023-04,139908.86,0.39304,607.0,3260.49,0,Salaried,Group A,0
3858,2023-04,84988.38,0.25628,817.0,53665.68,1,Salaried,Group A,0
3859,2023-04,,0.5152,670.0,26288.95,1,Self employed,Group B,0
3884,2023-04,61299.56,0.27711,624.0,8397.63,0,Salaried,Group B,1
3909,2023-04,39489.97,0.12653,750.0,21127.82,1,Self employed,Group B,0
3940,2023-04,50025.3,0.43578,692.0,30362.25,1,Salaried,Group A,0
3957,2023-04,91278.15,0.00934,634.0,5231.76,0,Salaried,Group A,0
3974,2023-04,58717.27,0.38898,694.0,10556.55,0,Contract,Group B,0
3983,2023-04,30356.7,0.48296,654.0,6695.74,0,Salaried,Group B,1
4018,2023-04,30603.62,0.32096,497.0,12609.53,0,Contract,Group A,0
4043,2023-04,63131.3,0.11081,716.0,16174.41,1,Salaried,Group A,0
4060,2023-04,45079.01,0.17404,689.0,5914.63,0,Salaried,Group B,1
4066,2023-04,39653.7,0.05477,733.0,11025.01,0,Self employed,Group A,0
4067,2023-04,60516.81,0.56587,811.0,20334.84,0,Contract,Group B,1
4074,2023-04,89170.0,0.05173,610.0,3688.81,0,Salaried,Group B,1
4081,2023-04,33699.84,0.22284,691.0,13193.21,0,Salaried,Group B,0
4092,2023-04,47090.64,0.32498,694.0,16856.8,0,Self employed,Group B,0
4093,2023-04,55451.01,0.59958,706.0,9117.07,0,Contract,Group A,0
4121,2023-04,31706.79,0.3667,658.0,5290.81,1,Salaried,Group A,0
4263,2023-04,30897.33,0.14335,607.0,23992.97,0,Self employed,Group A,1
4289,2023-04,51657.47,0.2006,687.0,18082.08,0,Self employed,Group B,0
4298,2023-04,67338.73,0.38579,614.0,7124.73,1,Salaried,Group A,1
4300,2023-04,47846.57,0.44845,752.0,27922.23,0,Salaried,Group B,0
4311,2023-04,29348.67,0.07293,663.0,3096.37,0,Self employed,Group A,0
4335,2023-04,44025.65,0.19784,700.0,11794.3,0,Salaried,Group A,1
4336,2023-04,77417.53,0.05568,559.0,20112.49,1,Salaried,Group B,1
4387,2023-04,50650.44,0.09268,638.0,6590.56,0,Salaried,Group B,0
4417,2023-04,52571.62,0.1918,699.0,10140.27,0,Salaried,Group A,0
4462,2023-04,38681.63,0.15198,643.0,17314.1,2,Salaried,Group A,0
4465,2023-04,57859.19,0.16314,649.0,11020.61,1,Salaried,Group B,0
4521,2023-04,81646.8,0.32383,644.0,22038.86,0,Salaried,Group B,0
4539,2023-04,24446.98,0.17193,699.0,17162.62,0,Salaried,Group B,0
4553,2023-04,53286.67,0.18489,711.0,6347.71,0,Salaried,Group B,0
4598,2023-04,133102.51,0.28582,613.0,23166.5,0,Contract,Group B,1
4628,2023-04,108452.94,0.09242,774.0,7624.82,0,Salaried,Group A,0
4634,2023-04,80699.38,0.14099,705.0,4623.58,0,Contract,Group A,0
4638,2023-04,99908.66,0.64054,753.0,10006.97,0,Contract,Group B,0
4671,2023-04,27451.05,0.44629,550.0,16940.06,0,Salaried,Group A,0
4732,2023-04,29007.52,0.50573,754.0,5855.63,0,Contract,Group B,0
4739,2023-04,91435.83,0.32756,692.0,14492.43,0,Salaried,Group A,0
4752,2023-04,67364.25,0.12766,634.0,18345.0,0,Contract,Group B,0
4792,2023-04,87318.84,0.20176,723.0,18572.8,0,Salaried,Group A,0
4848,2023-04,65104.52,0.0296,572.0,7526.65,0,Salaried,Group A,1
4851,2023-04,80455.65,0.58585,645.0,6129.87,1,Salaried,Group B,1
4874,2023-04,76038.88,0.05368,582.0,8153.94,0,Self employed,Group A,0
4933,2023-04,95437.54,0.03925,654.0,13493.63,1,Self employed,Group B,0
4963,2023-04,25821.07,0.65007,717.0,18972.29,0,Salaried,Group A,0
4982,2023-04,27995.61,0.15683,538.0,6527.55,0,Self employed,Group B,0
4997,2023-04,43625.96,0.31235,719.0,17394.96,1,Self employed,Group B,1
5000,2023-04,19540.01,0.35085,601.0,20353.32,0,Salaried,Group A,1
5113,2023-04,111127.67,0.38151,660.0,23662.84,1,Salaried,Group A,0
5138,2023-04,36652.2,0.5088,626.0,22382.36,0,Self employed,Group A,1
5139,2023-04,44592.94,0.19095,581.0,13750.58,0,Salaried,Group B,0
5185,2023-04,96753.7,0.3444,782.0,21103.22,0,Salaried,Group A,0
5192,2023-04,84545.5,0.55524,583.0,17634.82,1,Contract,Group B,0
5195,2023-04,69681.28,0.11205,558.0,10204.5,0,Salaried,Group A,0
5218,2023-04,29974.8,0.32527,611.0,68050.69,0,Salaried,Group A,1
5249,2023-04,51958.85,0.23471,669.0,24592.02,0,Salaried,Group A,1
5272,2023-04,95753.77,0.15981,606.0,18039.81,0,Salaried,Group A,0
5273,2023-04,56990.27,0.23029,672.0,16111.75,0,Salaried,Group A,0
5327,2023-04,39697.39,0.04045,686.0,10776.91,0,Salaried,Group B,0
5353,2023-04,,0.54241,600.0,9873.18,0,Contract,Group A,1
5365,2023-04,23658.0,0.49111,692.0,11195.74,0,Salaried,Group A,0
5388,2023-04,130753.71,0.11373,530.0,13581.06,1,Salaried,Group B,0
5410,2023-04,88803.66,0.33863,613.0,14043.02,1,Contract,Group A,0
5450,2023-04,59525.39,0.1428,641.0,28612.63,0,Contract,Group B,0
5515,2023-04,,0.196,605.0,16605.61,0,Salaried,Group B,0
5527,2023-04,65323.79,0.34484,714.0,11470.85,0,Salaried,Group B,0
5528,2023-04,64538.48,0.22622,577.0,21835.09,1,Salaried,Group A,0
5533,2023-04,55112.89,0.43099,681.0,2824.87,2,Contract,Group A,1
5565,2023-04,101103.44,0.27848,798.0,34717.91,1,Contract,Group A,0
5592,2023-04,31114.27,0.18648,682.0,3254.31,0,Salaried,Group B,0
5621,2023-04,53319.02,0.55772,606.0,16402.91,0,Salaried,Group A,0
5635,2023-04,53446.43,0.21765,715.0,52881.92,0,Contract,Group B,0
5669,2023-04,91726.93,0.20806,598.0,25250.41,1,Salaried,Group A,0
5670,2023-04,83975.09,0.31728,713.0,19486.19,0,Salaried,Group A,0
5785,2023-04,54720.09,0.13775,675.0,24849.08,0,Salaried,Group A,0
5830,2023-04,56773.54,0.15972,666.0,14038.5,1,Salaried,Group A,0
5878,2023-04,84474.64,0.14468,612.0,24548.8,0,Salaried,Group B,0
5909,2023-04,203792.14,0.04084,658.0,11357.41,0,Salaried,Group A,0
5922,2023-04,70861.43,0.44057,610.0,19866.37,0,Salaried,Group B,1
5924,2023-04,87045.48,0.07111,653.0,31551.55,0,Contract,Group B,1
5943,2023-04,44265.45,0.35639,703.0,17878.72,0,Salaried,Group A,0
5957,2023-04,67221.25,0.3109,749.0,19353.14,0,Salaried,Group A,0
5995,2023-04,59367.26,0.05613,696.0,9619.87,0,Salaried,Group B,0
5997,2023-04,85490.14,0.09354,713.0,15610.58,2,Self employed,Group A,0
5999,2023-04,33549.65,0.1796,596.0,31281.15,0,Salaried,Group B,1
6032,2023-04,60096.53,0.15647,493.0,13954.73,0,Salaried,Group B,1
6036,2023-04,72680.05,0.42924,651.0,8887.95,0,Self employed,Group A,1
6049,2023-04,32122.43,0.40726,753.0,17381.4,0,Salaried,Group B,0
6060,2023-04,43879.53,0.08813,614.0,16406.01,0,Salaried,Group B,0
6080,2023-04,77717.13,0.29367,668.0,8242.21,0,Self employed,Group B,0
6084,2023-04,42123.01,0.22648,784.0,22407.76,0,Self employed,Group A,0
6097,2023-04,33664.75,0.13403,584.0,7808.85,0,Self employed,Group A,0
6128,2023-04,41575.75,0.40874,729.0,14457.96,2,Self employed,Group A,0
6175,2023-04,34216.33,0.07326,675.0,14159.26,0,Salaried,Group B,0
6213,2023-04,34193.61,0.28309,787.0,15466.07,0,Salaried,Group A,0
6231,2023-04,31111.56,0.1235,692.0,23482.47,0,Salaried,Group B,0
6239,2023-04,45954.73,0.47494,694.0,15602.7,1,Salaried,Group B,0
6299,2023-04,,0.06559,768.0,29756.24,0,Salaried,Group B,0
6317,2023-04,37539.25,0.24291,733.0,22556.56,0,Salaried,Group B,0
6398,2023-04,43222.81,0.44812,652.0,9923.77,0,Salaried,Group A,0
6458,2023-04,111960.44,0.07462,654.0,38476.43,0,Contract,Group A,0
6464,2023-04,36166.91,0.23675,602.0,31628.59,0,Contract,Group B,0
6490,2023-04,27773.13,0.09023,641.0,16042.46,0,Salaried,Group B,1
6559,2023-04,76428.44,0.3,696.0,22113.92,0,Salaried,Group B,0
6599,2023-04,37957.57,0.35997,699.0,14041.24,0,Salaried,Group B,0
6603,2023-04,107947.58,0.52083,759.0,7307.61,0,Contract,Group A,0
6640,2023-04,,0.22296,786.0,19877.76,0,Salaried,Group B,0
6644,2023-04,32605.24,0.30616,581.0,23030.6,0,Contract,Group A,1
6673,2023-04,37990.91,0.23398,745.0,21703.17,0,Salaried,Group A,0
6699,2023-04,49458.35,0.53397,748.0,6869.68,0,Salaried,Group A,0
6723,2023-04,39951.78,0.17899,829.0,7837.48,0,Salaried,Group B,0
6727,2023-04,31652.09,0.23828,701.0,6607.73,1,Salaried,Group A,0
6763,2023-04,61268.25,0.08831,640.0,17714.5,1,Salaried,Group B,1
6834,2023-04,39654.45,0.24031,585.0,21110.25,0,Salaried,Group A,1
6837,2023-04,35939.43,0.31155,622.0,21760.8,0,Self employed,Group B,0
6941,2023-04,44653.33,0.42642,679.0,14202.53,1,Salaried,Group A,0
6964,2023-04,64360.32,0.27035,620.0,6027.69,1,Self employed,Group A,1
6984,2023-04,29001.25,0.34231,694.0,30001.26,0,Contract,Group A,0
7002,2023-04,205524.74,0.09896,796.0,22664.41,1,Salaried,Group A,0
7004,2023-04,49139.57,0.0308,702.0,5745.38,0,Contract,Group A,0
7039,2023-04,103340.55,0.18722,699.0,7111.01,1,Salaried,Group A,0
7057,2023-04,37092.36,0.23541,683.0,15761.31,1,Salaried,Group A,0
7059,2023-04,41709.05,0.31488,745.0,7316.65,0,Salaried,Group B,0
7064,2023-04,47754.07,0.09221,632.0,31048.05,1,Contract,Group A,0
7110,2023-04,40867.61,0.10693,621.0,18538.78,1,Salaried,Group A,0
7126,2023-04,43541.55,0.32936,653.0,11829.22,1,Salaried,Group B,0
7148,2023-04,28432.95,0.14818,718.0,4957.48,0,Salaried,Group A,0
7150,2023-04,65532.13,0.25956,662.0,11988.15,0,Salaried,Group A,0
7226,2023-04,28652.55,0.197,702.0,15796.42,0,Salaried,Group A,0
7233,2023-04,36072.05,0.09984,708.0,32457.05,0,Self employed,Group A,0
7249,2023-04,146064.39,0.27385,603.0,9092.44,0,Salaried,Group B,0
7267,2023-04,66359.13,0.09421,622.0,17019.4,1,Salaried,Group A,0
7286,2023-04,59209.92,0.35801,603.0,14805.69,0,Salaried,Group A,0
7340,2023-04,25066.19,0.16619,586.0,5339.63,0,Salaried,Group A,0
7342,2023-04,93691.66,0.40715,654.0,21556.2,0,Salaried,Group A,0
7360,2023-04,87468.42,0.25351,640.0,11903.43,0,Self employed,Group A,1
7380,2023-04,66126.0,0.19714,525.0,18405.52,0,Salaried,Group A,1
7415,2023-04,71259.89,0.32817,656.0,11546.44,0,Self employed,Group B,0
7426,2023-04,177504.44,0.03515,637.0,10019.08,0,Salaried,Group B,0
7497,2023-04,47539.6,0.04045,607.0,12154.96,1,Salaried,Group A,0
7512,2023-04,20589.02,0.11601,697.0,18112.71,0,Salaried,Group A,0
7520,2023-04,,0.27236,565.0,51606.79,0,Salaried,Group B,1
7545,2023-04,60027.95,0.59694,663.0,27299.44,0,Contract,Group B,0
7589,2023-04,49566.6,0.21343,675.0,18693.05,1,Salaried,Group A,1
7612,2023-04,51281.49,0.24536,751.0,52666.3,0,Salaried,Group A,0
7615,2023-04,44107.99,0.19655,624.0,39623.71,1,Self employed,Group B,0
7638,2023-04,58052.98,0.09866,699.0,15607.67,0,Salaried,Group B,0
7644,2023-04,40189.95,0.3251,684.0,22143.39,1,Salaried,Group A,1
7706,2023-04,29894.36,0.16617,709.0,75000.0,0,Self employed,Group B,0
7708,2023-04,80128.68,0.24836,612.0,5070.49,0,Salaried,Group A,1
7709,2023-04,67086.38,0.51384,682.0,6275.28,1,Contract,Group A,0
7753,2023-04,67857.5,0.19629,640.0,39994.36,0,Contract,Group A,0
7758,2023-04,89628.96,0.61767,573.0,75000.0,0,Salaried,Group A,1
7761,2023-04,31189.42,0.33635,643.0,33069.17,0,Salaried,Group B,0
7773,2023-04,81477.64,0.16956,750.0,20826.13,2,Contract,Group B,0
7782,2023-04,82778.8,0.34626,705.0,30212.06,0,Self employed,Group A,0
7935,2023-04,,0.41876,624.0,14949.7,0,Salaried,Group A,0
7981,2023-04,54826.02,0.41276,699.0,16866.33,0,Salaried,Group B,0
7991,2023-04,100885.08,0.34083,671.0,7481.92,2,Salaried,Group B,0
8004,2023-04,34062.47,0.30007,725.0,44384.67,0,Salaried,Group B,0
8012,2023-04,74464.91,0.38956,670.0,14692.66,0,Salaried,Group A,0
8031,2023-04,72508.65,0.43362,677.0,17285.87,0,Salaried,Group B,1
8091,2023-04,79176.86,0.46163,572.0,9322.27,0,Salaried,Group B,0
8121,2023-04,70435.08,0.29249,698.0,22841.59,0,Contract,Group B,0
8122,2023-04,26809.17,0.28138,779.0,8478.15,0,Salaried,Group B,0
8168,2023-04,98902.84,0.42942,641.0,16574.31,0,Salaried,Group B,0
8180,2023-04,56013.62,0.12612,637.0,9379.83,0,Salaried,Group A,0
8187,2023-04,28677.88,0.06603,557.0,13087.32,1,Salaried,Group B,1
8220,2023-04,,0.4061,850.0,23683.75,0,Salaried,Group B,0
8226,2023-04,67982.73,0.4613,698.0,32398.76,1,Salaried,Group A,1
8238,2023-04,24487.08,0.18174,663.0,7900.15,0,Salaried,Group A,0
8299,2023-04,105467.12,0.68218,514.0,13168.35,0,Salaried,Group A,1
8303,2023-04,85822.11,0.06009,608.0,25902.14,0,Salaried,Group B,1
8304,2023-04,26135.93,0.06994,647.0,13196.6,1,Salaried,Group A,1
8318,2023-04,56970.99,0.19442,637.0,7853.59,1,Salaried,Group B,1
8330,2023-04,53374.05,0.2934,707.0,55584.23,0,Salaried,Group B,0
8375,2023-04,15000.0,0.2126,604.0,22101.16,0,Salaried,Group A,1
8376,2023-04,78981.97,0.07158,544.0,5328.22,0,Salaried,Group B,0
8404,2023-04,150698.87,0.33845,698.0,20205.66,2,Salaried,Group B,1
8444,2023-04,50453.17,0.39521,690.0,8387.52,0,Salaried,Group B,0
8446,2023-04,69412.37,0.09795,664.0,19249.4,0,Self employed,Group A,0
8447,2023-04,63121.04,0.17646,784.0,15293.9,0,Salaried,Group A,0
8467,2023-04,43281.74,0.09959,605.0,10196.92,0,Salaried,Group A,0
8471,2023-04,104730.67,0.48467,686.0,11244.83,0,Salaried,Group B,0
8475,2023-04,71972.97,0.23454,682.0,6243.68,0,Salaried,Group B,0
8479,2023-04,35257.19,0.22848,620.0,18006.06,0,Salaried,Group A,0
8486,2023-04,56027.24,0.4336,578.0,10692.77,2,Contract,Group B,0
8501,2023-04,59353.77,0.16834,649.0,18526.74,2,Salaried,Group A,0
8504,2023-04,36414.67,0.23584,675.0,18596.11,0,Salaried,Group A,0
8529,2023-04,37775.78,0.03672,571.0,13601.67,0,Salaried,Group A,0
8538,2023-04,86668.82,0.06141,557.0,11023.56,0,Salaried,Group A,1
8542,2023-04,48561.88,0.35589,668.0,6616.26,1,Salaried,Group B,0
8585,2023-04,33609.93,0.08452,704.0,9299.25,1,Salaried,Group A,0
8601,2023-04,49828.66,0.32136,649.0,20716.3,0,Salaried,Group A,0
8615,2023-04,55496.94,0.34065,600.0,40192.54,1,Salaried,Group B,0
8632,2023-04,37659.4,0.51282,674.0,33407.74,1,Salaried,Group A,1
8665,2023-04,71437.38,0.38661,626.0,13718.5,0,Salaried,Group A,0
8670,2023-04,53693.27,0.18706,675.0,14374.82,1,Salaried,Group A,1
8671,2023-04,36350.98,0.35035,702.0,4306.4,1,Self employed,Group A,1
8685,2023-04,59121.7,0.35766,656.0,10043.81,0,Contract,Group B,1
8706,2023-04,68059.21,0.04311,706.0,11711.08,0,Self employed,Group A,1
8775,2023-04,33861.92,0.38312,735.0,4626.19,0,Self employed,Group A,1
8784,2023-04,194034.71,0.07823,684.0,34613.14,0,Salaried,Group B,0
8800,2023-04,115694.07,0.15741,684.0,5921.58,1,Salaried,Group A,0
8816,2023-04,109663.54,0.5413,680.0,18510.98,0,Salaried,Group A,0
8822,2023-04,35725.92,0.26958,751.0,14602.53,0,Salaried,Group A,0
8881,2023-04,63109.42,0.23458,666.0,8981.39,0,Salaried,Group B,0
8887,2023-04,51590.65,0.11725,676.0,6825.49,1,Contract,Group A,1
8896,2023-04,56776.02,0.10456,610.0,38452.32,0,Salaried,Group A,0
8897,2023-04,58116.18,0.24844,557.0,15895.19,0,Salaried,Group A,0
8909,2023-04,45511.1,0.32052,672.0,16981.56,1,Salaried,Group B,1
8928,2023-04,,0.19324,686.0,29695.19,0,Salaried,Group B,0
8948,2023-04,57669.97,0.10695,650.0,12020.61,0,Self employed,Group B,0
8960,2023-04,95952.04,0.40938,627.0,26167.77,0,Contract,Group B,1
8971,2023-04,84987.3,0.58539,688.0,19757.53,0,Contract,Group B,0
8984,2023-04,33436.84,0.39509,732.0,26728.89,0,Salaried,Group A,0
8994,2023-04,67477.13,0.47041,764.0,34583.24,0,Self employed,Group A,0
9028,2023-04,75939.82,0.53868,711.0,8816.79,0,Salaried,Group A,0
9047,2023-04,48607.15,0.24342,664.0,19884.77,0,Contract,Group B,0
9055,2023-04,90569.33,0.22133,633.0,7416.9,0,Contract,Group B,0
9056,2023-04,85770.34,0.51252,541.0,15200.58,0,Salaried,Group A,0
9110,2023-04,66308.74,0.25456,665.0,7307.26,0,Salaried,Group A,0
9136,2023-04,52010.95,0.4861,608.0,16500.96,0,Salaried,Group A,0
9179,2023-04,62512.36,0.1912,623.0,18100.45,0,Salaried,Group B,0
9278,2023-04,31674.01,0.14891,700.0,11737.4,0,Salaried,Group B,0
9292,2023-04,26183.66,0.21059,718.0,13627.67,1,Contract,Group B,1
9301,2023-04,51809.19,0.33929,688.0,35823.21,1,Self employed,Group B,0
9320,2023-04,68945.01,0.21053,720.0,21673.97,0,Self employed,Group B,0
9385,2023-04,80642.61,0.12693,649.0,16062.18,1,Salaried,Group B,0
9393,2023-04,129188.07,0.1031,661.0,15121.94,0,Salaried,Group A,0
9404,2023-04,87965.35,0.12657,733.0,13839.06,0,Salaried,Group B,0
9405,2023-04,46397.97,0.13933,691.0,18484.67,0,Self employed,Group B,0
9409,2023-04,69921.69,0.07123,632.0,28252.99,1,Self employed,Group A,1
9421,2023-04,24505.86,0.50844,660.0,36973.45,0,Self employed,Group A,1
9456,2023-04,44861.32,0.35577,622.0,14859.18,0,Self employed,Group B,0
9472,2023-04,83028.3,0.12453,708.0,7108.76,0,Salaried,Group B,0
9487,2023-04,53779.87,0.16572,546.0,27661.04,0,Contract,Group B,1
9504,2023-04,27304.86,0.3027,574.0,16621.74,0,Salaried,Group B,0
9506,2023-04,35433.74,0.48683,663.0,12998.7,0,Contract,Group A,1
9532,2023-04,40680.58,0.32744,595.0,65053.71,1,Salaried,Group A,0
9537,2023-04,103327.35,0.34372,532.0,19696.69,2,Salaried,Group B,0
9546,2023-04,31020.35,0.25647,543.0,11868.46,0,Salaried,Group B,0
9568,2023-04,63810.47,0.31443,679.0,17029.01,0,Salaried,Group A,0
9587,2023-04,63308.96,0.47814,663.0,42568.05,0,Self employed,Group B,1
9599,2023-04,34429.22,0.11236,735.0,9391.02,1,Salaried,Group B,0
9610,2023-04,173883.62,0.11875,716.0,29987.74,0,Salaried,Group A,0
9667,2023-04,33106.92,0.34334,655.0,16751.9,0,Self employed,Group B,0
9758,2023-04,24351.83,0.18001,652.0,12046.76,0,Salaried,Group A,0
9795,2023-04,39258.07,0.24154,631.0,20287.28,0,Self employed,Group A,0
9812,2023-04,53145.0,0.20091,586.0,8155.99,1,Salaried,Group A,1
9818,2023-04,77879.03,0.39053,694.0,20804.57,0,Salaried,Group B,0
9835,2023-04,94864.58,0.3249,598.0,29052.46,1,Salaried,Group A,0
9842,2023-04,76857.32,0.10663,730.0,23586.64,1,Salaried,Group A,0
9884,2023-04,35588.37,0.20553,587.0,19906.24,0,Salaried,Group B,0
9970,2023-04,44916.01,0.65493,649.0,26167.0,0,Self employed,Group A,0
13,2023-05,55884.45,0.21143,544.0,27710.53,0,Self employed,Group B,0
16,2023-05,47013.12,0.52918,554.0,7645.18,0,Contract,Group B,1
19,2023-05,29102.13,0.19745,715.0,39022.42,0,Salaried,Group A,0
21,2023-05,30339.93,0.23551,609.0,11473.5,0,Self employed,Group B,1
23,2023-05,26718.51,0.1529,673.0,33270.77,0,Self employed,Group A,0
32,2023-05,35944.3,0.37953,650.0,8579.82,0,Salaried,Group A,1
41,2023-05,51700.98,0.12279,707.0,20599.01,0,Salaried,Group B,0
71,2023-05,47659.65,0.36204,822.0,14446.64,0,Salaried,Group A,0
90,2023-05,75466.89,0.11346,742.0,7165.43,1,Salaried,Group B,0
106,2023-05,57250.21,0.18495,616.0,11764.22,0,Salaried,Group B,0
138,2023-05,96394.08,0.16673,714.0,11132.5,0,Salaried,Group A,0
267,2023-05,53785.22,0.45792,564.0,28293.38,0,Contract,Group A,1
319,2023-05,49462.02,0.3824,637.0,24741.98,0,Self employed,Group A,1
336,2023-05,15000.0,0.13574,728.0,30107.3,0,Contract,Group A,0
357,2023-05,49449.83,0.17936,719.0,46546.83,0,Self employed,Group A,1
374,2023-05,44061.24,0.20413,561.0,5610.28,0,Salaried,Group B,1
377,2023-05,75555.4,0.74344,640.0,27640.04,0,Salaried,Group B,1
384,2023-05,40321.88,0.09549,630.0,29574.91,1,Salaried,Group B,1
400,2023-05,79986.04,0.45725,670.0,14756.98,0,Salaried,Group A,0
418,2023-05,41073.8,0.36761,547.0,13202.94,0,Salaried,Group B,0
422,2023-05,97653.89,0.03285,746.0,5244.81,1,Self employed,Group A,0
429,2023-05,84174.08,0.32519,639.0,15636.91,0,Salaried,Group A,0
431,2023-05,49525.64,0.43971,668.0,27708.9,0,Salaried,Group B,0
434,2023-05,,0.32497,741.0,30410.67,1,Salaried,Group A,0
537,2023-05,38289.6,0.24031,670.0,30274.0,0,Salaried,Group A,1
588,2023-05,91558.95,0.25327,663.0,21976.35,0,Self employed,Group B,0
606,2023-05,24994.29,0.08468,746.0,15373.37,1,Salaried,Group B,0
622,2023-05,73927.01,0.12513,648.0,9416.66,0,Salaried,Group A,0
658,2023-05,51450.3,0.10777,759.0,7194.9,0,Self employed,Group A,0
661,2023-05,76272.2,0.49428,734.0,23104.53,1,Salaried,Group A,0
696,2023-05,43384.89,0.27632,776.0,15933.42,0,Salaried,Group A,0
711,2023-05,74521.77,0.35337,806.0,6962.32,0,Salaried,Group A,0
766,2023-05,72700.29,0.79785,728.0,36475.79,0,Salaried,Group A,1
799,2023-05,64121.89,0.48492,622.0,4975.84,0,Salaried,Group B,1
811,2023-05,45957.45,0.19815,651.0,1702.1,0,Salaried,Group B,0
832,2023-05,54562.77,0.27524,593.0,4876.23,0,Salaried,Group B,0
846,2023-05,136845.53,0.09269,601.0,34422.27,0,Self employed,Group A,0
853,2023-05,23632.13,0.14415,733.0,3374.95,0,Salaried,Group B,0
877,2023-05,23489.9,0.22933,688.0,6056.68,0,Salaried,Group A,0
923,2023-05,48604.72,0.41376,662.0,14147.33,1,Contract,Group A,1
950,2023-05,25730.03,0.40598,697.0,7055.27,0,Self employed,Group A,1
973,2023-05,70569.22,0.26692,629.0,4750.54,0,Self employed,Group B,0
1006,2023-05,85263.06,0.26388,746.0,7606.53,0,Salaried,Group A,0
1023,2023-05,62497.11,0.55828,675.0,13083.28,1,Salaried,Group B,0
1039,2023-05,61555.14,0.39485,679.0,13584.12,0,Salaried,Group B,1
1098,2023-05,39717.88,0.28697,668.0,14915.24,0,Salaried,Group B,1
1099,2023-05,58577.56,0.36985,715.0,11283.95,0,Salaried,Group A,0
1106,2023-05,163925.95,0.68956,565.0,9873.98,0,Salaried,Group B,1
1176,2023-05,36200.78,0.10377,660.0,7223.6,1,Salaried,Group A,0
1361,2023-05,42452.87,0.22129,644.0,35879.62,0,Salaried,Group A,0
1363,2023-05,40567.98,0.06153,716.0,9303.04,1,Salaried,Group A,1
1378,2023-05,70076.98,0.23705,614.0,14793.86,0,Salaried,Group A,1
1395,2023-05,100324.4,0.09688,762.0,46452.11,0,Self employed,Group A,0
1410,2023-05,53027.75,0.16697,664.0,16698.97,1,Self employed,Group A,0
1453,2023-05,131312.43,0.54464,712.0,8744.78,0,Self employed,Group A,0
1456,2023-05,88107.85,0.40796,655.0,14570.55,0,Salaried,Group A,0
1528,2023-05,46127.54,0.27845,579.0,43989.89,2,Salaried,Group A,0
1539,2023-05,26920.65,0.47509,685.0,20761.04,0,Salaried,Group B,0
1556,2023-05,65320.73,0.31007,650.0,20753.24,0,Salaried,Group A,0
1613,2023-05,32576.11,0.36906,676.0,7899.75,1,Self employed,Group A,0
1634,2023-05,25087.22,0.21628,736.0,39178.82,1,Contract,Group B,0
1648,2023-05,47549.54,0.55597,754.0,6500.96,0,Contract,Group B,0
1652,2023-05,40827.44,0.66451,672.0,7553.34,0,Salaried,Group A,0
1729,2023-05,61567.7,0.2428,627.0,21287.6,1,Contract,Group B,1
1738,2023-05,44440.2,0.21069,688.0,11410.87,0,Salaried,Group B,0
1749,2023-05,63025.77,0.26979,580.0,8302.47,0,Contract,Group B,1
1769,2023-05,65837.31,0.07802,737.0,5641.95,1,Salaried,Group A,0
1808,2023-05,82924.27,0.10211,564.0,21176.42,1,Salaried,Group A,0
1815,2023-05,63595.39,0.30074,694.0,10896.6,0,Contract,Group A,0
1853,2023-05,35978.97,0.0915,579.0,9416.08,1,Salaried,Group A,0
1861,2023-05,95343.5,0.8247,722.0,27006.79,0,Self employed,Group B,0
1883,2023-05,78823.33,0.2156,696.0,8752.9,0,Self employed,Group A,0
1890,2023-05,41395.77,0.1872,848.0,8227.36,1,Salaried,Group A,0
1909,2023-05,34630.2,0.3329,744.0,20541.43,2,Salaried,Group A,0
1924,2023-05,109854.37,0.11215,728.0,17814.5,1,Self employed,Group A,0
1929,2023-05,52646.72,0.3084,538.0,8956.44,0,Salaried,Group B,1
1935,2023-05,95635.41,0.24891,711.0,10249.65,0,Salaried,Group B,0
2014,2023-05,140691.42,0.48687,597.0,12450.6,1,Contract,Group B,0
2017,2023-05,33283.15,0.27446,598.0,10557.82,1,Contract,Group B,1
2041,2023-05,52478.61,0.15867,732.0,11335.46,0,Salaried,Group A,1
2042,2023-05,65649.78,0.19461,717.0,15798.47,0,Self employed,Group A,0
2060,2023-05,85886.69,0.46636,672.0,20362.42,0,Salaried,Group A,1
2115,2023-05,34657.24,0.28377,656.0,38754.26,0,Salaried,Group B,0
2133,2023-05,41351.15,0.41386,654.0,4645.45,0,Self employed,Group A,0
2144,2023-05,73041.43,0.33431,634.0,10481.53,0,Salaried,Group A,0
2196,2023-05,68053.1,0.2204,725.0,16364.22,0,Self employed,Group A,0
2250,2023-05,46833.95,0.31165,667.0,9513.78,1,Salaried,Group B,1
2282,2023-05,,0.21215,756.0,8939.78,1,Salaried,Group A,1
2300,2023-05,28082.84,0.25665,622.0,75000.0,0,Contract,Group B,1
2306,2023-05,72991.08,0.32034,771.0,13323.13,0,Salaried,Group A,0
2310,2023-05,54874.51,0.23445,620.0,8675.13,0,Salaried,Group A,1
2361,2023-05,46128.08,0.35605,836.0,15032.43,0,Salaried,Group A,0
2382,2023-05,96527.2,0.2219,658.0,7538.78,0,Contract,Group A,1
2429,2023-05,38426.39,0.41613,724.0,17916.69,0,Contract,Group A,1
2432,2023-05,112260.59,0.50708,710.0,23079.96,0,Salaried,Group B,0
2511,2023-05,47548.45,0.33755,727.0,75000.0,0,Salaried,Group B,1
2531,2023-05,25736.18,0.24762,642.0,18281.54,0,Salaried,Group B,0
2552,2023-05,58550.52,0.09874,719.0,16583.96,0,Contract,Group A,0
2572,2023-05,24580.98,0.2278,632.0,75000.0,2,Self employed,Group A,1
2575,2023-05,136760.76,0.4736,576.0,19644.57,0,Contract,Group B,0
2669,2023-05,46170.6,0.01865,628.0,7090.17,0,Self employed,Group A,1
2686,2023-05,90292.74,0.32942,701.0,17675.2,0,Salaried,Group B,0
2714,2023-05,66881.01,0.07282,747.0,19646.41,0,Self employed,Group B,0
2718,2023-05,22920.1,0.19837,627.0,17700.87,0,Self employed,Group A,0
2727,2023-05,105782.44,0.20736,619.0,40135.31,0,Salaried,Group A,0
2762,2023-05,64235.94,0.11143,734.0,12048.91,0,Contract,Group A,0
2768,2023-05,27167.35,0.39941,687.0,13139.42,0,Salaried,Group A,0
2875,2023-05,54496.71,0.28551,568.0,17245.97,0,Salaried,Group A,1
2889,2023-05,63567.93,0.21261,562.0,10538.14,0,Self employed,Group A,1
2988,2023-05,41127.84,0.29665,631.0,30910.61,2,Contract,Group A,1
3008,2023-05,48012.06,0.39751,641.0,42269.05,1,Self employed,Group A,0
3017,2023-05,106214.73,0.12302,663.0,10216.57,1,Self employed,Group A,1
3024,2023-05,91975.3,0.15145,559.0,16369.1,0,Salaried,Group B,0
3030,2023-05,48677.67,0.17936,473.0,37918.83,0,Salaried,Group B,0
3105,2023-05,40015.08,0.08699,639.0,29998.49,0,Self employed,Group B,0
3141,2023-05,44694.41,0.27321,625.0,51947.8,0,Salaried,Group B,1
3188,2023-05,50873.05,0.27096,664.0,22113.31,1,Salaried,Group A,0
3201,2023-05,32984.98,0.0316,678.0,10750.37,0,Salaried,Group A,0
3209,2023-05,44468.83,0.21295,590.0,3868.71,2,Salaried,Group A,0
3231,2023-05,38468.94,0.04259,606.0,7005.78,0,Salaried,Group B,0
3247,2023-05,47065.03,0.40428,842.0,13204.78,0,Contract,Group B,0
3263,2023-05,100172.05,0.41145,645.0,12221.79,0,Salaried,Group A,0
3287,2023-05,26668.62,0.16053,698.0,16910.04,0,Salaried,Group B,0
3331,2023-05,38377.59,0.15929,633.0,46309.61,0,Salaried,Group A,1
3338,2023-05,45115.13,0.41751,650.0,5209.01,1,Salaried,Group A,0
3392,2023-05,52886.88,0.64602,555.0,9113.39,0,Salaried,Group B,1
3394,2023-05,65476.49,0.37219,678.0,52995.32,0,Salaried,Group B,0
3401,2023-05,41292.92,0.34039,621.0,11418.36,0,Contract,Group A,0
3403,2023-05,31730.98,0.19298,655.0,18939.23,0,Salaried,Group B,0
3407,2023-05,98410.33,0.21554,694.0,16338.23,0,Salaried,Group A,0
3441,2023-05,51450.67,0.1932,719.0,7709.08,1,Salaried,Group A,0
3469,2023-05,65848.09,0.40493,689.0,13483.36,0,Salaried,Group B,0
3472,2023-05,113750.05,0.39694,702.0,13459.06,0,Salaried,Group A,0
3473,2023-05,56528.19,0.17208,641.0,7814.15,2,Contract,Group A,1
3478,2023-05,21881.43,0.0546,719.0,23691.11,0,Self employed,Group A,0
3497,2023-05,35296.53,0.36806,695.0,17181.81,0,Salaried,Group A,0
3532,2023-05,58899.37,0.11477,727.0,25029.39,0,Salaried,Group A,0
3565,2023-05,116472.52,0.13711,720.0,12958.04,0,Salaried,Group B,0
3567,2023-05,78518.98,0.55321,589.0,29839.46,0,Contract,Group A,0
3606,2023-05,38864.02,0.30228,590.0,4309.4,0,Salaried,Group A,0
3613,2023-05,25424.1,0.41642,669.0,10327.47,0,Salaried,Group B,0
3619,2023-05,114788.68,0.27932,682.0,8799.39,0,Self employed,Group A,0
3633,2023-05,59511.15,0.06803,593.0,21288.65,0,Salaried,Group B,0
3656,2023-05,32187.98,0.20078,565.0,18165.53,0,Salaried,Group B,0
3684,2023-05,45732.72,0.39478,678.0,22531.64,0,Salaried,Group A,0
3738,2023-05,,0.17341,758.0,18830.09,0,Salaried,Group A,0
3791,2023-05,54521.22,0.15338,743.0,75000.0,0,Self employed,Group A,0
3826,2023-05,52132.45,0.58738,576.0,4362.54,2,Contract,Group B,0
3860,2023-05,57977.1,0.53352,629.0,30912.49,0,Salaried,Group A,0
3861,2023-05,55852.25,0.07343,589.0,13962.34,0,Contract,Group B,0
3933,2023-05,50427.37,0.2324,696.0,16059.53,1,Salaried,Group A,0
4007,2023-05,28294.48,0.26661,588.0,14457.71,0,Self employed,Group B,1
4021,2023-05,20895.93,0.20159,670.0,15111.01,1,Salaried,Group B,0
4050,2023-05,54243.36,0.17839,705.0,13544.43,0,Salaried,Group B,0
4083,2023-05,43672.87,0.39021,705.0,13125.37,0,Salaried,Group A,0
4123,2023-05,46147.34,0.37276,555.0,26519.21,1,Salaried,Group B,0
4126,2023-05,34433.21,0.54931,737.0,33676.43,0,Salaried,Group B,1
4153,2023-05,141006.28,0.55115,710.0,22142.53,0,Salaried,Group A,0
4155,2023-05,41715.44,0.13242,850.0,13326.96,0,Self employed,Group A,0
4160,2023-05,74203.71,0.40775,726.0,4481.14,0,Salaried,Group A,0
4178,2023-05,29090.67,0.30058,588.0,3759.51,0,Salaried,Group A,0
4200,2023-05,98760.64,0.52678,570.0,19663.31,0,Self employed,Group B,0
4237,2023-05,28881.76,0.03961,638.0,11140.92,0,Salaried,Group A,0
4250,2023-05,62027.02,0.2816,707.0,18987.44,2,Salaried,Group A,0
4344,2023-05,98200.89,0.30116,591.0,10685.89,0,Salaried,Group A,0
4353,2023-05,80378.2,0.26715,576.0,10709.59,0,Salaried,Group B,1
4402,2023-05,69657.78,0.29972,657.0,3538.93,0,Salaried,Group B,0
4422,2023-05,93823.57,0.13136,755.0,7185.53,0,Salaried,Group A,0
4471,2023-05,59595.23,0.48789,511.0,6452.79,1,Contract,Group A,1
4474,2023-05,127843.16,0.51752,700.0,4115.56,0,Salaried,Group B,0
4556,2023-05,55728.1,0.23944,731.0,8797.15,0,Salaried,Group B,0
4569,2023-05,65839.43,0.12976,661.0,25170.1,3,Salaried,Group A,1
4616,2023-05,35711.73,0.50482,802.0,46634.14,0,Salaried,Group A,0
4621,2023-05,35541.94,0.72496,648.0,12373.36,0,Self employed,Group A,1
4632,2023-05,163420.39,0.15949,672.0,20820.57,1,Contract,Group B,0
4641,2023-05,44738.17,0.48709,630.0,16766.53,0,Salaried,Group A,0
4666,2023-05,51943.33,0.57221,752.0,8885.56,0,Salaried,Group B,0
4679,2023-05,31949.76,0.67304,674.0,5914.97,0,Salaried,Group A,1
4723,2023-05,69252.44,0.12441,684.0,15489.94,0,Salaried,Group A,0
4762,2023-05,37052.16,0.13778,634.0,44409.35,1,Salaried,Group A,0
4789,2023-05,109211.92,0.35293,750.0,16084.98,0,Self employed,Group B,0
4803,2023-05,15508.87,0.17943,696.0,31733.42,0,Salaried,Group B,1
4871,2023-05,105365.28,0.11593,550.0,39800.81,1,Salaried,Group B,0
4903,2023-05,84916.85,0.59386,644.0,20959.95,0,Self employed,Group A,1
4904,2023-05,69397.77,0.297,777.0,9676.61,0,Contract,Group A,0
4907,2023-05,46701.85,0.1717,647.0,14489.21,0,Contract,Group A,0
4944,2023-05,47437.73,0.17045,681.0,57047.43,0,Self employed,Group A,1
4960,2023-05,42271.23,0.36655,774.0,48139.91,0,Salaried,Group B,0
4967,2023-05,70965.79,0.38497,641.0,25947.63,0,Salaried,Group B,0
4999,2023-05,63938.64,0.25086,742.0,14198.87,1,Contract,Group A,1
5026,2023-05,90325.89,0.49644,621.0,5920.43,0,Self employed,Group B,0
5039,2023-05,74671.44,0.29393,617.0,23749.64,0,Self employed,Group B,1
5044,2023-05,49083.69,0.31723,631.0,18260.61,0,Self employed,Group B,0
5064,2023-05,28893.69,0.08354,676.0,12868.88,1,Salaried,Group B,0
5072,2023-05,41665.51,0.05733,636.0,17149.25,0,Salaried,Group B,0
5109,2023-05,82926.75,0.10092,701.0,21157.32,0,Self employed,Group B,0
5129,2023-05,55480.19,0.5457,671.0,22965.25,0,Salaried,Group A,1
5151,2023-05,35511.95,0.06604,715.0,31828.23,0,Salaried,Group B,0
5165,2023-05,23454.77,0.1758,691.0,18627.56,0,Salaried,Group A,0
5170,2023-05,39058.08,0.4796,632.0,19813.11,0,Salaried,Group B,1
5175,2023-05,33373.11,0.12795,721.0,4028.66,0,Salaried,Group B,0
5178,2023-05,33635.15,0.1721,704.0,39602.91,0,Salaried,Group B,0
5202,2023-05,98292.28,0.27128,636.0,13751.21,0,Salaried,Group B,0
5233,2023-05,44648.69,0.41152,609.0,17862.3,1,Salaried,Group B,1
5254,2023-05,90288.53,0.22821,663.0,11686.55,0,Salaried,Group A,0
5261,2023-05,57980.8,0.22263,701.0,32899.3,1,Salaried,Group A,0
5292,2023-05,121199.47,0.34935,686.0,8768.47,1,Salaried,Group B,0
5313,2023-05,72378.18,0.2891,583.0,7530.29,0,Salaried,Group A,0
5331,2023-05,55532.97,0.27046,806.0,43996.68,1,Contract,Group A,0
5356,2023-05,32566.8,0.22376,690.0,11050.23,1,Contract,Group A,0
5370,2023-05,76541.75,0.35734,642.0,10003.32,0,Salaried,Group A,0
5405,2023-05,28802.25,0.38052,662.0,10386.16,0,Self employed,Group A,0
5420,2023-05,23503.13,0.4733,531.0,9130.92,1,Self employed,Group B,1
5459,2023-05,30437.78,0.03656,639.0,32298.59,1,Salaried,Group B,0
5467,2023-05,90315.69,0.08777,515.0,24666.93,1,Salaried,Group B,0
5487,2023-05,26354.66,0.19471,679.0,65470.68,0,Self employed,Group B,1
5546,2023-05,41363.83,0.08737,605.0,24838.39,0,Salaried,Group A,0
5555,2023-05,45807.95,0.29205,723.0,13344.21,1,Salaried,Group B,0
5617,2023-05,40365.22,0.14162,643.0,19257.02,0,Salaried,Group A,0
5630,2023-05,52653.43,0.66072,702.0,9632.65,0,Salaried,Group B,1
5664,2023-05,50295.26,0.74058,765.0,22361.07,0,Salaried,Group B,0
5665,2023-05,80538.04,0.20549,778.0,31208.19,0,Salaried,Group A,0
5673,2023-05,94741.87,0.06782,674.0,24533.55,1,Salaried,Group B,0
5697,2023-05,53205.02,0.44996,662.0,10981.02,0,Contract,Group A,1
5714,2023-05,139931.88,0.21843,626.0,75000.0,0,Self employed,Group A,0
5721,2023-05,43255.28,0.14684,698.0,28834.21,0,Contract,Group A,0
5736,2023-05,36545.33,0.25856,546.0,12405.73,0,Salaried,Group A,0
5743,2023-05,30713.03,0.69972,701.0,45128.63,0,Contract,Group B,1
5768,2023-05,63195.35,0.54382,782.0,16926.53,1,Salaried,Group A,0
5772,2023-05,53343.41,0.14993,710.0,22491.55,0,Self employed,Group B,0
5800,2023-05,30617.94,0.38338,656.0,17009.75,1,Salaried,Group A,1
5806,2023-05,43743.16,0.05763,590.0,19902.41,0,Salaried,Group B,0
5867,2023-05,70730.71,0.04375,691.0,41993.06,0,Salaried,Group A,1
5936,2023-05,48488.91,0.1144,683.0,9662.31,0,Self employed,Group B,0
5952,2023-05,21992.71,0.31651,653.0,19540.87,0,Self employed,Group A,0
5968,2023-05,46593.83,0.23506,673.0,16284.54,0,Contract,Group A,0
5988,2023-05,82990.11,0.29284,748.0,22929.25,0,Salaried,Group A,0
5993,2023-05,31316.61,0.5203,681.0,17957.79,0,Contract,Group A,0
6033,2023-05,29879.51,0.34754,642.0,8219.16,1,Salaried,Group B,0
6034,2023-05,52631.25,0.09152,687.0,23712.59,0,Self employed,Group B,0
6044,2023-05,66177.15,0.27948,684.0,14142.73,0,Contract,Group B,1
6155,2023-05,66458.22,0.38046,679.0,15324.52,0,Salaried,Group A,0
6262,2023-05,174090.06,0.0795,724.0,16889.61,0,Salaried,Group B,0
6283,2023-05,97349.49,0.2092,688.0,15236.16,1,Salaried,Group A,0
6287,2023-05,57290.28,0.35064,730.0,3414.82,0,Salaried,Group A,0
6344,2023-05,42554.26,0.3097,794.0,17081.38,0,Salaried,Group A,0
6349,2023-05,60001.18,0.72536,617.0,6117.06,0,Contract,Group A,1
6375,2023-05,38265.25,0.03662,775.0,39584.61,0,Salaried,Group B,0
6459,2023-05,87401.41,0.16259,688.0,4975.32,0,Salaried,Group B,0
6506,2023-05,114037.68,0.24622,731.0,10656.83,0,Self employed,Group B,0
6539,2023-05,50329.63,0.08309,712.0,8161.89,0,Salaried,Group B,0
6543,2023-05,62673.05,0.21065,610.0,44528.3,0,Salaried,Group A,0
6569,2023-05,53011.97,0.17555,709.0,21805.31,1,Self employed,Group A,1
6579,2023-05,67283.12,0.14376,626.0,43577.19,0,Self employed,Group A,0
6583,2023-05,54686.44,0.15502,604.0,21772.85,0,Salaried,Group A,0
6610,2023-05,38115.19,0.11563,737.0,12699.25,0,Self employed,Group B,0
6641,2023-05,51248.04,0.5182,677.0,10868.28,0,Contract,Group B,0
6707,2023-05,47220.27,0.25723,767.0,25384.72,1,Salaried,Group B,0
6714,2023-05,34213.1,0.48825,787.0,12171.36,0,Contract,Group B,0
6755,2023-05,37349.87,0.08879,674.0,15281.2,0,Salaried,Group B,0
6820,2023-05,63993.38,0.32275,707.0,9987.02,0,Contract,Group B,0
6839,2023-05,40532.35,0.26394,598.0,14545.42,0,Salaried,Group B,1
6861,2023-05,32007.35,0.19749,654.0,4052.84,0,Contract,Group A,0
6904,2023-05,59047.08,0.08798,674.0,17619.86,0,Self employed,Group A,0
6913,2023-05,48998.05,0.34533,709.0,62531.2,1,Salaried,Group A,0
6919,2023-05,,0.18125,567.0,33834.01,0,Salaried,Group A,1
6926,2023-05,50150.04,0.25001,645.0,17859.62,0,Salaried,Group B,0
6942,2023-05,75560.44,0.16215,697.0,14578.36,0,Salaried,Group A,1
6991,2023-05,43026.2,0.72587,741.0,6454.06,0,Salaried,Group A,0
6996,2023-05,39773.02,0.13408,608.0,40028.24,2,Salaried,Group A,1
7005,2023-05,15000.0,0.12874,643.0,7859.42,0,Salaried,Group B,1
7022,2023-05,32073.08,0.38646,665.0,14205.44,1,Salaried,Group A,0
7048,2023-05,69447.52,0.12454,734.0,6630.32,1,Self employed,Group B,0
7075,2023-05,22278.85,0.32095,731.0,33874.76,1,Contract,Group A,0
7086,2023-05,65163.12,0.20592,619.0,8743.78,0,Contract,Group A,0
7136,2023-05,57596.14,0.42685,709.0,15944.89,0,Contract,Group A,0
7203,2023-05,41127.05,0.05394,571.0,15777.25,0,Self employed,Group A,0
7239,2023-05,56904.2,0.51135,712.0,18133.34,0,Salaried,Group A,0
7277,2023-05,50013.08,0.01915,747.0,11097.13,0,Salaried,Group B,0
7285,2023-05,30149.97,0.18015,631.0,9191.39,0,Salaried,Group A,0
7331,2023-05,,0.20824,697.0,22500.51,1,Self employed,Group B,1
7335,2023-05,32397.25,0.28719,698.0,12724.28,0,Self employed,Group A,0
7378,2023-05,31860.6,0.15795,601.0,11063.15,1,Salaried,Group B,0
7394,2023-05,38934.13,0.20076,673.0,11588.06,0,Salaried,Group B,0
7424,2023-05,124856.15,0.21308,752.0,13982.5,0,Self employed,Group A,0
7453,2023-05,45288.85,0.15223,575.0,5293.6,1,Salaried,Group A,0
7455,2023-05,81806.78,0.41285,540.0,14663.43,0,Salaried,Group B,1
7499,2023-05,34967.47,0.22403,656.0,46902.08,0,Salaried,Group B,0
7517,2023-05,62276.6,0.27141,729.0,5217.2,2,Contract,Group A,0
7581,2023-05,80383.26,0.38263,646.0,26761.04,0,Contract,Group B,0
7587,2023-05,53504.95,0.32864,560.0,40893.03,1,Salaried,Group B,1
7593,2023-05,128323.48,0.36188,690.0,40056.34,0,Salaried,Group A,0
7684,2023-05,35696.1,0.37853,777.0,6598.07,1,Self employed,Group B,0
7728,2023-05,66324.39,0.21265,667.0,3567.64,0,Salaried,Group A,0
7754,2023-05,39283.75,0.32187,616.0,5619.7,0,Salaried,Group B,0
7788,2023-05,76923.09,0.36449,777.0,11308.15,0,Salaried,Group A,0
7861,2023-05,15401.39,0.42687,551.0,15985.19,0,Salaried,Group A,0
7866,2023-05,106914.77,0.0909,645.0,13127.77,0,Salaried,Group A,0
7924,2023-05,54978.4,0.38608,562.0,2930.13,2,Self employed,Group B,0
7927,2023-05,40606.19,0.43144,766.0,28487.14,0,Contract,Group A,1
7940,2023-05,53026.24,0.40429,598.0,22790.85,0,Contract,Group B,0
7950,2023-05,110371.8,0.32164,682.0,7510.57,0,Salaried,Group A,0
7961,2023-05,22276.38,0.11585,691.0,13151.97,2,Self employed,Group A,0
7984,2023-05,99918.8,0.17453,641.0,6609.53,0,Salaried,Group A,0
7993,2023-05,49877.38,0.09315,646.0,16778.24,0,Contract,Group A,1
8025,2023-05,51508.75,0.40092,656.0,18241.07,1,Salaried,Group A,0
8030,2023-05,87558.82,0.23143,625.0,48206.67,1,Salaried,Group A,0
8063,2023-05,66275.43,0.02738,670.0,22458.88,1,Salaried,Group A,0
8088,2023-05,50312.0,0.32466,662.0,45888.01,0,Salaried,Group B,0
8107,2023-05,119430.33,0.41619,707.0,10436.04,1,Self employed,Group B,0
8142,2023-05,101774.38,0.3578,579.0,9972.96,0,Salaried,Group A,0
8173,2023-05,65860.9,0.06533,701.0,17137.82,0,Salaried,Group A,0
8177,2023-05,44556.72,0.47109,671.0,11079.16,0,Salaried,Group A,0
8216,2023-05,43822.54,0.34587,734.0,21186.03,0,Salaried,Group B,0
8217,2023-05,53298.94,0.29486,507.0,18759.01,1,Salaried,Group A,1
8262,2023-05,65254.84,0.38007,755.0,17886.65,0,Self employed,Group B,0
8308,2023-05,103485.41,0.19851,510.0,14898.68,1,Salaried,Group B,1
8315,2023-05,28700.2,0.17925,738.0,16674.61,0,Salaried,Group B,0
8328,2023-05,77957.57,0.09631,658.0,49365.74,0,Salaried,Group B,0
8339,2023-05,78568.4,0.16952,773.0,15281.86,0,Self employed,Group B,0
8344,2023-05,77847.02,0.15443,781.0,9366.36,1,Self employed,Group A,0
8352,2023-05,73745.74,0.41428,610.0,10015.3,0,Salaried,Group A,0
8420,2023-05,58959.46,0.21076,727.0,10546.31,1,Self employed,Group B,0
8431,2023-05,39347.3,0.55076,724.0,4486.43,0,Salaried,Group A,1
8436,2023-05,39288.23,0.19289,658.0,12203.48,0,Salaried,Group A,1
8458,2023-05,45586.28,0.00828,635.0,13551.78,1,Salaried,Group B,1
8483,2023-05,117055.61,0.45411,654.0,12895.45,0,Salaried,Group B,0
8556,2023-05,80865.25,0.21919,614.0,46265.05,1,Salaried,Group A,1
8582,2023-05,130059.92,0.1619,709.0,16589.89,0,Contract,Group A,0
8598,2023-05,35297.21,0.30455,687.0,19371.23,0,Self employed,Group B,0
8637,2023-05,51319.13,0.48025,637.0,8585.28,0,Salaried,Group B,0
8650,2023-05,48724.81,0.30422,666.0,11338.3,2,Salaried,Group A,0
8663,2023-05,61397.14,0.27426,666.0,28810.02,0,Salaried,Group B,0
8669,2023-05,56389.68,0.73829,586.0,22583.47,0,Contract,Group A,1
8683,2023-05,88272.66,0.1431,676.0,12211.9,1,Salaried,Group B,0
8687,2023-05,77156.46,0.26578,718.0,8775.02,1,Self employed,Group B,0
8701,2023-05,97844.2,0.53469,738.0,8096.0,0,Salaried,Group A,0
8720,2023-05,129057.02,0.10143,767.0,40576.35,0,Salaried,Group B,0
8752,2023-05,84870.18,0.29447,649.0,26663.31,2,Contract,Group B,0
8834,2023-05,60915.65,0.05495,627.0,16515.58,0,Self employed,Group A,1
8836,2023-05,185192.05,0.36661,734.0,19284.4,0,Salaried,Group A,0
8843,2023-05,44017.48,0.03252,630.0,29433.98,1,Self employed,Group B,1
8866,2023-05,41135.46,0.47638,690.0,39136.06,0,Contract,Group B,1
8875,2023-05,47167.48,0.39713,706.0,10789.49,0,Salaried,Group A,0
8880,2023-05,35407.19,0.27015,693.0,4048.23,0,Salaried,Group A,0
8925,2023-05,214523.37,0.20136,669.0,37253.87,0,Salaried,Group B,0
8933,2023-05,37683.85,0.19367,657.0,8227.36,1,Salaried,Group B,0
8941,2023-05,169989.59,0.12092,666.0,35437.15,0,Self employed,Group B,0
8961,2023-05,103143.34,0.24503,695.0,17722.13,0,Self employed,Group A,0
8968,2023-05,71945.71,0.12212,599.0,14191.29,0,Salaried,Group B,0
8975,2023-05,32317.8,0.52948,619.0,18854.21,0,Salaried,Group A,0
8995,2023-05,57437.96,0.11402,686.0,48404.02,1,Salaried,Group A,0
9003,2023-05,87082.56,0.29049,727.0,59614.03,0,Self employed,Group B,0
9007,2023-05,57278.57,0.18983,630.0,20135.42,0,Contract,Group B,1
9200,2023-05,73955.1,0.43112,663.0,13500.71,2,Salaried,Group B,1
9238,2023-05,50129.14,0.58689,663.0,29921.16,1,Salaried,Group A,1
9283,2023-05,58006.8,0.38732,691.0,10444.97,0,Salaried,Group A,0
9325,2023-05,42535.34,0.32469,639.0,17790.55,0,Self employed,Group A,0
9351,2023-05,53413.03,0.04176,700.0,46638.59,1,Salaried,Group B,0
9391,2023-05,68395.06,0.51872,617.0,16138.9,1,Salaried,Group B,1
9410,2023-05,,0.30107,629.0,32266.84,0,Salaried,Group B,1
9427,2023-05,221730.64,0.29653,668.0,18951.59,0,Salaried,Group A,0
9459,2023-05,56112.22,0.49073,755.0,9019.67,2,Salaried,Group B,0
9493,2023-05,,0.27928,553.0,23822.8,0,Self employed,Group A,1
9502,2023-05,46407.37,0.15932,684.0,8984.91,0,Self employed,Group A,1
9541,2023-05,22429.1,0.06431,749.0,30393.1,0,Contract,Group B,0
9570,2023-05,47766.2,0.54804,624.0,24412.25,1,Salaried,Group A,0
9573,2023-05,20286.94,0.06402,522.0,10593.58,0,Contract,Group B,1
9579,2023-05,33571.34,0.72052,742.0,20352.85,0,Salaried,Group A,0
9634,2023-05,32965.36,0.14715,611.0,23473.86,0,Salaried,Group A,0
9643,2023-05,54997.44,0.2178,575.0,15786.38,1,Salaried,Group B,0
9657,2023-05,61472.15,0.25883,641.0,8918.31,0,Self employed,Group A,0
9686,2023-05,76246.25,0.03558,650.0,14299.87,0,Salaried,Group A,0
9690,2023-05,49677.33,0.16811,747.0,35002.11,0,Salaried,Group B,0
9743,2023-05,77807.72,0.29463,670.0,29273.15,0,Self employed,Group B,0
9745,2023-05,112963.78,0.21747,768.0,24474.75,0,Self employed,Group A,0
9754,2023-05,50124.37,0.19151,798.0,70889.85,1,Salaried,Group A,0
9814,2023-05,33441.23,0.20704,786.0,3489.13,1,Salaried,Group A,0
9816,2023-05,,0.06957,649.0,13953.99,0,Salaried,Group A,0
9832,2023-05,51363.08,0.1014,556.0,16354.55,0,Self employed,Group A,1
9888,2023-05,26706.25,0.07237,831.0,2729.29,1,Self employed,Group B,0
9898,2023-05,91048.22,0.27702,610.0,54556.38,0,Salaried,Group B,0
9909,2023-05,66304.1,0.35898,767.0,11006.61,0,Salaried,Group B,0
9910,2023-05,138014.41,0.43633,699.0,27343.75,0,Salaried,Group A,0
9929,2023-05,,0.03098,787.0,12903.29,0,Salaried,Group B,0
9938,2023-05,71128.19,0.46204,798.0,13292.8,0,Salaried,Group B,0
9944,2023-05,28678.16,0.2077,648.0,21363.59,0,Salaried,Group A,1
9952,2023-05,53315.53,0.05458,676.0,26021.21,0,Salaried,Group A,0
9960,2023-05,92822.98,0.06788,597.0,16898.46,0,Contract,Group B,1
9992,2023-05,,0.13985,631.0,75000.0,0,Salaried,Group A,0
10000,2023-05,64474.74,0.03503,645.0,8390.23,1,Self employed,Group A,1
10,2023-06,237699.68,0.37697,550.0,10667.28,0,Self employed,Group B,0
53,2023-06,80454.28,0.3817,581.0,13932.03,0,Self employed,Group A,0
65,2023-06,46062.43,0.18236,648.0,25523.02,1,Salaried,Group A,0
67,2023-06,42781.85,0.24434,641.0,19280.99,1,Salaried,Group A,0
73,2023-06,41660.76,0.34428,620.0,8362.32,0,Salaried,Group B,0
83,2023-06,39668.46,0.15261,628.0,8235.8,0,Self employed,Group A,1
85,2023-06,159142.23,0.48355,721.0,8874.95,1,Salaried,Group A,1
103,2023-06,65933.57,0.50881,750.0,43908.55,1,Self employed,Group B,0
110,2023-06,71543.47,0.19029,613.0,16385.8,0,Self employed,Group A,0
119,2023-06,51047.92,0.29131,715.0,14027.98,0,Contract,Group B,0
134,2023-06,89656.67,0.05395,806.0,5162.52,0,Salaried,Group A,0
161,2023-06,25685.19,0.24761,726.0,16199.81,0,Salaried,Group A,0
168,2023-06,50403.82,0.3413,595.0,12845.23,0,Self employed,Group A,1
182,2023-06,54400.53,0.13077,617.0,7237.11,1,Self employed,Group A,0
188,2023-06,80195.55,0.32013,734.0,5754.88,1,Salaried,Group B,0
193,2023-06,61615.24,0.4293,600.0,75000.0,0,Salaried,Group B,1
232,2023-06,55678.28,0.17339,541.0,8007.58,0,Salaried,Group B,1
242,2023-06,65904.41,0.15858,726.0,19585.8,0,Contract,Group A,0
246,2023-06,52652.63,0.29408,696.0,31167.76,0,Salaried,Group A,1
252,2023-06,36500.17,0.389,693.0,9992.67,0,Contract,Group A,0
298,2023-06,69436.72,0.1562,731.0,11913.39,1,Self employed,Group A,0
317,2023-06,93050.06,0.46953,736.0,7768.02,0,Salaried,Group A,0
342,2023-06,25399.83,0.44431,630.0,18700.79,0,Self employed,Group B,0
350,2023-06,85608.31,0.21942,718.0,14472.64,0,Contract,Group A,0
354,2023-06,50407.84,0.3665,698.0,19254.74,0,Self employed,Group B,0
364,2023-06,37520.21,0.06115,822.0,25492.81,0,Self employed,Group A,0
370,2023-06,28248.22,0.20452,671.0,24220.52,0,Salaried,Group B,0
376,2023-06,81957.02,0.64448,653.0,15409.25,0,Salaried,Group A,0
379,2023-06,30726.23,0.23452,647.0,17348.45,1,Contract,Group A,1
438,2023-06,205405.66,0.09928,645.0,19318.98,1,Self employed,Group B,0
442,2023-06,34767.1,0.4506,657.0,15931.15,1,Salaried,Group A,0
460,2023-06,35473.84,0.38999,729.0,12097.48,1,Contract,Group A,1
553,2023-06,36627.1,0.18417,696.0,14302.03,0,Salaried,Group B,0
568,2023-06,48122.02,0.14794,615.0,19056.54,0,Salaried,Group A,1
587,2023-06,156552.85,0.59557,611.0,15364.27,0,Contract,Group A,0
590,2023-06,74890.01,0.03215,675.0,7552.11,0,Salaried,Group B,0
618,2023-06,26886.27,0.11797,727.0,10089.7,0,Salaried,Group B,0
619,2023-06,29018.9,0.11976,636.0,57619.37,0,Self employed,Group A,0
641,2023-06,40134.4,0.1817,618.0,30835.91,0,Salaried,Group A,0
648,2023-06,37153.57,0.16825,641.0,17954.8,0,Self employed,Group A,0
654,2023-06,29075.25,0.04843,736.0,13319.13,0,Salaried,Group B,0
659,2023-06,35176.78,0.32109,740.0,20092.19,0,Salaried,Group A,0
676,2023-06,56480.06,0.36749,542.0,8319.37,1,Salaried,Group A,1
710,2023-06,30071.55,0.12134,697.0,4547.18,0,Self employed,Group A,0
739,2023-06,39938.83,0.15252,670.0,7340.2,1,Salaried,Group B,0
770,2023-06,32888.54,0.08835,559.0,4226.82,1,Salaried,Group A,0
796,2023-06,67660.76,0.29022,594.0,9563.91,0,Salaried,Group A,1
800,2023-06,122968.08,0.14878,688.0,2039.05,0,Salaried,Group A,0
809,2023-06,40908.94,0.41417,673.0,22298.59,0,Salaried,Group B,0
860,2023-06,37216.47,0.01018,692.0,7782.53,1,Salaried,Group A,0
885,2023-06,27487.8,0.28852,584.0,4791.6,1,Salaried,Group B,1
887,2023-06,31466.09,0.48654,683.0,6842.74,1,Self employed,Group B,0
916,2023-06,79345.09,0.16177,641.0,38947.61,0,Contract,Group B,0
997,2023-06,96526.08,0.2618,548.0,7024.67,0,Salaried,Group B,0
1025,2023-06,51975.96,0.37263,672.0,28673.57,0,Salaried,Group A,0
1081,2023-06,35822.32,0.38292,756.0,6701.8,0,Salaried,Group A,0
1129,2023-06,48271.24,0.38217,656.0,14587.44,0,Self employed,Group A,0
1140,2023-06,72135.14,0.5312,599.0,6058.49,1,Salaried,Group B,0
1164,2023-06,125294.72,0.28041,587.0,9547.23,0,Salaried,Group A,0
1181,2023-06,31966.02,0.41042,751.0,33045.26,0,Salaried,Group B,0
1199,2023-06,53284.43,0.05394,691.0,25033.81,0,Salaried,Group B,0
1215,2023-06,52353.56,0.19156,752.0,16819.67,1,Self employed,Group A,0
1225,2023-06,40732.75,0.34742,720.0,7096.85,0,Self employed,Group A,0
1227,2023-06,53326.45,0.4932,602.0,61248.78,0,Salaried,Group B,1
1250,2023-06,81791.1,0.5807,699.0,75000.0,0,Salaried,Group A,0
1260,2023-06,51138.78,0.46623,683.0,4042.86,0,Salaried,Group B,0
1295,2023-06,84408.67,0.24831,727.0,5704.24,0,Salaried,Group B,0
1376,2023-06,36505.05,0.18733,575.0,40058.61,0,Salaried,Group B,0
1384,2023-06,22230.33,0.11338,664.0,7023.66,0,Salaried,Group B,0
1385,2023-06,23946.55,0.14298,685.0,16878.58,0,Contract,Group A,0
1401,2023-06,45519.26,0.40807,763.0,16753.65,1,Self employed,Group A,1
1463,2023-06,117488.22,0.36918,671.0,22324.14,0,Salaried,Group A,0
1505,2023-06,70129.14,0.42528,648.0,5034.72,0,Self employed,Group B,0
1522,2023-06,44261.97,0.23773,718.0,3248.28,0,Salaried,Group A,0
1547,2023-06,45307.53,0.56141,754.0,46258.31,0,Salaried,Group B,0
1549,2023-06,74729.53,0.32037,650.0,14632.14,0,Salaried,Group A,0
1570,2023-06,133523.37,0.39318,631.0,25988.26,0,Contract,Group A,1
1589,2023-06,86409.18,0.48713,619.0,4631.85,1,Salaried,Group A,1
1619,2023-06,94262.21,0.45301,654.0,8415.58,1,Contract,Group A,0
1680,2023-06,40563.97,0.25111,679.0,14848.81,0,Salaried,Group B,0
1703,2023-06,102805.54,0.32133,627.0,5574.34,0,Self employed,Group A,0
1717,2023-06,46682.98,0.24731,661.0,31039.49,0,Salaried,Group A,0
1725,2023-06,37752.21,0.12527,638.0,13343.06,0,Salaried,Group A,0
1743,2023-06,30190.9,0.27063,696.0,22691.6,0,Self employed,Group B,0
1816,2023-06,90914.04,0.55395,792.0,6588.64,0,Salaried,Group B,0
1824,2023-06,76367.25,0.38793,632.0,13065.76,0,Salaried,Group A,1
1843,2023-06,52834.85,0.19663,758.0,8528.32,0,Contract,Group A,0
1930,2023-06,34620.58,0.58925,719.0,16090.8,1,Contract,Group A,0
1940,2023-06,29494.46,0.23287,621.0,12994.94,0,Salaried,Group A,0
1961,2023-06,56131.27,0.10135,715.0,19029.28,0,Salaried,Group B,0
1964,2023-06,35680.72,0.47603,709.0,17588.59,0,Salaried,Group B,1
1977,2023-06,47915.21,0.22864,695.0,6867.22,0,Salaried,Group A,0
1982,2023-06,42265.53,0.25846,638.0,16009.15,0,Salaried,Group A,1
2016,2023-06,67394.94,0.31007,768.0,16013.91,0,Self employed,Group B,0
2027,2023-06,29263.45,0.18204,802.0,28781.32,0,Self employed,Group A,0
2030,2023-06,96815.03,0.52326,632.0,5346.61,2,Salaried,Group A,0
2040,2023-06,91082.71,0.13741,620.0,8791.95,1,Salaried,Group B,0
2043,2023-06,33428.01,0.21256,743.0,6254.41,0,Salaried,Group A,0
2047,2023-06,60678.45,0.27733,746.0,20812.86,0,Salaried,Group A,0
2052,2023-06,72449.79,0.15999,642.0,25657.85,0,Salaried,Group B,0
2068,2023-06,48649.98,0.11135,699.0,20908.2,0,Salaried,Group B,0
2095,2023-06,15000.0,0.30822,495.0,27147.86,0,Salaried,Group B,1
2126,2023-06,36596.7,0.09625,746.0,14390.4,1,Self employed,Group B,0
2137,2023-06,45458.41,0.12836,668.0,8556.66,0,Contract,Group B,1
2138,2023-06,63805.14,0.18038,650.0,13732.58,0,Self employed,Group A,0
2169,2023-06,42113.15,0.37155,647.0,8852.7,0,Salaried,Group A,0
2177,2023-06,59494.47,0.34516,644.0,16485.96,0,Salaried,Group A,0
2181,2023-06,111594.46,0.59925,750.0,6917.33,0,Salaried,Group A,0
2208,2023-06,54946.9,0.14308,710.0,6886.41,0,Self employed,Group A,0
2320,2023-06,90779.6,0.34505,700.0,26935.1,1,Contract,Group A,1
2326,2023-06,36845.23,0.49538,502.0,21825.23,0,Salaried,Group A,1
2338,2023-06,34254.16,0.22883,680.0,15998.22,0,Salaried,Group B,0
2404,2023-06,82567.04,0.00483,620.0,10662.08,2,Self employed,Group A,0
2412,2023-06,53524.74,0.24962,699.0,10062.09,1,Salaried,Group A,0
2423,2023-06,138255.13,0.30008,524.0,12154.56,0,Salaried,Group A,1
2433,2023-06,62042.66,0.07772,714.0,22377.94,0,Salaried,Group A,0
2480,2023-06,31619.67,0.30618,667.0,11507.21,0,Salaried,Group B,1
2493,2023-06,70629.34,0.53994,727.0,18320.13,1,Contract,Group A,1
2500,2023-06,50612.95,0.49874,570.0,13409.36,2,Salaried,Group A,1
2502,2023-06,,0.10907,705.0,54754.85,0,Salaried,Group A,0
2521,2023-06,43427.7,0.12667,626.0,14815.51,0,Salaried,Group A,0
2580,2023-06,21072.7,0.55914,697.0,9552.43,1,Contract,Group B,1
2602,2023-06,61319.56,0.44355,497.0,12497.9,1,Self employed,Group A,1
2604,2023-06,56956.47,0.10838,688.0,6870.65,0,Salaried,Group B,0
2629,2023-06,49520.76,0.30787,762.0,13360.61,0,Contract,Group B,0
2635,2023-06,94707.15,0.14103,732.0,15990.69,1,Salaried,Group B,0
2672,2023-06,46468.37,0.12131,699.0,8259.35,1,Contract,Group A,0
2689,2023-06,41394.13,0.19319,630.0,9210.94,0,Salaried,Group A,1
2725,2023-06,27782.95,0.36099,698.0,15590.65,0,Self employed,Group B,0
2739,2023-06,36064.91,0.35398,614.0,8253.8,0,Salaried,Group B,1
2758,2023-06,67664.17,0.12909,640.0,32973.13,0,Self employed,Group B,0
2779,2023-06,38643.23,0.20539,605.0,17427.2,1,Salaried,Group B,1
2797,2023-06,67981.14,0.08758,740.0,10685.53,1,Salaried,Group A,0
2890,2023-06,67272.7,0.12122,714.0,21200.08,0,Self employed,Group A,0
2893,2023-06,68607.95,0.14828,689.0,8741.35,0,Salaried,Group A,0
2900,2023-06,56338.67,0.18602,697.0,8213.26,1,Contract,Group B,0
2907,2023-06,86875.62,0.45939,463.0,14013.78,1,Salaried,Group A,1
2914,2023-06,250000.0,0.17751,617.0,21196.57,1,Salaried,Group A,0
2932,2023-06,74120.29,0.11277,605.0,9081.0,1,Salaried,Group B,0
2938,2023-06,29428.1,0.27827,664.0,18564.88,1,Salaried,Group A,0
2965,2023-06,44218.04,0.22588,767.0,12526.33,0,Self employed,Group A,1
3034,2023-06,77264.65,0.31629,704.0,13871.28,0,Salaried,Group B,0
3081,2023-06,51085.74,0.15429,798.0,44458.91,1,Self employed,Group B,0
3102,2023-06,68776.94,0.03283,726.0,44168.88,0,Salaried,Group A,0
3109,2023-06,77923.3,0.30911,700.0,20244.09,0,Salaried,Group B,1
3129,2023-06,39658.94,0.3872,699.0,10358.49,0,Salaried,Group A,0
3135,2023-06,42367.16,0.04727,606.0,13006.61,0,Salaried,Group B,0
3204,2023-06,90409.12,0.33849,649.0,8357.05,0,Contract,Group A,0
3212,2023-06,99795.9,0.2787,707.0,51794.97,0,Salaried,Group B,1
3228,2023-06,31028.89,0.56582,637.0,71049.16,1,Salaried,Group A,1
3233,2023-06,42160.41,0.27472,570.0,19050.56,0,Self employed,Group A,0
3240,2023-06,52108.47,0.47631,725.0,20706.37,0,Salaried,Group A,1
3284,2023-06,64425.6,0.22802,645.0,45368.11,0,Salaried,Group B,0
3304,2023-06,99680.51,0.17818,649.0,20510.19,0,Salaried,Group A,0
3313,2023-06,86077.22,0.44967,725.0,10651.68,0,Self employed,Group B,0
3315,2023-06,84156.21,0.08446,728.0,7279.01,0,Salaried,Group A,0
3350,2023-06,20458.07,0.36233,698.0,18497.26,1,Salaried,Group B,0
3397,2023-06,15802.56,0.46366,692.0,3217.76,0,Salaried,Group B,0
3410,2023-06,80563.26,0.1481,653.0,9186.37,0,Contract,Group A,1
3466,2023-06,108891.27,0.29825,623.0,11973.46,1,Salaried,Group A,1
3487,2023-06,53307.0,0.17057,680.0,17136.73,0,Self employed,Group B,0
3502,2023-06,67561.51,0.51014,715.0,12329.97,0,Self employed,Group A,0
3533,2023-06,44067.55,0.4658,677.0,15243.74,0,Self employed,Group B,1
3544,2023-06,52531.94,0.14458,628.0,8228.6,0,Salaried,Group B,0
3552,2023-06,77996.76,0.46958,610.0,2789.95,0,Self employed,Group A,1
3601,2023-06,113364.53,0.39112,641.0,13634.49,2,Self employed,Group A,0
3629,2023-06,83153.09,0.07316,601.0,18216.63,0,Self employed,Group B,0
3682,2023-06,107293.51,0.2113,722.0,27264.14,1,Salaried,Group A,0
3700,2023-06,80059.83,0.19906,674.0,45371.73,0,Self employed,Group A,0
3702,2023-06,47775.41,0.01741,687.0,8143.62,1,Salaried,Group A,0
3718,2023-06,125931.71,0.11243,494.0,14518.58,0,Salaried,Group A,1
3739,2023-06,44746.37,0.31605,751.0,5854.04,0,Salaried,Group B,0
3745,2023-06,93133.03,0.24392,736.0,20575.92,0,Salaried,Group B,0
3776,2023-06,67861.74,0.08191,729.0,13482.6,1,Salaried,Group A,0
3820,2023-06,53565.71,0.34122,562.0,4778.55,1,Salaried,Group B,1
3827,2023-06,74024.62,0.15849,709.0,13628.75,0,Salaried,Group A,1
3839,2023-06,39926.72,0.15835,673.0,47958.8,0,Self employed,Group A,0
3885,2023-06,48325.7,0.23219,600.0,11948.44,0,Contract,Group A,1
3899,2023-06,74218.06,0.20902,607.0,24221.49,0,Salaried,Group B,0
3902,2023-06,25474.36,0.12709,686.0,29205.06,0,Contract,Group B,1
3966,2023-06,89603.64,0.04781,754.0,20249.88,1,Salaried,Group A,0
3975,2023-06,46491.68,0.46559,715.0,19232.96,0,Salaried,Group B,0
4010,2023-06,42877.61,0.15816,708.0,15344.63,0,Salaried,Group A,0
4078,2023-06,39577.14,0.17605,676.0,16689.06,0,Salaried,Group B,0
4101,2023-06,74508.67,0.1537,745.0,16666.59,0,Contract,Group B,0
4136,2023-06,22721.29,0.36779,646.0,22928.63,0,Contract,Group B,1
4228,2023-06,34366.53,0.21724,719.0,4358.61,0,Salaried,Group B,0
4243,2023-06,53162.1,0.27874,674.0,28623.21,0,Salaried,Group B,0
4248,2023-06,34625.61,0.12839,631.0,12266.96,1,Salaried,Group B,1
4270,2023-06,47452.51,0.19798,729.0,8276.26,0,Self employed,Group B,0
4305,2023-06,40167.77,0.7989,668.0,6076.59,1,Salaried,Group B,1
4403,2023-06,38922.75,0.27866,755.0,9681.96,0,Contract,Group B,0
4412,2023-06,38747.12,0.33905,659.0,28383.59,1,Self employed,Group B,0
4416,2023-06,33607.7,0.22983,848.0,27636.13,0,Salaried,Group A,0
4424,2023-06,34636.38,0.36271,735.0,7628.98,0,Contract,Group B,0
4453,2023-06,49325.04,0.15533,627.0,9102.62,0,Contract,Group A,0
4492,2023-06,41400.06,0.39698,588.0,12528.99,0,Contract,Group A,0
4493,2023-06,35175.38,0.25208,666.0,19618.55,0,Salaried,Group A,0
4494,2023-06,86785.03,0.17293,641.0,13840.62,0,Salaried,Group A,0
4516,2023-06,64802.1,0.127,667.0,36078.84,0,Salaried,Group A,1
4525,2023-06,16339.12,0.37811,717.0,16395.44,0,Salaried,Group A,0
4546,2023-06,62924.15,0.29062,715.0,12482.88,0,Salaried,Group B,0
4681,2023-06,37013.71,0.16549,604.0,8475.91,0,Salaried,Group A,1
4695,2023-06,24890.85,0.20185,604.0,11149.93,0,Salaried,Group A,0
4794,2023-06,29218.18,0.60797,748.0,11118.11,0,Self employed,Group B,0
4795,2023-06,31314.56,0.3407,648.0,4688.59,0,Salaried,Group B,0
4826,2023-06,79412.03,0.03189,702.0,10782.72,1,Salaried,Group B,0
4868,2023-06,106399.76,0.44616,591.0,13791.31,0,Self employed,Group A,0
4882,2023-06,56398.48,0.07988,764.0,20318.02,0,Salaried,Group B,0
4901,2023-06,74375.49,0.44314,702.0,5940.95,0,Salaried,Group A,0
4948,2023-06,59969.07,0.05123,673.0,31903.42,0,Salaried,Group A,0
4964,2023-06,121667.75,0.08622,654.0,12644.2,0,Salaried,Group A,1
4998,2023-06,69024.92,0.13259,707.0,6074.57,0,Salaried,Group B,0
5005,2023-06,42002.11,0.43729,761.0,37426.5,0,Self employed,Group B,0
5009,2023-06,26217.45,0.16934,675.0,12392.15,0,Salaried,Group A,0
5048,2023-06,92724.71,0.16937,621.0,9650.62,1,Salaried,Group A,0
5050,2023-06,50997.27,0.286,737.0,10686.52,0,Salaried,Group B,0
5115,2023-06,31314.2,0.49883,604.0,1678.56,2,Salaried,Group B,1
5141,2023-06,72279.99,0.33303,624.0,36924.15,0,Salaried,Group B,0
5156,2023-06,112249.73,0.16282,635.0,10299.26,1,Salaried,Group A,0
5200,2023-06,76931.02,0.43974,723.0,18712.34,0,Contract,Group A,0
5212,2023-06,53795.03,0.24571,749.0,38363.49,0,Salaried,Group A,0
5240,2023-06,54263.78,0.04282,669.0,15394.48,0,Self employed,Group A,0
5268,2023-06,75107.13,0.08519,619.0,15751.06,0,Salaried,Group A,0
5289,2023-06,19399.81,0.30314,610.0,4558.13,1,Salaried,Group A,1
5297,2023-06,15000.0,0.53839,668.0,6496.36,1,Self employed,Group B,1
5305,2023-06,44827.52,0.12419,710.0,11979.35,1,Salaried,Group A,0
5314,2023-06,35775.29,0.16785,670.0,19246.9,1,Contract,Group A,0
5368,2023-06,44690.7,0.19921,662.0,24218.98,1,Salaried,Group A,0
5369,2023-06,113037.74,0.23867,723.0,7812.43,0,Salaried,Group B,1
5371,2023-06,54107.21,0.07641,677.0,15908.16,0,Salaried,Group B,0
5414,2023-06,44394.26,0.01528,598.0,23281.63,0,Salaried,Group B,1
5419,2023-06,74578.7,0.32949,646.0,11833.1,0,Contract,Group B,0
5427,2023-06,47343.82,0.18162,697.0,7133.7,0,Salaried,Group A,0
5472,2023-06,95269.92,0.2624,658.0,22841.78,1,Salaried,Group B,0
5475,2023-06,32350.18,0.57043,594.0,11151.7,0,Salaried,Group B,0
5486,2023-06,43811.48,0.10079,607.0,19385.23,0,Self employed,Group B,0
5500,2023-06,26153.38,0.39591,725.0,20722.81,0,Salaried,Group B,1
5506,2023-06,85731.9,0.41848,699.0,17370.04,0,Self employed,Group B,0
5532,2023-06,42296.57,0.12406,568.0,23473.03,0,Salaried,Group B,0
5570,2023-06,96644.1,0.29052,598.0,13713.49,0,Contract,Group A,1
5608,2023-06,37643.18,0.4635,738.0,21015.93,0,Salaried,Group B,0
5616,2023-06,57071.56,0.37688,601.0,40412.58,0,Salaried,Group B,0
5626,2023-06,104100.0,0.52974,712.0,23927.47,0,Salaried,Group B,1
5627,2023-06,68394.46,0.16161,639.0,5086.34,0,Contract,Group A,0
5632,2023-06,92567.04,0.11806,797.0,12998.27,0,Salaried,Group A,0
5646,2023-06,29307.06,0.07677,651.0,6948.13,0,Contract,Group A,0
5659,2023-06,52167.53,0.11813,638.0,32275.98,0,Salaried,Group A,0
5719,2023-06,57694.69,0.13251,670.0,23091.21,3,Salaried,Group B,1
5732,2023-06,27745.52,0.11457,637.0,12462.21,0,Self employed,Group A,0
5752,2023-06,44062.78,0.15979,790.0,5923.88,1,Salaried,Group B,1
5759,2023-06,60050.46,0.17149,648.0,7119.44,0,Salaried,Group A,0
5819,2023-06,50631.35,0.33028,617.0,16439.97,1,Salaried,Group B,0
5864,2023-06,44224.86,0.32109,596.0,26448.61,0,Contract,Group A,1
5880,2023-06,66498.28,0.31268,612.0,8201.97,0,Contract,Group A,0
5882,2023-06,127146.48,0.16857,704.0,18033.82,0,Contract,Group A,0
5891,2023-06,51151.28,0.22183,603.0,26790.22,0,Salaried,Group A,1
5937,2023-06,53869.88,0.31741,660.0,25240.86,0,Salaried,Group A,1
5976,2023-06,73123.52,0.31733,640.0,8769.29,1,Salaried,Group A,1
6002,2023-06,65465.44,0.3111,696.0,9507.31,0,Salaried,Group A,0
6007,2023-06,116701.26,0.11366,614.0,8994.69,0,Salaried,Group B,1
6008,2023-06,38657.1,0.12118,624.0,13534.06,0,Contract,Group B,0
6023,2023-06,77847.69,0.20762,658.0,7115.2,0,Salaried,Group A,0
6035,2023-06,111202.61,0.17308,733.0,37117.33,1,Salaried,Group A,0
6069,2023-06,103598.85,0.64182,738.0,9629.48,0,Salaried,Group B,0
6116,2023-06,58704.92,0.34072,645.0,7398.26,0,Salaried,Group B,1
6152,2023-06,49933.75,0.19415,750.0,15913.81,1,Salaried,Group A,0
6164,2023-06,53777.32,0.29297,797.0,10311.25,0,Salaried,Group A,0
6180,2023-06,31694.72,0.29241,618.0,7476.03,0,Salaried,Group B,0
6184,2023-06,113612.78,0.56568,695.0,11765.19,0,Salaried,Group B,0
6192,2023-06,61664.54,0.13166,742.0,24353.7,1,Salaried,Group A,0
6205,2023-06,145593.41,0.19734,727.0,46449.15,0,Self employed,Group B,0
6226,2023-06,30561.0,0.34721,683.0,34278.65,0,Salaried,Group A,0
6235,2023-06,37802.93,0.22242,673.0,13340.38,0,Salaried,Group A,0
6241,2023-06,49370.63,0.36218,685.0,44974.21,0,Salaried,Group A,0
6277,2023-06,106347.44,0.36374,735.0,10790.45,0,Salaried,Group A,0
6298,2023-06,43884.19,0.12053,661.0,14743.03,1,Salaried,Group A,0
6302,2023-06,101541.57,0.46603,640.0,20215.79,0,Self employed,Group A,0
6303,2023-06,59268.37,0.30093,653.0,7053.93,0,Self employed,Group A,0
6307,2023-06,53623.07,0.13341,577.0,14347.99,0,Salaried,Group A,0
6352,2023-06,38871.18,0.49872,616.0,20506.11,0,Contract,Group A,1
6365,2023-06,35724.32,0.5498,740.0,16631.83,0,Self employed,Group A,0
6401,2023-06,67641.75,0.41782,720.0,17535.24,0,Salaried,Group B,0
6411,2023-06,95651.48,0.2948,574.0,14700.95,0,Salaried,Group B,0
6418,2023-06,86845.25,0.28861,758.0,11776.96,1,Salaried,Group B,0
6427,2023-06,160059.6,0.40911,683.0,28557.9,0,Salaried,Group B,0
6457,2023-06,55820.43,0.51598,730.0,15119.47,0,Salaried,Group B,0
6463,2023-06,48877.15,0.21799,658.0,3427.09,0,Salaried,Group A,0
6472,2023-06,41074.03,0.10293,583.0,13595.32,1,Contract,Group B,1
6518,2023-06,42849.26,0.15323,757.0,11946.58,0,Self employed,Group B,0
6522,2023-06,66361.2,0.35606,668.0,16731.78,0,Salaried,Group B,1
6528,2023-06,109774.5,0.08471,752.0,53664.08,2,Salaried,Group A,0
6549,2023-06,61887.35,0.37882,685.0,20212.54,0,Contract,Group A,0
6563,2023-06,83836.09,0.41274,655.0,15009.55,0,Salaried,Group A,0
6572,2023-06,34645.47,0.28755,731.0,29119.12,1,Salaried,Group B,0
6586,2023-06,33222.81,0.27153,703.0,21391.79,1,Contract,Group B,0
6598,2023-06,28730.99,0.36599,655.0,29094.51,0,Salaried,Group A,0
6602,2023-06,37521.53,0.30086,592.0,10862.85,0,Salaried,Group B,0
6605,2023-06,100927.75,0.3855,598.0,21150.97,0,Self employed,Group A,0
6615,2023-06,25131.08,0.03326,692.0,12726.2,0,Salaried,Group B,0
6642,2023-06,74199.09,0.29461,701.0,12616.58,0,Salaried,Group A,0
6696,2023-06,90986.87,0.3891,658.0,16572.44,0,Salaried,Group A,0
6713,2023-06,83106.37,0.06111,822.0,15751.84,0,Self employed,Group B,0
6735,2023-06,75489.7,0.33384,729.0,22071.17,0,Salaried,Group B,0
6760,2023-06,47247.65,0.65163,698.0,14161.87,0,Salaried,Group B,0
6777,2023-06,86498.65,0.07724,601.0,35514.47,3,Salaried,Group A,1
6790,2023-06,65516.93,0.03927,625.0,12489.19,0,Self employed,Group A,1
6799,2023-06,61744.31,0.08407,641.0,18827.66,0,Salaried,Group B,0
6845,2023-06,90908.24,0.2594,744.0,41460.51,0,Salaried,Group B,0
6865,2023-06,52948.07,0.09035,614.0,18663.1,0,Salaried,Group B,0
6878,2023-06,32601.33,0.65724,729.0,41678.96,1,Salaried,Group B,1
6887,2023-06,60620.4,0.34011,695.0,4100.31,0,Self employed,Group B,0
6899,2023-06,31569.54,0.55831,674.0,31497.3,1,Self employed,Group A,0
6900,2023-06,47665.31,0.24923,721.0,24059.66,0,Self employed,Group A,0
6906,2023-06,23957.17,0.07109,734.0,25184.02,0,Salaried,Group A,1
6946,2023-06,38664.08,0.26352,732.0,30309.72,1,Salaried,Group A,0
6948,2023-06,104063.24,0.33084,721.0,7132.51,0,Self employed,Group A,0
6955,2023-06,82788.85,0.21431,640.0,22999.01,0,Salaried,Group A,0
6971,2023-06,86013.2,0.14042,717.0,5363.42,0,Contract,Group A,0
6979,2023-06,28094.19,0.18261,707.0,9228.83,1,Salaried,Group A,0
7009,2023-06,22949.42,0.28686,630.0,20202.46,0,Salaried,Group A,1
7081,2023-06,69936.69,0.44045,721.0,5063.74,0,Contract,Group B,1
7105,2023-06,60427.17,0.12193,593.0,7475.89,0,Salaried,Group A,0
7149,2023-06,106717.69,0.2761,714.0,8768.42,0,Self employed,Group A,0
7153,2023-06,86781.93,0.19341,719.0,34299.81,0,Self employed,Group B,0
7183,2023-06,56174.36,0.28436,654.0,48554.23,2,Contract,Group A,1
7212,2023-06,75889.97,0.24344,690.0,14056.32,0,Self employed,Group A,0
7219,2023-06,68025.82,0.69711,620.0,26052.13,0,Self employed,Group A,1
7248,2023-06,40091.2,0.28178,698.0,10674.27,0,Self employed,Group B,0
7281,2023-06,28521.71,0.2406,615.0,11029.67,0,Salaried,Group A,1
7296,2023-06,55845.68,0.2955,698.0,22036.0,0,Salaried,Group B,0
7305,2023-06,76963.27,0.11133,708.0,47364.81,1,Salaried,Group B,1
7313,2023-06,26289.13,0.54739,517.0,9660.67,0,Salaried,Group A,1
7320,2023-06,58337.31,0.35052,537.0,11139.11,0,Salaried,Group A,1
7323,2023-06,42965.2,0.28248,597.0,6798.21,0,Salaried,Group A,0
7341,2023-06,56323.5,0.54222,735.0,10916.39,2,Salaried,Group B,1
7344,2023-06,51583.59,0.15245,735.0,12341.26,0,Self employed,Group B,0
7346,2023-06,81643.59,0.21464,637.0,14552.77,0,Self employed,Group B,0
7376,2023-06,107577.22,0.44975,670.0,23187.73,0,Salaried,Group A,0
7397,2023-06,37509.93,0.14154,598.0,13962.15,1,Self employed,Group A,0
7419,2023-06,23843.4,0.29127,620.0,8957.28,0,Self employed,Group A,1
7436,2023-06,61521.16,0.21819,652.0,28297.12,1,Salaried,Group A,1
7443,2023-06,162309.59,0.44556,716.0,21054.9,0,Salaried,Group B,0
7468,2023-06,43994.16,0.2158,606.0,9384.78,0,Salaried,Group A,0
7474,2023-06,52289.69,0.24109,683.0,9882.43,0,Self employed,Group A,0
7476,2023-06,91605.89,0.21413,622.0,26438.4,1,Salaried,Group B,0
7484,2023-06,74336.07,0.27497,691.0,19047.37,0,Salaried,Group A,0
7525,2023-06,76536.26,0.35161,636.0,7471.92,0,Salaried,Group A,1
7574,2023-06,66971.55,0.08038,595.0,26844.87,0,Salaried,Group B,0
7676,2023-06,50665.6,0.29538,669.0,7088.34,1,Contract,Group A,0
7690,2023-06,90869.77,0.32734,582.0,15999.47,0,Salaried,Group A,0
7700,2023-06,58598.12,0.13936,660.0,9678.56,1,Self employed,Group B,1
7717,2023-06,58317.0,0.18222,608.0,17736.58,0,Salaried,Group B,0
7721,2023-06,47898.26,0.56887,652.0,19579.51,0,Contract,Group A,0
7727,2023-06,26602.82,0.18725,664.0,16885.92,0,Salaried,Group B,0
7757,2023-06,44709.27,0.2491,629.0,9102.66,1,Salaried,Group A,0
7764,2023-06,86661.19,0.23021,554.0,11179.34,1,Salaried,Group B,0
7765,2023-06,44679.97,0.52387,662.0,27691.14,0,Self employed,Group B,0
7812,2023-06,19574.62,0.35028,682.0,11607.17,0,Salaried,Group B,0
7825,2023-06,99345.41,0.40969,667.0,22100.83,0,Contract,Group B,0
7834,2023-06,39642.02,0.29362,758.0,17050.63,1,Salaried,Group B,0
7845,2023-06,20532.49,0.30052,676.0,5653.75,0,Salaried,Group A,1
7877,2023-06,119682.56,0.30116,547.0,17574.65,0,Salaried,Group A,1
7887,2023-06,121229.43,0.36774,700.0,11870.43,1,Salaried,Group A,0
7949,2023-06,64150.12,0.83724,648.0,31618.57,2,Salaried,Group A,0
7976,2023-06,73992.17,0.1352,607.0,13790.65,0,Salaried,Group A,0
8017,2023-06,26940.2,0.61663,771.0,25574.3,0,Self employed,Group B,0
8044,2023-06,83902.28,0.35907,605.0,6256.61,1,Salaried,Group B,1
8105,2023-06,31386.18,0.37466,729.0,7934.41,0,Salaried,Group B,0
8106,2023-06,37535.14,0.11317,633.0,5594.29,0,Contract,Group A,0
8166,2023-06,41329.03,0.02203,640.0,33038.25,0,Self employed,Group A,0
8178,2023-06,102130.02,0.17542,535.0,43707.14,0,Salaried,Group A,1
8232,2023-06,69029.22,0.12684,697.0,12089.77,0,Self employed,Group A,0
8252,2023-06,34052.66,0.34842,788.0,10135.45,0,Self employed,Group B,0
8297,2023-06,32865.39,0.05886,728.0,14420.12,1,Salaried,Group B,0
8319,2023-06,36257.67,0.25164,718.0,25832.94,0,Salaried,Group B,0
8321,2023-06,44837.67,0.30027,701.0,15760.26,1,Contract,Group A,1
8334,2023-06,91507.12,0.24061,613.0,13634.8,0,Salaried,Group A,0
8377,2023-06,50402.58,0.60386,732.0,17520.7,1,Contract,Group A,0
8407,2023-06,46469.49,0.48537,618.0,64392.1,0,Contract,Group A,0
8419,2023-06,41734.78,0.38243,646.0,43699.42,0,Contract,Group A,1
8497,2023-06,45078.52,0.34084,582.0,35192.96,0,Salaried,Group A,1
8562,2023-06,83958.94,0.15858,715.0,19887.48,0,Contract,Group A,0
8565,2023-06,41274.61,0.30081,701.0,10235.68,0,Salaried,Group B,0
8566,2023-06,48794.73,0.42696,763.0,14372.18,1,Salaried,Group B,0
8575,2023-06,58301.58,0.15681,742.0,13878.79,0,Salaried,Group A,0
8606,2023-06,96824.47,0.04268,747.0,6946.39,0,Contract,Group A,0
8642,2023-06,58735.09,0.31778,749.0,7903.47,0,Contract,Group B,0
8697,2023-06,29895.96,0.53659,729.0,43129.85,0,Salaried,Group B,1
8762,2023-06,117304.5,0.07202,729.0,14859.58,0,Salaried,Group A,0
8782,2023-06,61277.2,0.10178,647.0,5805.6,0,Contract,Group A,0
8814,2023-06,64290.73,0.33841,731.0,9266.56,0,Contract,Group B,0
8815,2023-06,74011.9,0.34251,586.0,10433.46,0,Salaried,Group A,1
8884,2023-06,58354.37,0.08784,714.0,7958.61,2,Salaried,Group A,0
8889,2023-06,33662.65,0.22238,755.0,15442.45,1,Self employed,Group A,0
8908,2023-06,44566.96,0.5265,639.0,8369.88,0,Salaried,Group A,0
8910,2023-06,28948.2,0.41754,693.0,11659.56,0,Salaried,Group A,1
8917,2023-06,49474.31,0.33769,644.0,15990.77,1,Salaried,Group A,1
8938,2023-06,58480.55,0.15752,648.0,10630.94,1,Salaried,Group A,1
8943,2023-06,31248.71,0.05627,606.0,16498.6,0,Self employed,Group A,0
8949,2023-06,110984.42,0.3926,680.0,9352.15,0,Salaried,Group B,0
8977,2023-06,25950.65,0.1803,688.0,19916.75,0,Salaried,Group A,0
8982,2023-06,31924.74,0.4829,686.0,9003.47,0,Salaried,Group A,0
8987,2023-06,47757.31,0.54823,803.0,5954.43,0,Contract,Group A,0
9015,2023-06,30655.37,0.52438,700.0,10600.87,0,Salaried,Group A,0
9040,2023-06,78987.14,0.11069,636.0,8846.03,0,Salaried,Group A,0
9062,2023-06,131724.93,0.41449,642.0,29367.93,0,Self employed,Group A,0
9063,2023-06,27981.41,0.19088,757.0,17889.63,0,Salaried,Group A,0
9104,2023-06,58085.4,0.30222,697.0,8553.36,0,Contract,Group A,0
9139,2023-06,43530.75,0.10115,612.0,12234.71,0,Contract,Group B,1
9147,2023-06,68152.85,0.11481,684.0,6318.52,0,Salaried,Group A,0
9172,2023-06,49878.5,0.2353,661.0,48191.01,0,Salaried,Group B,0
9245,2023-06,112395.19,0.28708,648.0,13129.99,0,Salaried,Group B,1
9247,2023-06,57180.66,0.40034,719.0,28055.02,0,Self employed,Group B,0
9287,2023-06,31004.56,0.16716,648.0,13547.27,0,Salaried,Group B,0
9322,2023-06,31857.69,0.01127,617.0,16350.15,1,Self employed,Group A,0
9324,2023-06,64256.81,0.47659,614.0,14623.38,0,Salaried,Group A,1
9348,2023-06,186779.53,0.17183,629.0,14168.88,0,Salaried,Group B,0
9371,2023-06,54543.85,0.21864,602.0,13173.09,0,Salaried,Group A,0
9382,2023-06,,0.34798,633.0,69843.43,0,Salaried,Group B,0
9413,2023-06,146625.5,0.35746,590.0,15915.44,0,Self employed,Group B,0
9452,2023-06,49752.69,0.12304,627.0,52253.65,0,Contract,Group A,0
9462,2023-06,75147.6,0.58302,553.0,25681.73,0,Salaried,Group B,1
9512,2023-06,19150.65,0.09855,632.0,12255.02,1,Salaried,Group A,0
9514,2023-06,43944.61,0.60331,629.0,23936.58,1,Contract,Group B,0
9544,2023-06,47152.42,0.51556,653.0,6679.75,0,Salaried,Group A,1
9554,2023-06,18172.29,0.44981,716.0,13910.16,2,Salaried,Group A,0
9562,2023-06,96169.84,0.13303,767.0,17333.85,0,Salaried,Group B,0
9624,2023-06,53592.42,0.29258,618.0,11211.83,0,Salaried,Group B,0
9639,2023-06,94497.88,0.30214,745.0,24982.71,0,Salaried,Group B,0
9681,2023-06,49005.4,0.14437,597.0,14897.99,0,Contract,Group A,0
9692,2023-06,44745.9,0.27515,736.0,11581.11,0,Contract,Group A,0
9725,2023-06,19375.65,0.17073,656.0,25763.73,0,Salaried,Group B,1
9742,2023-06,70634.2,0.84733,601.0,6406.6,0,Salaried,Group B,0
9747,2023-06,78879.76,0.20118,597.0,9424.14,0,Self employed,Group A,0
9755,2023-06,50943.62,0.1179,712.0,7054.01,0,Salaried,Group A,0
9781,2023-06,41420.38,0.03937,630.0,25645.57,0,Salaried,Group A,0
9784,2023-06,66499.1,0.39344,528.0,20856.7,1,Self employed,Group A,1
9785,2023-06,15000.0,0.70865,716.0,18162.4,1,Salaried,Group A,1
9800,2023-06,50649.31,0.25456,673.0,15920.02,1,Self employed,Group B,0
9805,2023-06,32783.85,0.11132,782.0,15130.3,0,Contract,Group A,0
9843,2023-06,39046.12,0.02052,672.0,57358.65,0,Salaried,Group A,0
9852,2023-06,47141.82,0.16236,706.0,18256.03,0,Salaried,Group B,0
9856,2023-06,40747.18,0.39247,522.0,14163.96,0,Salaried,Group A,1
9865,2023-06,62319.6,0.40512,743.0,28952.83,0,Salaried,Group B,0
9928,2023-06,65829.72,0.22328,801.0,12655.5,0,Salaried,Group A,0
9963,2023-06,42791.81,0.32857,569.0,18967.77,0,Salaried,Group A,0
6,2023-07,56048.02,0.40156,681.0,24302.75,0,Self employed,Group B,0
95,2023-07,38205.41,0.28303,517.0,6544.14,2,Salaried,Group A,1
98,2023-07,130823.03,0.22798,655.0,25256.19,1,Salaried,Group B,0
121,2023-07,103772.09,0.12877,678.0,7660.42,0,Salaried,Group B,0
173,2023-07,94388.14,0.38033,633.0,16269.96,1,Self employed,Group B,1
204,2023-07,65206.2,0.54823,685.0,22237.0,1,Self employed,Group B,1
206,2023-07,42413.97,0.10736,557.0,19032.3,1,Self employed,Group A,1
208,2023-07,24425.4,0.05056,630.0,17261.67,0,Salaried,Group B,0
220,2023-07,22901.88,0.50374,698.0,49073.14,0,Self employed,Group A,1
241,2023-07,17865.09,0.09192,807.0,12051.66,1,Salaried,Group A,0
244,2023-07,37299.12,0.11077,789.0,8018.12,0,Salaried,Group A,0
287,2023-07,93634.84,0.33191,591.0,29982.01,0,Salaried,Group B,0
304,2023-07,,0.11002,734.0,5230.95,1,Salaried,Group A,0
323,2023-07,77281.75,0.44439,737.0,22363.84,0,Salaried,Group A,0
335,2023-07,79132.28,0.24309,638.0,58691.41,0,Salaried,Group A,0
345,2023-07,15419.66,0.2813,689.0,19308.25,1,Salaried,Group B,0
371,2023-07,55784.61,0.17496,653.0,23291.77,0,Salaried,Group B,0
388,2023-07,78832.3,0.16392,664.0,18488.72,0,Salaried,Group A,0
392,2023-07,28481.71,0.3488,826.0,15408.22,1,Salaried,Group B,0
424,2023-07,67918.7,0.39172,735.0,21418.35,0,Salaried,Group A,0
461,2023-07,31413.8,0.25594,679.0,32634.04,0,Salaried,Group A,0
478,2023-07,57475.79,0.58495,753.0,16275.11,1,Salaried,Group B,0
483,2023-07,45190.83,0.13745,447.0,24679.3,0,Salaried,Group A,1
485,2023-07,60584.09,0.0793,560.0,28172.53,0,Salaried,Group B,1
510,2023-07,146589.01,0.16648,552.0,22593.5,1,Salaried,Group A,1
512,2023-07,74609.99,0.34806,629.0,11015.83,0,Salaried,Group A,0
541,2023-07,85106.24,0.51176,729.0,22195.52,0,Self employed,Group A,0
560,2023-07,48536.5,0.07525,673.0,19413.89,1,Self employed,Group A,0
586,2023-07,64908.1,0.22304,705.0,7884.36,0,Contract,Group B,0
594,2023-07,44293.46,0.12869,731.0,17894.06,0,Contract,Group A,0
608,2023-07,42561.04,0.19426,645.0,9415.93,0,Contract,Group B,0
635,2023-07,59278.31,0.57733,708.0,11676.39,0,Salaried,Group A,0
646,2023-07,,0.14917,685.0,15582.6,0,Salaried,Group A,0
662,2023-07,41409.33,0.44736,565.0,7460.98,0,Salaried,Group B,1
679,2023-07,34188.85,0.45484,775.0,20663.83,1,Salaried,Group A,0
702,2023-07,48001.17,0.15159,593.0,17694.9,0,Self employed,Group B,0
785,2023-07,69801.82,0.09212,708.0,41501.66,0,Salaried,Group A,0
805,2023-07,53282.34,0.4342,665.0,75000.0,0,Self employed,Group A,1
812,2023-07,27953.42,0.22311,571.0,32727.56,0,Salaried,Group A,1
826,2023-07,39129.35,0.31089,653.0,28035.04,0,Salaried,Group A,0
830,2023-07,60050.73,0.3817,727.0,8671.43,0,Salaried,Group B,0
836,2023-07,50530.82,0.3387,803.0,35384.52,0,Salaried,Group A,0
857,2023-07,48527.02,0.04333,684.0,11667.78,0,Self employed,Group B,0
876,2023-07,62929.78,0.46947,684.0,17641.5,1,Self employed,Group A,0
889,2023-07,60460.06,0.15838,575.0,13727.26,0,Salaried,Group A,0
892,2023-07,68714.67,0.22618,734.0,6851.1,0,Contract,Group A,0
930,2023-07,76432.12,0.25112,660.0,17252.21,0,Salaried,Group B,0
979,2023-07,52384.63,0.33557,688.0,28370.09,0,Salaried,Group A,0
988,2023-07,43121.27,0.2149,567.0,10334.18,0,Salaried,Group B,0
1010,2023-07,80194.44,0.30688,817.0,11878.57,1,Contract,Group A,0
1035,2023-07,76485.45,0.53125,704.0,4433.19,0,Self employed,Group B,0
1142,2023-07,51963.34,0.25272,662.0,10187.95,1,Salaried,Group A,0
1173,2023-07,45730.42,0.35791,613.0,9461.13,0,Salaried,Group B,1
1185,2023-07,45138.04,0.24984,830.0,12271.37,0,Salaried,Group A,0
1205,2023-07,69713.83,0.15709,693.0,15883.87,1,Self employed,Group B,0
1223,2023-07,138946.92,0.28798,678.0,26210.9,0,Salaried,Group A,1
1229,2023-07,52796.78,0.4478,795.0,11814.52,0,Contract,Group A,0
1242,2023-07,47137.93,0.45137,737.0,7643.07,0,Salaried,Group A,0
1243,2023-07,41118.56,0.22272,643.0,22738.77,0,Salaried,Group A,0
1311,2023-07,27345.06,0.14789,603.0,17597.73,0,Salaried,Group B,1
1317,2023-07,120121.72,0.66908,619.0,2491.04,0,Salaried,Group A,1
1318,2023-07,150880.55,0.39512,558.0,26226.63,3,Contract,Group A,1
1345,2023-07,27694.8,0.26245,779.0,13904.88,0,Self employed,Group B,0
1364,2023-07,56927.72,0.20332,653.0,9300.53,0,Salaried,Group B,0
1381,2023-07,50223.05,0.63778,610.0,9527.35,0,Salaried,Group A,1
1383,2023-07,45263.92,0.10724,670.0,24517.96,0,Salaried,Group A,0
1386,2023-07,60136.56,0.38279,642.0,19919.87,0,Salaried,Group A,0
1398,2023-07,114261.12,0.27019,709.0,3914.63,0,Self employed,Group A,0
1405,2023-07,35679.58,0.17102,713.0,7525.44,0,Self employed,Group A,0
1421,2023-07,147061.51,0.03544,621.0,32487.93,0,Contract,Group A,0
1445,2023-07,100943.08,0.20016,604.0,23578.69,1,Salaried,Group B,1
1446,2023-07,45558.51,0.24483,524.0,9796.71,0,Salaried,Group A,0
1447,2023-07,147573.83,0.18845,667.0,19901.08,0,Contract,Group B,1
1448,2023-07,45177.74,0.0857,737.0,11820.04,0,Salaried,Group B,0
1449,2023-07,43078.08,0.34225,655.0,13747.92,1,Salaried,Group A,0
1454,2023-07,52113.53,0.58178,669.0,14388.4,1,Salaried,Group A,1
1508,2023-07,79013.94,0.32312,715.0,23772.22,1,Salaried,Group B,0
1548,2023-07,57938.38,0.17009,746.0,11346.67,0,Salaried,Group B,0
1553,2023-07,54957.38,0.20936,708.0,16874.05,0,Salaried,Group B,0
1614,2023-07,71764.79,0.37082,710.0,14113.42,0,Self employed,Group A,0
1631,2023-07,42354.85,0.19256,583.0,75000.0,1,Salaried,Group A,1
1672,2023-07,100088.82,0.36674,627.0,18498.84,0,Self employed,Group B,0
1674,2023-07,81275.03,0.23616,595.0,12178.84,1,Salaried,Group B,0
1686,2023-07,34598.99,0.54096,674.0,27223.83,1,Salaried,Group A,1
1761,2023-07,74760.71,0.43091,653.0,6553.42,2,Self employed,Group A,1
1777,2023-07,30069.53,0.33918,721.0,15383.18,0,Salaried,Group A,1
1783,2023-07,89206.66,0.40189,689.0,5214.94,1,Contract,Group A,0
1828,2023-07,57121.91,0.48365,597.0,15756.58,0,Salaried,Group B,1
1897,2023-07,74756.41,0.06667,631.0,24032.81,0,Salaried,Group B,0
1900,2023-07,27606.26,0.40224,714.0,19472.5,0,Self employed,Group B,0
1911,2023-07,77699.81,0.5136,806.0,18916.12,0,Contract,Group B,0
1922,2023-07,32801.46,0.40879,578.0,11411.92,0,Salaried,Group B,0
1963,2023-07,85957.35,0.38189,570.0,7068.53,0,Salaried,Group A,1
1969,2023-07,27394.76,0.20464,659.0,7272.63,1,Salaried,Group B,1
1988,2023-07,68656.05,0.24901,753.0,5688.04,2,Contract,Group A,0
2037,2023-07,61844.57,0.15536,504.0,13223.24,0,Salaried,Group A,0
2059,2023-07,47042.65,0.04218,695.0,16219.19,2,Salaried,Group B,0
2081,2023-07,61554.95,0.52958,690.0,15483.83,1,Salaried,Group A,1
2093,2023-07,73958.55,0.28095,713.0,4836.42,0,Contract,Group A,0
2106,2023-07,64438.03,0.43605,711.0,4221.1,1,Self employed,Group B,1
2113,2023-07,124692.16,0.1232,700.0,13151.63,1,Salaried,Group A,0
2131,2023-07,53203.18,0.53612,678.0,62564.35,0,Contract,Group B,1
2136,2023-07,83880.79,0.15877,633.0,17919.1,1,Salaried,Group A,0
2143,2023-07,26343.27,0.04677,646.0,7260.96,2,Salaried,Group A,1
2180,2023-07,60278.96,0.33102,754.0,15661.7,1,Self employed,Group A,0
2251,2023-07,74839.4,0.42881,669.0,4057.57,1,Salaried,Group A,1
2271,2023-07,48799.52,0.05261,650.0,21904.86,0,Salaried,Group B,1
2299,2023-07,93108.29,0.16522,721.0,29310.35,0,Salaried,Group B,0
2305,2023-07,90740.68,0.33426,727.0,3087.9,0,Salaried,Group A,0
2330,2023-07,80936.41,0.21353,526.0,5858.12,1,Salaried,Group A,1
2368,2023-07,44577.87,0.41805,557.0,16278.95,0,Salaried,Group A,1
2402,2023-07,28421.07,0.28245,581.0,17888.64,0,Salaried,Group A,1
2455,2023-07,36729.85,0.21556,782.0,11710.67,0,Salaried,Group A,0
2470,2023-07,58983.63,0.13188,684.0,14777.78,0,Salaried,Group A,1
2476,2023-07,34405.74,0.34174,752.0,4215.44,0,Self employed,Group A,0
2488,2023-07,71378.39,0.57745,607.0,23538.93,0,Self employed,Group A,0
2516,2023-07,33809.82,0.42545,665.0,28852.19,0,Self employed,Group B,1
2557,2023-07,,0.10199,608.0,56212.13,1,Salaried,Group B,0
2558,2023-07,26867.56,0.54997,664.0,11191.37,0,Salaried,Group B,0
2568,2023-07,116459.31,0.18245,732.0,11938.65,0,Salaried,Group B,0
2571,2023-07,26523.53,0.25969,741.0,8575.84,0,Contract,Group B,0
2596,2023-07,36349.42,0.42495,758.0,16209.23,0,Salaried,Group B,0
2601,2023-07,,0.47401,743.0,14624.45,0,Salaried,Group B,0
2616,2023-07,59739.98,0.38192,768.0,54020.51,0,Salaried,Group B,0
2617,2023-07,26023.69,0.04818,678.0,25345.67,0,Salaried,Group A,0
2653,2023-07,44762.0,0.13189,651.0,6186.79,0,Self employed,Group A,0
2667,2023-07,21076.87,0.31504,643.0,12792.82,0,Contract,Group A,0
2701,2023-07,74359.31,0.06962,626.0,11933.69,0,Salaried,Group B,0
2740,2023-07,56969.2,0.41963,549.0,45956.52,1,Salaried,Group B,0
2752,2023-07,102153.3,0.28386,741.0,14418.9,1,Salaried,Group A,0
2776,2023-07,45921.47,0.44241,654.0,75000.0,0,Salaried,Group A,0
2782,2023-07,47039.69,0.25565,678.0,9989.49,0,Salaried,Group A,0
2811,2023-07,61507.14,0.22008,588.0,16658.52,0,Salaried,Group B,0
2817,2023-07,49252.59,0.50033,649.0,6895.19,0,Salaried,Group A,0
2824,2023-07,34741.86,0.42384,640.0,29698.26,0,Salaried,Group A,0
2854,2023-07,78833.57,0.35747,692.0,17535.66,1,Salaried,Group B,1
2876,2023-07,30678.58,0.47388,749.0,50738.66,1,Salaried,Group B,0
2878,2023-07,61130.56,0.36865,676.0,31368.69,0,Salaried,Group A,0
2879,2023-07,57375.66,0.25177,678.0,35421.92,0,Self employed,Group A,0
2880,2023-07,49357.17,0.13571,757.0,12772.36,0,Salaried,Group B,0
2891,2023-07,43859.65,0.41892,660.0,18638.14,0,Salaried,Group B,0
2895,2023-07,81084.81,0.12762,682.0,10216.65,0,Salaried,Group B,0
2939,2023-07,35824.53,0.35966,597.0,5833.01,1,Contract,Group B,1
2954,2023-07,68112.02,0.53093,616.0,8861.68,0,Self employed,Group A,1
2967,2023-07,24581.57,0.3091,547.0,18504.92,0,Salaried,Group A,1
2987,2023-07,64195.44,0.6227,626.0,23170.61,0,Salaried,Group A,1
3018,2023-07,24962.7,0.42821,648.0,10431.75,0,Contract,Group B,0
3025,2023-07,61119.39,0.11219,717.0,6861.67,0,Salaried,Group A,0
3066,2023-07,51362.47,0.43897,690.0,15497.77,1,Salaried,Group B,0
3084,2023-07,61720.23,0.20352,808.0,10668.21,0,Salaried,Group A,0
3151,2023-07,77780.47,0.28753,770.0,8151.4,0,Salaried,Group A,0
3171,2023-07,53738.47,0.58553,687.0,7685.94,0,Self employed,Group B,1
3183,2023-07,75090.16,0.25366,700.0,9786.81,0,Self employed,Group A,0
3225,2023-07,45217.13,0.21667,707.0,15377.03,0,Self employed,Group A,0
3226,2023-07,31997.65,0.14801,761.0,13442.16,0,Salaried,Group A,0
3266,2023-07,88583.37,0.25066,644.0,22675.85,0,Salaried,Group A,0
3269,2023-07,97385.21,0.22626,664.0,28233.26,0,Salaried,Group B,1
3279,2023-07,67329.18,0.40165,618.0,26057.67,1,Salaried,Group A,1
3307,2023-07,50868.26,0.06359,614.0,24039.98,1,Salaried,Group B,1
3361,2023-07,90064.69,0.26261,659.0,3551.48,0,Salaried,Group A,0
3402,2023-07,79928.45,0.25348,580.0,26745.97,0,Salaried,Group B,1
3418,2023-07,82713.17,0.19781,571.0,13109.44,0,Salaried,Group A,1
3433,2023-07,80308.41,0.08518,516.0,40662.34,0,Salaried,Group A,1
3449,2023-07,75864.78,0.04595,610.0,15448.25,0,Self employed,Group B,0
3520,2023-07,78594.35,0.42203,787.0,29607.64,0,Salaried,Group A,0
3524,2023-07,16423.05,0.37119,723.0,13093.06,1,Salaried,Group A,0
3566,2023-07,37645.49,0.35009,717.0,63714.27,0,Salaried,Group B,1
3611,2023-07,40758.98,0.46705,691.0,40538.54,1,Salaried,Group A,0
3615,2023-07,34727.03,0.29588,737.0,42229.09,0,Self employed,Group A,0
3618,2023-07,40707.22,0.41488,568.0,6316.08,1,Salaried,Group A,1
3631,2023-07,49096.3,0.12855,748.0,6479.34,2,Self employed,Group A,0
3638,2023-07,49852.38,0.42512,605.0,4232.35,0,Salaried,Group A,1
3648,2023-07,68275.72,0.13119,707.0,17207.92,0,Self employed,Group A,0
3676,2023-07,49863.76,0.39376,777.0,11257.44,0,Salaried,Group B,0
3679,2023-07,42037.19,0.44233,689.0,16586.85,0,Salaried,Group B,1
3749,2023-07,31727.63,0.54655,607.0,4815.21,0,Salaried,Group B,1
3825,2023-07,,0.30942,640.0,23964.13,1,Salaried,Group A,0
3828,2023-07,24583.26,0.62805,682.0,13067.6,0,Salaried,Group B,1
3838,2023-07,39729.4,0.26333,590.0,6261.83,1,Salaried,Group B,0
3866,2023-07,89365.9,0.55899,670.0,10696.28,0,Salaried,Group B,1
3869,2023-07,50927.16,0.32278,785.0,10484.93,0,Salaried,Group A,0
3877,2023-07,64350.93,0.28809,562.0,23687.11,1,Salaried,Group A,0
3882,2023-07,54723.07,0.25028,658.0,67132.86,0,Self employed,Group B,0
3908,2023-07,42246.06,0.37514,768.0,13927.68,0,Self employed,Group B,0
3985,2023-07,46420.57,0.1976,728.0,35348.48,0,Salaried,Group B,0
4015,2023-07,65589.52,0.20999,726.0,44450.57,0,Salaried,Group A,0
4020,2023-07,45595.31,0.43874,703.0,14302.48,1,Salaried,Group B,0
4028,2023-07,45237.4,0.54454,623.0,14822.93,0,Self employed,Group A,0
4035,2023-07,59722.27,0.19268,599.0,19815.45,0,Self employed,Group A,0
4111,2023-07,44953.87,0.3174,602.0,30542.09,1,Salaried,Group B,0
4112,2023-07,56933.11,0.26825,598.0,29601.97,1,Salaried,Group B,0
4132,2023-07,71601.17,0.09108,633.0,25194.11,0,Self employed,Group B,0
4148,2023-07,60035.59,0.27078,690.0,9819.35,0,Contract,Group B,0
4184,2023-07,32178.95,0.25238,612.0,13500.05,2,Self employed,Group B,1
4205,2023-07,40577.26,0.65813,713.0,14056.84,0,Salaried,Group A,1
4232,2023-07,31178.98,0.19923,834.0,4934.77,0,Self employed,Group A,0
4261,2023-07,63023.88,0.03778,692.0,41471.75,0,Salaried,Group A,0
4271,2023-07,140812.77,0.65068,661.0,34875.3,0,Contract,Group A,0
4275,2023-07,84369.62,0.13713,745.0,9193.75,1,Self employed,Group B,0
4306,2023-07,118823.08,0.28254,668.0,19917.88,0,Salaried,Group B,0
4332,2023-07,84028.99,0.1928,785.0,10178.82,0,Salaried,Group B,0
4337,2023-07,66137.24,0.38856,625.0,12849.27,0,Salaried,Group B,0
4349,2023-07,45030.57,0.24734,736.0,16459.31,0,Salaried,Group B,0
4388,2023-07,41833.89,0.16207,671.0,19047.72,1,Contract,Group B,0
4405,2023-07,70944.57,0.13548,732.0,18329.47,0,Self employed,Group B,0
4450,2023-07,52657.72,0.28311,759.0,62577.78,1,Salaried,Group B,0
4463,2023-07,47602.79,0.37088,787.0,12679.81,1,Salaried,Group A,0
4497,2023-07,41338.25,0.1903,648.0,41251.64,0,Salaried,Group A,0
4499,2023-07,48886.97,0.24362,691.0,75000.0,0,Contract,Group A,0
4517,2023-07,72747.74,0.50756,575.0,7011.47,1,Salaried,Group B,0
4527,2023-07,43967.44,0.02628,639.0,21988.5,0,Self employed,Group B,0
4555,2023-07,57798.71,0.1701,627.0,24578.94,0,Salaried,Group B,0
4562,2023-07,69408.0,0.52106,718.0,7199.92,0,Salaried,Group A,0
4564,2023-07,90407.74,0.56926,713.0,9486.02,1,Salaried,Group B,0
4570,2023-07,69450.79,0.31507,761.0,13184.45,0,Salaried,Group B,0
4582,2023-07,79250.99,0.38777,723.0,75000.0,0,Salaried,Group B,0
4620,2023-07,58910.44,0.02612,646.0,61847.05,0,Self employed,Group B,0
4661,2023-07,44863.56,0.07754,641.0,17626.73,0,Self employed,Group A,0
4662,2023-07,71841.54,0.06264,588.0,10475.13,1,Salaried,Group A,0
4680,2023-07,48743.05,0.22744,586.0,11617.48,2,Salaried,Group B,1
4711,2023-07,60697.84,0.20561,497.0,12886.0,1,Salaried,Group A,1
4716,2023-07,100083.23,0.65325,596.0,15724.95,0,Self employed,Group A,1
4720,2023-07,138875.97,0.39836,728.0,7988.02,1,Self employed,Group A,0
4733,2023-07,60553.66,0.50926,708.0,21051.21,2,Self employed,Group A,1
4760,2023-07,88256.24,0.02978,581.0,75000.0,1,Salaried,Group A,0
4807,2023-07,87220.99,0.40281,627.0,13876.71,1,Salaried,Group B,0
4809,2023-07,33111.79,0.22265,640.0,10316.8,0,Salaried,Group B,0
4816,2023-07,77609.86,0.24213,718.0,22464.02,0,Salaried,Group A,0
4859,2023-07,62362.41,0.86268,670.0,8992.44,2,Salaried,Group A,1
4876,2023-07,52681.5,0.20707,681.0,4793.03,0,Salaried,Group B,0
4888,2023-07,65452.9,0.47112,650.0,27873.65,0,Contract,Group B,1
4980,2023-07,64529.94,0.38857,652.0,11471.7,0,Salaried,Group B,0
5020,2023-07,94632.09,0.75897,732.0,15523.09,0,Salaried,Group A,1
5056,2023-07,80887.46,0.29609,652.0,26086.98,0,Self employed,Group B,1
5059,2023-07,58442.06,0.66909,655.0,40054.54,0,Contract,Group B,1
5095,2023-07,39903.54,0.03141,566.0,38971.86,0,Salaried,Group B,1
5118,2023-07,69734.75,0.18053,528.0,21566.24,0,Salaried,Group B,0
5157,2023-07,49625.11,0.14797,786.0,50068.8,0,Salaried,Group B,0
5173,2023-07,47150.41,0.12726,710.0,8056.44,1,Contract,Group B,0
5181,2023-07,46213.95,0.43808,757.0,4837.16,0,Self employed,Group A,0
5241,2023-07,104774.11,0.2754,560.0,10550.37,0,Salaried,Group B,0
5318,2023-07,37863.76,0.46656,784.0,48244.75,0,Self employed,Group B,0
5360,2023-07,39205.09,0.41115,692.0,16853.0,1,Salaried,Group B,0
5372,2023-07,86467.04,0.21937,648.0,29769.85,0,Salaried,Group B,1
5386,2023-07,45735.53,0.13826,748.0,7676.35,0,Salaried,Group A,0
5387,2023-07,39685.51,0.39081,661.0,9548.3,0,Salaried,Group B,0
5412,2023-07,30088.4,0.20523,771.0,11508.09,1,Salaried,Group A,0
5416,2023-07,90369.8,0.21513,623.0,20327.55,0,Self employed,Group A,1
5434,2023-07,36667.51,0.04991,698.0,14443.37,0,Salaried,Group B,0
5439,2023-07,100522.61,0.0856,732.0,11001.41,0,Self employed,Group A,0
5484,2023-07,102722.0,0.18413,612.0,25327.73,0,Salaried,Group A,0
5488,2023-07,78826.39,0.32704,612.0,69759.91,0,Salaried,Group A,0
5496,2023-07,36186.22,0.22909,743.0,9821.84,0,Salaried,Group B,0
5499,2023-07,30093.46,0.61903,695.0,3892.55,0,Salaried,Group B,0
5507,2023-07,28147.48,0.11624,754.0,17265.93,0,Self employed,Group B,0
5509,2023-07,38189.42,0.29599,721.0,25435.83,0,Self employed,Group B,0
5529,2023-07,116023.52,0.66593,613.0,15485.39,0,Self employed,Group A,1
5530,2023-07,94311.42,0.46716,630.0,29695.94,0,Self employed,Group A,0
5539,2023-07,41432.34,0.26277,680.0,12385.92,0,Self employed,Group A,0
5540,2023-07,46021.66,0.08256,806.0,19056.73,0,Self employed,Group B,0
5550,2023-07,154601.21,0.35262,745.0,19452.02,1,Self employed,Group A,0
5618,2023-07,,0.09554,768.0,29434.92,0,Contract,Group A,0
5638,2023-07,41985.21,0.11397,796.0,11310.45,1,Contract,Group B,0
5674,2023-07,36596.59,0.35237,605.0,15965.22,0,Salaried,Group B,1
5718,2023-07,24198.13,0.06682,621.0,12836.61,1,Salaried,Group B,0
5741,2023-07,,0.30562,850.0,16126.53,1,Salaried,Group B,0
5784,2023-07,137039.66,0.27777,597.0,14822.54,0,Salaried,Group B,0
5796,2023-07,47323.68,0.31595,652.0,3665.61,2,Salaried,Group A,0
5810,2023-07,64369.01,0.3244,595.0,32341.65,0,Salaried,Group A,1
5839,2023-07,19506.43,0.27853,820.0,6517.91,0,Contract,Group B,0
5884,2023-07,93769.16,0.55244,749.0,16051.81,0,Self employed,Group A,0
5963,2023-07,29662.23,0.18535,604.0,15528.65,0,Salaried,Group B,0
5983,2023-07,86636.24,0.26069,706.0,22955.94,0,Salaried,Group B,0
6028,2023-07,85936.48,0.62593,702.0,28929.1,0,Salaried,Group A,0
6052,2023-07,68197.71,0.16356,706.0,12397.21,1,Salaried,Group A,1
6061,2023-07,56767.98,0.24878,713.0,10484.71,0,Salaried,Group A,1
6063,2023-07,45781.73,0.40194,628.0,6776.95,0,Salaried,Group B,0
6151,2023-07,68319.92,0.27856,722.0,13638.4,0,Salaried,Group A,0
6185,2023-07,88203.36,0.11901,602.0,11073.34,0,Self employed,Group B,0
6201,2023-07,63816.87,0.20777,766.0,22986.01,0,Contract,Group A,0
6206,2023-07,48734.37,0.42963,728.0,13660.28,0,Salaried,Group A,0
6274,2023-07,71517.24,0.16097,792.0,13812.29,0,Contract,Group A,0
6280,2023-07,70833.68,0.45875,661.0,11917.13,1,Salaried,Group B,0
6320,2023-07,28427.39,0.13255,750.0,14487.73,0,Self employed,Group B,0
6324,2023-07,79905.45,0.23013,788.0,33361.86,0,Contract,Group A,0
6332,2023-07,46553.45,0.36291,733.0,7028.38,1,Salaried,Group B,0
6395,2023-07,33790.87,0.5897,736.0,10632.37,0,Salaried,Group A,0
6436,2023-07,73556.67,0.11922,709.0,15616.92,0,Salaried,Group B,0
6438,2023-07,80963.68,0.04673,575.0,4030.16,0,Self employed,Group A,0
6456,2023-07,51233.66,0.4668,678.0,9940.06,1,Salaried,Group B,1
6462,2023-07,57542.15,0.1935,722.0,11527.12,1,Salaried,Group B,0
6469,2023-07,63762.17,0.36564,683.0,14153.09,1,Contract,Group A,0
6471,2023-07,71934.11,0.06411,571.0,17137.47,0,Salaried,Group A,0
6489,2023-07,25562.65,0.30044,692.0,8435.97,0,Salaried,Group B,0
6504,2023-07,60335.24,0.39267,729.0,30987.44,0,Salaried,Group B,0
6507,2023-07,44689.66,0.22944,657.0,22725.69,0,Salaried,Group B,1
6508,2023-07,68541.23,0.33649,681.0,16779.74,1,Salaried,Group B,1
6566,2023-07,100840.43,0.081,777.0,15685.64,0,Salaried,Group B,0
6606,2023-07,63263.92,0.5814,659.0,50635.06,0,Self employed,Group A,0
6609,2023-07,60608.45,0.49733,815.0,7765.99,0,Salaried,Group A,0
6635,2023-07,76371.96,0.22543,604.0,18584.57,1,Salaried,Group A,1
6662,2023-07,38327.44,0.03434,722.0,23699.91,0,Self employed,Group A,0
6693,2023-07,58262.56,0.48531,691.0,20805.26,1,Contract,Group B,0
6769,2023-07,29704.78,0.28502,718.0,9958.04,0,Salaried,Group B,0
6770,2023-07,78998.9,0.17236,732.0,16425.42,1,Salaried,Group B,0
6776,2023-07,61759.86,0.2051,666.0,10194.42,0,Salaried,Group A,0
6856,2023-07,65486.12,0.11726,689.0,17149.96,0,Salaried,Group A,0
6863,2023-07,114024.13,0.10584,791.0,22853.14,1,Self employed,Group A,0
6910,2023-07,46326.39,0.37169,670.0,25432.41,0,Salaried,Group A,0
6952,2023-07,121679.47,0.15195,634.0,11915.61,0,Salaried,Group B,0
7012,2023-07,86663.22,0.17985,744.0,8317.65,2,Self employed,Group B,0
7013,2023-07,77905.28,0.01466,671.0,25245.1,0,Contract,Group A,0
7023,2023-07,82937.52,0.13641,674.0,17181.94,1,Salaried,Group B,0
7030,2023-07,71531.33,0.21062,664.0,7037.39,0,Salaried,Group A,1
7031,2023-07,50911.96,0.11844,763.0,7382.18,0,Contract,Group A,0
7034,2023-07,32082.66,0.58835,724.0,12728.74,1,Salaried,Group A,0
7036,2023-07,114781.38,0.12994,619.0,6411.28,1,Salaried,Group A,0
7044,2023-07,79981.72,0.40767,676.0,15084.14,0,Self employed,Group B,0
7083,2023-07,52736.23,0.17225,713.0,29414.26,0,Self employed,Group A,0
7088,2023-07,43324.15,0.0834,628.0,20209.0,0,Salaried,Group B,0
7100,2023-07,45919.08,0.51047,676.0,26535.71,0,Salaried,Group A,1
7161,2023-07,27356.09,0.50083,672.0,15821.77,0,Salaried,Group A,0
7202,2023-07,28233.45,0.1305,590.0,12631.17,1,Contract,Group A,0
7229,2023-07,20715.41,0.315,713.0,15867.44,0,Salaried,Group A,1
7244,2023-07,86499.8,0.37236,661.0,12592.9,1,Salaried,Group A,0
7274,2023-07,66696.6,0.2448,799.0,23825.03,0,Salaried,Group B,0
7292,2023-07,72868.91,0.60495,688.0,40021.18,0,Self employed,Group A,1
7354,2023-07,30293.62,0.16,771.0,13127.5,0,Salaried,Group A,0
7368,2023-07,37714.68,0.11244,698.0,6021.15,0,Salaried,Group A,0
7379,2023-07,42268.43,0.42217,570.0,5711.91,0,Self employed,Group A,1
7420,2023-07,145036.46,0.10823,590.0,31558.22,0,Contract,Group A,0
7441,2023-07,91878.71,0.10096,640.0,25758.4,0,Salaried,Group A,1
7480,2023-07,63551.19,0.32231,660.0,6382.09,0,Self employed,Group A,0
7496,2023-07,40630.64,0.18069,703.0,26472.71,0,Salaried,Group A,0
7503,2023-07,26106.78,0.09068,724.0,13489.54,0,Self employed,Group A,0
7505,2023-07,142331.82,0.55505,757.0,10859.42,0,Salaried,Group B,0
7536,2023-07,31934.19,0.1615,731.0,3963.05,0,Self employed,Group B,0
7544,2023-07,77462.66,0.58343,684.0,5825.24,0,Salaried,Group B,0
7548,2023-07,45906.02,0.20093,598.0,15190.52,0,Salaried,Group A,0
7563,2023-07,15000.0,0.45948,660.0,26120.31,1,Salaried,Group A,0
7585,2023-07,38040.02,0.29939,596.0,6693.61,0,Salaried,Group B,0
7618,2023-07,66492.8,0.10245,702.0,5050.98,0,Salaried,Group B,0
7655,2023-07,47229.75,0.24094,670.0,32041.29,1,Salaried,Group A,1
7719,2023-07,98847.55,0.15966,638.0,8174.9,0,Self employed,Group B,1
7742,2023-07,36601.32,0.24437,689.0,17154.09,0,Salaried,Group A,0
7756,2023-07,29062.24,0.0864,742.0,7356.75,1,Salaried,Group A,0
7760,2023-07,87258.79,0.32141,692.0,6827.68,1,Salaried,Group A,0
7770,2023-07,167818.99,0.10991,592.0,18657.62,0,Self employed,Group A,0
7783,2023-07,48299.85,0.24281,676.0,9343.59,0,Salaried,Group B,0
7791,2023-07,93977.48,0.21631,619.0,7870.25,0,Salaried,Group A,0
7797,2023-07,89791.6,0.53209,671.0,6406.8,1,Salaried,Group B,0
7836,2023-07,45599.98,0.41511,576.0,14056.96,0,Salaried,Group A,0
7857,2023-07,79213.48,0.25532,703.0,23452.83,1,Self employed,Group B,1
7858,2023-07,105195.29,0.21161,759.0,14920.35,0,Salaried,Group B,0
7876,2023-07,42975.16,0.13426,727.0,6459.24,0,Self employed,Group B,0
7891,2023-07,38670.44,0.41416,654.0,7726.75,0,Salaried,Group B,0
7898,2023-07,43427.44,0.1296,698.0,10131.1,0,Salaried,Group B,0
7910,2023-07,,0.32167,652.0,20574.13,0,Self employed,Group A,0
7920,2023-07,50469.51,0.32909,645.0,23115.11,0,Salaried,Group B,0
7971,2023-07,70395.82,0.19962,663.0,12343.37,2,Salaried,Group B,0
7972,2023-07,86680.7,0.38933,685.0,36690.68,0,Salaried,Group B,0
8020,2023-07,41477.86,0.1093,766.0,16472.56,0,Self employed,Group B,0
8045,2023-07,35936.58,0.69923,565.0,19119.59,0,Salaried,Group A,1
8046,2023-07,25507.1,0.02949,647.0,8743.41,0,Contract,Group A,0
8054,2023-07,55509.99,0.19582,811.0,20404.3,0,Self employed,Group B,0
8089,2023-07,58021.13,0.22046,678.0,21650.0,2,Salaried,Group B,0
8116,2023-07,60929.23,0.31337,566.0,9810.59,1,Contract,Group B,1
8138,2023-07,42696.27,0.35644,742.0,17300.98,0,Self employed,Group B,1
8143,2023-07,31068.05,0.34597,683.0,27205.14,0,Salaried,Group A,0
8183,2023-07,24982.88,0.28014,674.0,20585.72,0,Contract,Group A,0
8191,2023-07,99357.67,0.43674,680.0,8145.14,0,Salaried,Group B,0
8209,2023-07,33415.82,0.48446,782.0,15437.62,1,Contract,Group A,0
8224,2023-07,46243.73,0.33433,653.0,19119.29,1,Salaried,Group A,0
8239,2023-07,26619.51,0.30628,762.0,17292.77,0,Salaried,Group A,1
8256,2023-07,25793.37,0.46986,585.0,10906.11,0,Salaried,Group A,0
8270,2023-07,122376.33,0.07228,738.0,12560.71,1,Salaried,Group A,0
8313,2023-07,67568.13,0.45383,769.0,17531.58,0,Contract,Group A,0
8381,2023-07,54855.79,0.29366,707.0,24435.28,0,Contract,Group A,0
8396,2023-07,45271.98,0.1982,710.0,29487.13,0,Salaried,Group B,1
8411,2023-07,81118.29,0.58216,702.0,6393.23,0,Contract,Group A,0
8424,2023-07,17400.7,0.4638,619.0,42276.15,0,Salaried,Group A,0
8435,2023-07,28803.6,0.58445,705.0,17363.53,0,Salaried,Group A,0
8460,2023-07,60779.42,0.45991,579.0,10885.71,0,Contract,Group B,0
8474,2023-07,104341.96,0.32671,607.0,12409.91,0,Salaried,Group A,1
8490,2023-07,31267.88,0.317,669.0,14807.92,0,Salaried,Group B,0
8506,2023-07,134264.2,0.31423,545.0,15178.38,0,Salaried,Group B,0
8533,2023-07,33305.27,0.31726,636.0,5926.8,0,Salaried,Group B,0
8534,2023-07,37949.66,0.54479,633.0,20023.67,0,Salaried,Group A,1
8545,2023-07,31520.85,0.35105,808.0,15333.54,0,Contract,Group A,0
8579,2023-07,109545.78,0.38098,740.0,12371.53,0,Self employed,Group B,1
8592,2023-07,46774.35,0.41513,679.0,11868.82,0,Self employed,Group B,0
8593,2023-07,34835.24,0.11654,623.0,8420.41,1,Salaried,Group A,0
8629,2023-07,52182.0,0.34953,715.0,21510.89,0,Contract,Group A,0
8631,2023-07,79465.11,0.34516,740.0,5807.44,0,Salaried,Group A,0
8648,2023-07,83027.35,0.14968,714.0,36052.4,0,Self employed,Group B,0
8690,2023-07,40896.79,0.32552,653.0,12277.34,0,Salaried,Group B,0
8695,2023-07,54693.16,0.18723,722.0,5440.77,0,Salaried,Group A,0
8726,2023-07,84286.72,0.37664,789.0,29389.38,0,Salaried,Group A,0
8749,2023-07,25111.59,0.08405,656.0,60416.65,2,Self employed,Group B,1
8808,2023-07,107547.51,0.07635,677.0,5789.8,0,Salaried,Group A,0
8826,2023-07,65411.77,0.18045,751.0,32606.44,0,Salaried,Group A,0
8847,2023-07,53191.05,0.15266,611.0,5914.61,0,Self employed,Group A,0
8862,2023-07,35115.48,0.33611,644.0,19761.8,0,Self employed,Group A,1
8874,2023-07,62103.15,0.14784,606.0,19004.27,0,Salaried,Group B,1
8882,2023-07,77082.56,0.19863,686.0,17289.89,0,Self employed,Group A,0
8958,2023-07,96134.52,0.06546,744.0,20962.27,1,Self employed,Group A,0
9074,2023-07,28742.82,0.07585,687.0,20114.18,0,Self employed,Group B,0
9081,2023-07,113808.97,0.27605,620.0,47518.15,0,Self employed,Group A,1
9087,2023-07,58130.01,0.27014,750.0,8681.34,0,Salaried,Group B,0
9091,2023-07,68824.61,0.01742,708.0,24532.93,0,Self employed,Group B,0
9145,2023-07,60994.01,0.11048,553.0,9800.42,0,Salaried,Group A,0
9168,2023-07,28301.11,0.15197,504.0,7659.24,0,Salaried,Group A,1
9175,2023-07,79433.33,0.62484,734.0,22212.22,0,Self employed,Group A,0
9180,2023-07,77395.68,0.34599,613.0,26003.06,0,Salaried,Group B,0
9199,2023-07,79034.81,0.22932,682.0,75000.0,1,Salaried,Group A,0
9220,2023-07,49322.24,0.24377,764.0,28006.75,0,Salaried,Group A,1
9256,2023-07,30323.85,0.31924,754.0,13451.24,1,Salaried,Group A,0
9268,2023-07,43252.07,0.19361,641.0,9979.42,0,Self employed,Group A,1
9272,2023-07,40730.34,0.28773,598.0,19506.83,0,Salaried,Group B,0
9369,2023-07,51499.45,0.12604,691.0,23079.21,0,Salaried,Group B,0
9379,2023-07,24889.26,0.38463,682.0,18249.32,1,Contract,Group A,0
9380,2023-07,33915.56,0.31602,598.0,26965.74,1,Salaried,Group A,1
9419,2023-07,94776.92,0.35487,726.0,23751.42,1,Self employed,Group A,0
9435,2023-07,94701.19,0.40725,737.0,9264.88,0,Contract,Group A,0
9440,2023-07,42232.98,0.52097,695.0,25746.45,1,Salaried,Group A,1
9465,2023-07,28058.06,0.20359,638.0,10603.29,0,Salaried,Group B,0
9491,2023-07,45794.29,0.48647,677.0,17476.11,0,Salaried,Group A,1
9531,2023-07,72269.1,0.28377,596.0,15248.0,1,Salaried,Group A,1
9539,2023-07,42950.57,0.23576,699.0,8557.5,1,Salaried,Group A,0
9569,2023-07,48245.55,0.34572,778.0,7102.06,0,Salaried,Group B,0
9592,2023-07,20476.61,0.33952,637.0,9381.83,0,Contract,Group A,0
9596,2023-07,25954.0,0.09015,699.0,5378.43,0,Salaried,Group B,0
9602,2023-07,66412.34,0.30377,619.0,16410.99,0,Self employed,Group B,0
9622,2023-07,77693.7,0.06717,638.0,28417.74,1,Salaried,Group A,0
9627,2023-07,21151.37,0.23548,657.0,12709.59,1,Contract,Group A,1
9632,2023-07,56512.63,0.43898,667.0,12024.85,1,Salaried,Group A,0
9648,2023-07,86250.02,0.05659,565.0,14824.38,0,Salaried,Group A,1
9710,2023-07,44433.23,0.0986,574.0,6797.23,0,Salaried,Group A,0
9732,2023-07,31118.76,0.27479,572.0,18331.77,0,Salaried,Group B,1
9737,2023-07,24681.02,0.15446,683.0,11245.36,0,Salaried,Group B,0
9759,2023-07,38299.95,0.07278,654.0,22676.02,0,Salaried,Group B,0
9772,2023-07,137812.06,0.0629,672.0,23209.92,0,Salaried,Group B,0
9796,2023-07,76521.15,0.29958,594.0,11741.09,0,Salaried,Group B,0
9839,2023-07,109586.98,0.31628,606.0,44713.61,1,Salaried,Group A,0
9841,2023-07,72905.61,0.03875,700.0,23208.3,1,Salaried,Group A,0
9849,2023-07,57160.35,0.1596,652.0,14915.87,0,Contract,Group A,0
9891,2023-07,73415.82,0.11851,738.0,10639.02,0,Salaried,Group A,0
9896,2023-07,32780.24,0.24436,669.0,6471.4,0,Salaried,Group B,0
9945,2023-07,43622.79,0.45373,652.0,6491.87,0,Salaried,Group B,0
9946,2023-07,34176.7,0.33261,642.0,11747.32,0,Salaried,Group A,1
9973,2023-07,54164.26,0.05916,645.0,25356.58,0,Salaried,Group A,1
9990,2023-07,94614.05,0.45124,540.0,7841.67,0,Salaried,Group B,1
4,2023-08,120375.18,0.4036,656.0,11624.6,0,Self employed,Group A,0
36,2023-08,31060.67,0.23143,643.0,20602.01,0,Contract,Group A,1
37,2023-08,121195.76,0.16778,622.0,5716.24,0,Contract,Group B,0
108,2023-08,56096.64,0.61988,678.0,17741.78,0,Salaried,Group B,1
135,2023-08,68539.06,0.2223,707.0,6166.66,1,Self employed,Group A,0
137,2023-08,61569.55,0.67384,633.0,22676.91,0,Contract,Group B,0
186,2023-08,47451.89,0.20584,735.0,5941.5,0,Self employed,Group B,0
191,2023-08,36615.13,0.20981,653.0,19497.27,1,Salaried,Group A,0
202,2023-08,33307.2,0.67495,610.0,19631.68,0,Salaried,Group A,1
209,2023-08,66688.29,0.14932,759.0,18785.36,0,Contract,Group A,0
211,2023-08,39400.61,0.3506,646.0,17133.09,1,Contract,Group B,0
216,2023-08,37734.26,0.076,650.0,50870.28,0,Salaried,Group A,0
221,2023-08,105841.39,0.11273,571.0,7297.96,0,Salaried,Group B,1
274,2023-08,30051.58,0.21956,543.0,19429.63,0,Salaried,Group A,0
326,2023-08,102094.43,0.40738,747.0,36797.51,1,Salaried,Group A,0
443,2023-08,79680.05,0.15931,625.0,12279.17,1,Salaried,Group B,0
445,2023-08,36409.68,0.26281,666.0,7217.28,0,Self employed,Group A,0
514,2023-08,44366.75,0.30717,770.0,31351.23,0,Salaried,Group B,0
517,2023-08,38592.85,0.19038,719.0,13547.33,0,Salaried,Group A,0
528,2023-08,58486.73,0.40609,631.0,17719.15,0,Salaried,Group B,0
543,2023-08,38166.8,0.13796,814.0,30988.05,0,Self employed,Group B,0
552,2023-08,36908.77,0.28252,716.0,19182.71,0,Contract,Group A,0
564,2023-08,93913.76,0.21816,708.0,24296.87,0,Salaried,Group A,0
574,2023-08,68222.02,0.3154,615.0,19027.33,1,Self employed,Group B,0
584,2023-08,25174.46,0.22697,717.0,8869.84,0,Salaried,Group B,0
613,2023-08,89375.78,0.47125,590.0,14426.51,1,Salaried,Group A,1
623,2023-08,44860.56,0.07371,756.0,28806.08,0,Salaried,Group A,0
630,2023-08,26819.9,0.29519,728.0,15349.73,0,Salaried,Group B,1
634,2023-08,127520.43,0.35104,771.0,7523.01,0,Salaried,Group B,0
663,2023-08,46236.75,0.23325,634.0,30819.07,0,Salaried,Group B,1
668,2023-08,149109.97,0.50403,682.0,6923.29,0,Salaried,Group B,0
669,2023-08,40883.14,0.26403,710.0,15968.78,0,Salaried,Group B,0
674,2023-08,51163.59,0.16631,702.0,14497.72,0,Salaried,Group A,0
701,2023-08,74331.52,0.38015,675.0,2958.04,1,Self employed,Group A,0
715,2023-08,100721.2,0.45199,653.0,20169.03,1,Contract,Group B,1
722,2023-08,89970.09,0.14257,642.0,8176.23,0,Self employed,Group A,0
728,2023-08,167910.56,0.39806,627.0,6128.79,0,Salaried,Group B,0
776,2023-08,30446.41,0.24771,679.0,22325.25,0,Self employed,Group B,0
791,2023-08,86192.55,0.02874,716.0,13628.25,0,Salaried,Group A,1
803,2023-08,81812.61,0.13868,577.0,12058.3,1,Salaried,Group B,1
823,2023-08,58891.57,0.09247,754.0,16645.0,0,Self employed,Group B,0
841,2023-08,94666.8,0.48812,847.0,34317.71,0,Salaried,Group A,0
879,2023-08,48964.97,0.36831,653.0,22266.39,1,Salaried,Group B,0
883,2023-08,47656.27,0.48286,551.0,9950.65,1,Self employed,Group A,1
927,2023-08,54044.43,0.03022,712.0,10845.89,0,Self employed,Group A,0
934,2023-08,116695.12,0.66581,701.0,12929.99,1,Salaried,Group B,0
1002,2023-08,54491.55,0.31703,646.0,14520.12,0,Self employed,Group A,0
1009,2023-08,69131.01,0.20734,606.0,8917.06,0,Salaried,Group B,0
1022,2023-08,37051.06,0.25374,559.0,15553.45,0,Salaried,Group A,1
1034,2023-08,154529.66,0.08246,655.0,13174.81,2,Contract,Group A,1
1053,2023-08,65719.93,0.03803,671.0,16136.98,0,Self employed,Group B,1
1086,2023-08,91742.52,0.55483,732.0,22411.42,2,Salaried,Group B,0
1119,2023-08,47811.4,0.3958,635.0,7828.17,0,Salaried,Group A,0
1126,2023-08,31046.51,0.5138,661.0,60368.08,0,Salaried,Group A,1
1137,2023-08,32196.93,0.23265,727.0,24347.07,0,Contract,Group B,0
1161,2023-08,61392.71,0.72663,770.0,17542.49,0,Self employed,Group B,0
1264,2023-08,45399.66,0.40849,597.0,22369.97,0,Salaried,Group A,0
1310,2023-08,128295.61,0.1878,651.0,7185.65,0,Salaried,Group B,0
1313,2023-08,45208.02,0.27476,627.0,16202.52,0,Salaried,Group A,0
1348,2023-08,46211.88,0.34796,734.0,21247.82,0,Salaried,Group A,0
1352,2023-08,46257.18,0.16883,763.0,22859.34,0,Salaried,Group B,1
1391,2023-08,30411.03,0.2916,697.0,13312.69,0,Self employed,Group B,0
1396,2023-08,77127.82,0.31767,793.0,14785.53,1,Salaried,Group B,0
1406,2023-08,90382.58,0.25128,791.0,24393.9,0,Self employed,Group A,0
1420,2023-08,18562.23,0.29647,749.0,26684.91,1,Salaried,Group A,0
1428,2023-08,82982.32,0.12343,573.0,5580.82,2,Self employed,Group A,0
1465,2023-08,106058.98,0.32498,622.0,10990.58,0,Self employed,Group A,0
1496,2023-08,54518.14,0.31497,638.0,35754.38,0,Self employed,Group A,0
1532,2023-08,72600.52,0.16582,580.0,11933.44,0,Salaried,Group B,0
1572,2023-08,15000.0,0.17717,598.0,11611.74,1,Contract,Group B,0
1575,2023-08,54937.48,0.42732,639.0,19990.33,0,Self employed,Group B,1
1577,2023-08,74825.45,0.12663,739.0,3668.34,1,Self employed,Group B,0
1591,2023-08,28797.78,0.13105,784.0,20270.12,0,Salaried,Group A,0
1593,2023-08,57818.35,0.13825,717.0,17861.24,0,Contract,Group A,0
1600,2023-08,40613.98,0.25347,707.0,25491.36,0,Salaried,Group A,0
1603,2023-08,32050.92,0.11122,626.0,5694.44,0,Self employed,Group A,0
1645,2023-08,39874.17,0.12302,725.0,31588.91,0,Salaried,Group A,0
1693,2023-08,173177.99,0.46768,651.0,11813.1,0,Salaried,Group A,0
1696,2023-08,47440.99,0.47093,633.0,7403.48,0,Salaried,Group A,0
1706,2023-08,164583.2,0.13849,645.0,38969.43,0,Self employed,Group A,0
1728,2023-08,44762.6,0.33778,671.0,21071.28,1,Self employed,Group A,1
1785,2023-08,58256.47,0.20019,633.0,17702.9,1,Self employed,Group A,0
1803,2023-08,47035.4,0.19077,638.0,53409.45,0,Salaried,Group B,1
1806,2023-08,73865.19,0.18204,671.0,27437.01,0,Salaried,Group A,0
1842,2023-08,58942.92,0.24221,674.0,15166.38,0,Contract,Group B,1
1859,2023-08,26320.17,0.40778,637.0,8560.73,0,Self employed,Group B,0
1869,2023-08,40811.91,0.36865,670.0,20685.02,0,Salaried,Group B,0
1898,2023-08,43425.76,0.29846,516.0,13447.29,0,Contract,Group B,0
1916,2023-08,75481.13,0.21436,491.0,19416.19,0,Salaried,Group A,1
2007,2023-08,37434.94,0.13459,584.0,14329.2,0,Salaried,Group A,0
2054,2023-08,67254.97,0.33169,582.0,8095.04,0,Self employed,Group B,1
2058,2023-08,52169.6,0.51322,590.0,6179.36,1,Salaried,Group B,1
2087,2023-08,86455.83,0.40032,650.0,11705.93,0,Self employed,Group A,0
2090,2023-08,20897.29,0.53744,665.0,13222.48,1,Self employed,Group A,0
2135,2023-08,,0.22915,590.0,49725.68,1,Salaried,Group A,1
2161,2023-08,82752.17,0.48357,651.0,15617.51,0,Contract,Group B,0
2205,2023-08,59717.01,0.56531,647.0,29321.51,0,Salaried,Group A,0
2216,2023-08,58226.62,0.19366,588.0,6297.84,2,Salaried,Group B,0
2268,2023-08,63754.84,0.09159,784.0,20234.81,1,Salaried,Group B,0
2269,2023-08,77660.91,0.24214,577.0,19416.88,0,Salaried,Group A,0
2274,2023-08,34415.41,0.24457,815.0,32983.87,0,Salaried,Group A,0
2276,2023-08,41024.01,0.27,661.0,5561.91,0,Salaried,Group A,0
2293,2023-08,74159.05,0.11052,723.0,22422.14,0,Contract,Group B,0
2296,2023-08,,0.29039,746.0,10827.07,0,Salaried,Group B,0
2319,2023-08,83493.38,0.31999,622.0,18916.57,0,Salaried,Group A,0
2325,2023-08,51862.74,0.49405,638.0,42150.65,0,Self employed,Group A,1
2327,2023-08,15848.89,0.26086,649.0,5107.32,0,Salaried,Group B,0
2344,2023-08,38205.3,0.12661,843.0,6528.77,0,Salaried,Group A,1
2418,2023-08,135018.44,0.31317,726.0,7382.15,2,Self employed,Group A,0
2439,2023-08,53126.7,0.16008,649.0,17934.57,0,Self employed,Group B,0
2453,2023-08,30946.46,0.48204,707.0,8142.57,0,Self employed,Group A,0
2479,2023-08,114992.27,0.45667,687.0,12626.16,0,Salaried,Group B,0
2487,2023-08,77825.01,0.48135,790.0,8863.58,0,Self employed,Group B,0
2515,2023-08,79943.55,0.33955,715.0,5543.12,0,Salaried,Group A,0
2612,2023-08,46856.45,0.0541,618.0,75000.0,0,Salaried,Group A,1
2634,2023-08,85157.16,0.27311,569.0,6839.41,0,Salaried,Group B,0
2644,2023-08,32538.59,0.39896,628.0,20731.87,1,Salaried,Group A,1
2646,2023-08,58990.99,0.45252,750.0,29624.9,0,Salaried,Group B,0
2663,2023-08,23601.01,0.53577,655.0,75000.0,0,Salaried,Group B,1
2698,2023-08,119752.59,0.47754,636.0,49444.88,1,Salaried,Group B,1
2722,2023-08,45463.33,0.41089,809.0,11217.05,0,Contract,Group A,0
2751,2023-08,92763.83,0.36799,581.0,33687.57,2,Self employed,Group A,1
2783,2023-08,32583.69,0.15853,643.0,25386.85,1,Self employed,Group A,0
2803,2023-08,67909.9,0.11206,688.0,41426.96,0,Salaried,Group B,0
2814,2023-08,29304.24,0.28081,622.0,13106.98,1,Self employed,Group A,1
2831,2023-08,73579.3,0.36186,662.0,7964.15,1,Salaried,Group A,0
2869,2023-08,56831.99,0.10566,664.0,38599.32,2,Salaried,Group B,0
2883,2023-08,138371.87,0.09532,666.0,10456.07,0,Contract,Group B,0
2902,2023-08,55218.97,0.24971,720.0,3501.35,1,Contract,Group A,0
2904,2023-08,42982.7,0.24068,688.0,7748.52,1,Salaried,Group A,0
2941,2023-08,49507.36,0.04571,647.0,39305.28,1,Self employed,Group A,0
3000,2023-08,66623.18,0.24832,807.0,11121.9,1,Salaried,Group B,0
3003,2023-08,56083.23,0.19678,621.0,7768.09,0,Contract,Group A,0
3022,2023-08,78031.81,0.42561,705.0,18376.9,0,Salaried,Group B,1
3041,2023-08,62351.7,0.11732,757.0,31460.3,0,Salaried,Group A,0
3055,2023-08,53332.78,0.18038,657.0,5917.6,0,Salaried,Group A,0
3058,2023-08,51936.14,0.19535,740.0,11005.33,0,Salaried,Group A,0
3063,2023-08,87540.03,0.42876,649.0,24903.08,2,Salaried,Group A,0
3068,2023-08,33478.27,0.20717,697.0,17818.56,1,Salaried,Group A,0
3070,2023-08,26377.44,0.24845,640.0,19121.58,1,Salaried,Group B,0
3100,2023-08,31617.93,0.39459,557.0,9475.54,0,Contract,Group A,0
3120,2023-08,34970.45,0.14118,612.0,11774.33,0,Salaried,Group A,0
3128,2023-08,38352.66,0.24164,597.0,18727.38,0,Contract,Group A,0
3134,2023-08,74279.34,0.21997,649.0,15126.18,0,Salaried,Group A,0
3149,2023-08,22458.86,0.353,724.0,14618.01,0,Contract,Group B,1
3164,2023-08,28871.56,0.60429,585.0,11521.06,0,Salaried,Group A,0
3176,2023-08,68718.34,0.12091,654.0,12884.52,0,Salaried,Group A,0
3186,2023-08,41510.8,0.62703,743.0,5914.33,1,Salaried,Group B,1
3198,2023-08,21999.01,0.08475,658.0,29677.33,0,Contract,Group B,0
3200,2023-08,110016.18,0.06391,641.0,8494.2,0,Self employed,Group B,0
3205,2023-08,40644.93,0.31751,767.0,20553.86,0,Salaried,Group B,0
3289,2023-08,53199.03,0.2069,690.0,4984.0,0,Salaried,Group B,0
3293,2023-08,53038.4,0.15319,734.0,11225.93,0,Self employed,Group A,0
3303,2023-08,97337.69,0.5146,710.0,3694.64,1,Salaried,Group A,0
3306,2023-08,37755.3,0.46563,763.0,26595.1,0,Salaried,Group B,0
3330,2023-08,36972.38,0.10283,587.0,32990.13,1,Salaried,Group A,1
3347,2023-08,27065.85,0.19462,670.0,17440.58,0,Salaried,Group A,0
3384,2023-08,47903.25,0.49698,759.0,11358.86,0,Salaried,Group A,1
3385,2023-08,62122.58,0.39255,681.0,4518.87,0,Salaried,Group A,0
3398,2023-08,73153.93,0.16007,639.0,11313.8,0,Salaried,Group B,0
3408,2023-08,85842.92,0.31217,616.0,9142.71,1,Self employed,Group A,0
3521,2023-08,58964.86,0.21686,545.0,33002.59,1,Salaried,Group A,1
3540,2023-08,60428.07,0.35046,617.0,14171.12,1,Salaried,Group A,1
3555,2023-08,35600.9,0.27722,669.0,27966.04,0,Salaried,Group B,0
3561,2023-08,77883.89,0.09539,751.0,9964.64,0,Contract,Group A,0
3573,2023-08,35742.29,0.23409,652.0,17195.8,0,Salaried,Group B,0
3590,2023-08,47694.72,0.42437,566.0,38273.4,1,Contract,Group A,0
3591,2023-08,35901.66,0.09322,660.0,8775.86,0,Self employed,Group A,0
3669,2023-08,79438.46,0.11344,697.0,6822.36,0,Self employed,Group A,0
3686,2023-08,104024.19,0.16908,619.0,6615.42,0,Salaried,Group A,0
3701,2023-08,41772.98,0.30877,765.0,9549.86,0,Salaried,Group B,0
3725,2023-08,21835.58,0.34998,654.0,33319.46,0,Salaried,Group A,1
3780,2023-08,43597.88,0.02166,616.0,15315.22,1,Self employed,Group A,0
3781,2023-08,77317.57,0.19733,791.0,6372.19,1,Salaried,Group A,0
3795,2023-08,31182.11,0.4596,646.0,12118.75,0,Salaried,Group A,1
3847,2023-08,42954.65,0.07457,564.0,14276.6,0,Salaried,Group A,0
3890,2023-08,48632.7,0.14582,604.0,15192.49,0,Salaried,Group A,0
3891,2023-08,47470.12,0.46858,652.0,18148.73,0,Salaried,Group B,0
3903,2023-08,64066.62,0.46248,667.0,13998.97,0,Salaried,Group A,0
3920,2023-08,41216.62,0.39444,676.0,33410.18,0,Salaried,Group B,0
3930,2023-08,32649.36,0.63372,695.0,10052.38,0,Salaried,Group A,1
3963,2023-08,100149.58,0.509,689.0,15235.65,1,Salaried,Group B,0
3978,2023-08,38485.26,0.21031,668.0,7140.72,0,Self employed,Group B,0
3981,2023-08,76818.17,0.53229,657.0,8891.52,0,Self employed,Group A,1
3999,2023-08,54226.76,0.33456,613.0,27804.68,0,Salaried,Group A,0
4016,2023-08,17993.7,0.67098,679.0,7700.81,1,Salaried,Group A,0
4086,2023-08,63650.92,0.17082,565.0,34691.15,0,Salaried,Group B,0
4106,2023-08,63319.29,0.40075,667.0,13805.2,0,Contract,Group A,0
4137,2023-08,115453.72,0.67545,653.0,17823.5,0,Contract,Group B,1
4177,2023-08,64165.5,0.13117,762.0,3705.75,1,Salaried,Group B,0
4183,2023-08,76188.77,0.63541,625.0,26178.55,0,Self employed,Group A,0
4291,2023-08,44322.66,0.322,705.0,12424.66,0,Contract,Group B,0
4308,2023-08,68226.79,0.23778,719.0,8524.5,0,Salaried,Group A,0
4374,2023-08,40054.91,0.13588,850.0,19306.74,0,Self employed,Group B,0
4376,2023-08,53104.05,0.51605,728.0,7960.81,0,Salaried,Group B,0
4397,2023-08,113997.74,0.2758,777.0,23088.23,0,Salaried,Group B,0
4432,2023-08,53173.78,0.38026,657.0,49059.22,0,Salaried,Group B,0
4488,2023-08,20035.62,0.18704,724.0,20663.32,0,Salaried,Group B,0
4579,2023-08,66197.49,0.24092,677.0,22099.49,0,Self employed,Group B,0
4597,2023-08,58051.68,0.15218,720.0,64483.83,0,Salaried,Group B,1
4745,2023-08,25486.29,0.07412,676.0,8311.78,0,Self employed,Group B,0
4754,2023-08,35058.92,0.52636,597.0,24204.6,0,Salaried,Group B,0
4755,2023-08,41416.18,0.1167,721.0,19886.95,0,Self employed,Group B,0
4756,2023-08,117017.11,0.08919,558.0,10434.72,0,Salaried,Group B,0
4761,2023-08,43071.28,0.41801,753.0,8650.93,0,Self employed,Group A,0
4774,2023-08,56923.87,0.48417,641.0,4456.11,0,Salaried,Group A,0
4801,2023-08,104380.63,0.25566,724.0,6710.25,0,Self employed,Group B,0
4821,2023-08,53929.24,0.36759,793.0,13476.37,0,Salaried,Group B,0
4823,2023-08,23452.0,0.41947,573.0,15889.64,0,Salaried,Group A,1
4939,2023-08,78774.23,0.29552,730.0,4252.73,1,Salaried,Group A,0
4947,2023-08,42006.18,0.35167,783.0,5027.46,0,Salaried,Group A,0
5062,2023-08,57010.29,0.54198,606.0,13033.18,0,Contract,Group A,0
5150,2023-08,93550.27,0.02858,708.0,75000.0,1,Salaried,Group A,0
5154,2023-08,105609.47,0.35931,733.0,3915.87,0,Salaried,Group B,0
5160,2023-08,49311.82,0.61908,435.0,12449.27,0,Self employed,Group B,0
5161,2023-08,89625.88,0.21834,582.0,4924.72,0,Salaried,Group A,0
5199,2023-08,74648.34,0.76872,635.0,7764.02,1,Salaried,Group A,1
5267,2023-08,68775.28,0.18854,659.0,60513.68,0,Salaried,Group B,0
5270,2023-08,77626.26,0.4609,812.0,9525.31,0,Salaried,Group A,0
5275,2023-08,52344.39,0.36023,771.0,8555.09,2,Salaried,Group B,0
5276,2023-08,42796.71,0.26676,651.0,23458.82,1,Self employed,Group B,0
5293,2023-08,51744.89,0.14624,703.0,35048.13,0,Salaried,Group A,0
5306,2023-08,116891.51,0.25516,611.0,48052.84,0,Salaried,Group B,0
5319,2023-08,59273.04,0.32081,643.0,25213.05,0,Contract,Group B,0
5323,2023-08,29948.26,0.20676,613.0,6933.72,0,Salaried,Group A,0
5354,2023-08,92458.79,0.49701,538.0,9361.78,1,Salaried,Group B,1
5390,2023-08,66126.59,0.37099,656.0,17568.59,1,Salaried,Group B,1
5462,2023-08,50133.16,0.37546,643.0,8933.29,1,Salaried,Group A,0
5485,2023-08,51662.08,0.25308,537.0,4200.21,0,Self employed,Group A,0
5547,2023-08,26985.83,0.37232,519.0,7703.72,1,Self employed,Group B,1
5549,2023-08,83078.39,0.26802,643.0,27543.74,1,Self employed,Group A,0
5566,2023-08,67115.84,0.35315,627.0,14447.03,1,Self employed,Group A,0
5568,2023-08,55206.92,0.48122,720.0,2505.6,0,Contract,Group B,0
5590,2023-08,32279.13,0.43156,782.0,8689.92,0,Salaried,Group B,0
5599,2023-08,52880.31,0.08674,818.0,7715.03,0,Salaried,Group B,0
5679,2023-08,62474.58,0.27353,797.0,15742.87,0,Salaried,Group A,0
5716,2023-08,26156.25,0.03702,695.0,15605.95,0,Contract,Group B,0
5740,2023-08,81350.71,0.29301,629.0,10322.82,0,Salaried,Group A,0
5749,2023-08,49110.07,0.50246,639.0,15651.22,0,Salaried,Group A,0
5754,2023-08,97947.49,0.51263,756.0,10522.08,0,Self employed,Group B,0
5769,2023-08,51728.42,0.39203,714.0,10541.32,0,Salaried,Group B,0
5789,2023-08,58488.83,0.05812,691.0,15492.55,0,Salaried,Group B,0
5801,2023-08,89596.13,0.27074,591.0,10537.73,0,Salaried,Group A,1
5808,2023-08,39910.47,0.14019,540.0,32806.84,0,Salaried,Group B,0
5853,2023-08,23060.67,0.23516,631.0,14526.01,2,Self employed,Group B,0
5876,2023-08,39709.19,0.40579,748.0,20067.53,0,Salaried,Group A,0
5911,2023-08,40645.53,0.41746,643.0,75000.0,0,Salaried,Group B,1
5917,2023-08,33720.9,0.09407,569.0,14305.88,1,Salaried,Group B,1
5946,2023-08,68859.6,0.33544,660.0,6088.83,0,Salaried,Group B,0
5954,2023-08,38801.97,0.24398,642.0,31802.69,1,Self employed,Group A,0
6021,2023-08,53855.15,0.42459,728.0,25352.66,0,Self employed,Group A,0
6022,2023-08,83642.0,0.23607,649.0,24254.05,0,Salaried,Group A,0
6038,2023-08,,0.37328,746.0,7107.21,0,Contract,Group B,0
6055,2023-08,47115.94,0.35368,594.0,7643.77,0,Salaried,Group A,0
6095,2023-08,29585.76,0.28991,727.0,7407.36,0,Salaried,Group A,0
6209,2023-08,93375.34,0.24306,622.0,13190.28,0,Salaried,Group A,1
6230,2023-08,51464.61,0.13607,665.0,23565.64,0,Salaried,Group A,0
6260,2023-08,64377.61,0.16476,738.0,4684.23,0,Self employed,Group A,0
6261,2023-08,40861.8,0.41975,667.0,22397.5,0,Salaried,Group A,1
6279,2023-08,40132.49,0.26409,728.0,11741.73,1,Salaried,Group B,0
6319,2023-08,32977.31,0.08381,670.0,21203.62,0,Salaried,Group A,0
6327,2023-08,32498.53,0.41254,545.0,22735.91,0,Salaried,Group B,1
6340,2023-08,26609.99,0.16407,674.0,13335.87,0,Self employed,Group A,0
6380,2023-08,22354.66,0.19462,695.0,28295.46,0,Salaried,Group A,0
6477,2023-08,18503.83,0.20632,759.0,12991.77,1,Salaried,Group B,0
6488,2023-08,36041.06,0.09655,651.0,41735.08,0,Salaried,Group A,0
6496,2023-08,67072.35,0.04828,653.0,15086.81,2,Salaried,Group A,0
6570,2023-08,37615.72,0.18788,690.0,7265.91,0,Self employed,Group A,0
6573,2023-08,53221.82,0.25008,598.0,28735.69,0,Salaried,Group A,0
6604,2023-08,130255.46,0.27527,558.0,10436.56,0,Contract,Group A,0
6613,2023-08,39938.86,0.50358,679.0,9251.43,1,Salaried,Group B,0
6621,2023-08,42190.11,0.21942,741.0,32536.6,0,Salaried,Group B,0
6622,2023-08,94926.73,0.24143,597.0,33252.62,0,Salaried,Group A,1
6663,2023-08,48749.16,0.29129,728.0,8495.95,1,Self employed,Group B,1
6773,2023-08,27485.9,0.08349,646.0,9459.54,0,Salaried,Group A,0
6855,2023-08,53350.88,0.34268,618.0,16263.01,1,Salaried,Group B,0
6870,2023-08,32900.01,0.16397,685.0,22876.28,0,Salaried,Group B,0
6872,2023-08,49417.5,0.24623,646.0,16684.78,0,Salaried,Group A,0
6893,2023-08,49481.44,0.0215,655.0,20554.74,0,Salaried,Group A,0
6932,2023-08,27341.9,0.45229,535.0,11553.69,1,Salaried,Group A,1
7040,2023-08,63773.95,0.23711,672.0,20663.71,0,Salaried,Group A,0
7079,2023-08,43768.9,0.66504,649.0,18207.88,0,Self employed,Group A,1
7112,2023-08,53110.54,0.22,654.0,33108.37,0,Salaried,Group A,0
7120,2023-08,116267.38,0.41958,580.0,2824.39,0,Salaried,Group A,1
7132,2023-08,47528.06,0.26689,502.0,14517.13,1,Contract,Group A,1
7138,2023-08,54940.39,0.17115,546.0,25566.86,0,Salaried,Group A,0
7172,2023-08,70834.55,0.28363,734.0,16691.16,2,Salaried,Group B,0
7191,2023-08,54139.53,0.43347,618.0,16355.09,0,Salaried,Group A,0
7253,2023-08,32878.61,0.09582,711.0,9118.54,0,Salaried,Group A,0
7275,2023-08,44317.37,0.42763,630.0,10053.09,0,Salaried,Group B,0
7290,2023-08,39949.51,0.33697,551.0,12821.25,0,Salaried,Group A,1
7318,2023-08,47127.27,0.12826,729.0,16625.44,1,Salaried,Group A,0
7319,2023-08,45978.91,0.25503,604.0,23091.81,1,Self employed,Group B,1
7367,2023-08,48831.71,0.21984,653.0,4897.31,0,Contract,Group A,0
7401,2023-08,47227.08,0.39663,695.0,19096.76,1,Self employed,Group B,0
7435,2023-08,33292.57,0.29504,710.0,19861.41,0,Salaried,Group A,0
7464,2023-08,76018.16,0.54038,577.0,9470.61,0,Self employed,Group B,0
7516,2023-08,84835.74,0.14021,616.0,9051.45,0,Contract,Group A,0
7527,2023-08,33183.44,0.15494,717.0,24626.97,0,Self employed,Group B,0
7534,2023-08,59688.93,0.35321,579.0,10476.44,0,Contract,Group A,0
7572,2023-08,26411.93,0.12467,704.0,5175.25,1,Salaried,Group B,0
7580,2023-08,29379.8,0.32391,688.0,58865.86,0,Salaried,Group A,0
7595,2023-08,81654.6,0.40773,768.0,3578.57,1,Self employed,Group A,0
7603,2023-08,38549.68,0.30314,640.0,27169.46,0,Self employed,Group B,1
7607,2023-08,68744.51,0.44765,671.0,21832.03,0,Self employed,Group B,0
7617,2023-08,15000.0,0.44346,663.0,17754.43,1,Salaried,Group A,1
7672,2023-08,71928.26,0.15292,691.0,14814.58,0,Salaried,Group B,0
7681,2023-08,50661.82,0.15944,652.0,30174.12,1,Salaried,Group B,0
7689,2023-08,40185.72,0.40092,592.0,8140.47,0,Salaried,Group A,0
7724,2023-08,51136.55,0.45231,708.0,28792.11,2,Contract,Group B,0
7732,2023-08,47629.73,0.40544,718.0,5775.61,0,Salaried,Group A,0
7733,2023-08,93761.24,0.21754,653.0,11483.02,0,Salaried,Group A,0
7743,2023-08,68383.57,0.34602,703.0,14518.68,0,Self employed,Group A,0
7762,2023-08,60935.38,0.31696,697.0,18791.84,0,Salaried,Group B,1
7766,2023-08,142269.88,0.29118,573.0,9880.61,1,Self employed,Group A,0
7769,2023-08,58076.61,0.21417,707.0,18608.79,1,Salaried,Group B,0
7832,2023-08,27563.61,0.36771,538.0,5755.42,0,Salaried,Group B,1
7841,2023-08,49254.79,0.4807,612.0,39914.99,0,Self employed,Group B,0
7874,2023-08,60366.17,0.27844,680.0,12214.59,0,Salaried,Group B,0
7879,2023-08,26930.44,0.431,742.0,23635.91,1,Salaried,Group A,0
7917,2023-08,36042.82,0.27493,690.0,26713.04,0,Salaried,Group A,1
7922,2023-08,49109.59,0.5367,660.0,33464.66,2,Contract,Group A,0
7979,2023-08,59234.51,0.08426,601.0,11185.79,0,Salaried,Group B,0
8041,2023-08,104166.34,0.4487,579.0,14814.19,0,Contract,Group A,1
8065,2023-08,71300.67,0.39437,656.0,31543.44,1,Self employed,Group A,0
8068,2023-08,28109.7,0.15708,680.0,28363.38,1,Self employed,Group A,1
8073,2023-08,50275.57,0.34119,648.0,13511.34,0,Contract,Group A,0
8079,2023-08,47717.96,0.34353,694.0,15403.86,0,Salaried,Group A,0
8109,2023-08,50306.5,0.14337,692.0,11665.22,0,Contract,Group A,0
8110,2023-08,22317.96,0.10729,707.0,21894.0,0,Salaried,Group A,0
8113,2023-08,58961.77,0.21397,723.0,36235.53,0,Salaried,Group A,0
8124,2023-08,88071.44,0.21255,713.0,6876.17,0,Self employed,Group A,0
8134,2023-08,37479.18,0.25536,700.0,8022.8,1,Salaried,Group B,0
8137,2023-08,79163.68,0.32258,816.0,8187.9,0,Salaried,Group B,0
8196,2023-08,119745.52,0.08539,669.0,12998.27,0,Salaried,Group B,0
8213,2023-08,55094.89,0.51823,643.0,23453.75,0,Salaried,Group B,1
8273,2023-08,18851.2,0.22462,624.0,26819.72,1,Contract,Group B,1
8293,2023-08,114506.05,0.26687,625.0,46917.38,1,Salaried,Group B,1
8385,2023-08,81026.88,0.1274,719.0,23052.5,0,Contract,Group A,0
8390,2023-08,61691.95,0.30058,548.0,19981.91,0,Self employed,Group A,1
8393,2023-08,56733.94,0.26284,725.0,15215.32,0,Contract,Group B,0
8414,2023-08,45943.39,0.24491,541.0,60643.81,0,Self employed,Group A,0
8480,2023-08,15000.0,0.18342,769.0,7636.33,0,Contract,Group B,0
8515,2023-08,19378.18,0.1916,653.0,4896.68,0,Salaried,Group A,0
8517,2023-08,72235.65,0.15107,688.0,21459.32,0,Salaried,Group A,0
8584,2023-08,34926.86,0.41398,610.0,13995.15,0,Contract,Group A,1
8594,2023-08,29566.46,0.29294,749.0,9065.66,1,Contract,Group B,1
8599,2023-08,75658.25,0.63138,665.0,10545.89,0,Salaried,Group A,0
8684,2023-08,70011.38,0.06246,516.0,36926.54,0,Salaried,Group A,1
8780,2023-08,36863.52,0.36564,737.0,7191.38,1,Salaried,Group A,1
8787,2023-08,36819.8,0.32245,626.0,9642.03,0,Self employed,Group B,0
8824,2023-08,36972.02,0.34518,677.0,15494.44,0,Salaried,Group A,0
8840,2023-08,64216.82,0.10913,718.0,6207.08,1,Salaried,Group A,0
8852,2023-08,16020.02,0.22401,724.0,17674.89,0,Salaried,Group A,0
8899,2023-08,66699.94,0.40895,633.0,23957.17,0,Salaried,Group B,1
8924,2023-08,115639.79,0.55826,756.0,11435.7,1,Salaried,Group B,0
8931,2023-08,41052.51,0.23249,713.0,15681.65,1,Salaried,Group A,0
8937,2023-08,75118.27,0.3164,684.0,14211.71,0,Contract,Group B,0
8944,2023-08,46652.28,0.04018,685.0,8670.99,0,Salaried,Group B,0
9004,2023-08,41341.99,0.18936,583.0,20594.95,1,Self employed,Group A,0
9005,2023-08,62420.41,0.31074,762.0,12823.39,0,Salaried,Group A,0
9009,2023-08,37665.86,0.22132,747.0,12857.03,1,Salaried,Group A,0
9020,2023-08,48967.43,0.33256,702.0,13232.72,0,Salaried,Group A,0
9049,2023-08,31221.01,0.15276,643.0,12991.86,1,Contract,Group B,0
9064,2023-08,138280.59,0.53115,550.0,6917.22,0,Contract,Group A,1
9093,2023-08,37689.44,0.03442,575.0,5859.71,0,Self employed,Group B,0
9113,2023-08,61724.32,0.39878,689.0,39575.22,0,Salaried,Group B,1
9121,2023-08,41806.44,0.57674,631.0,15217.62,0,Salaried,Group A,1
9151,2023-08,60240.81,0.23438,623.0,5947.43,0,Salaried,Group B,1
9184,2023-08,46008.75,0.26713,738.0,7148.7,0,Self employed,Group A,1
9239,2023-08,44644.1,0.42858,806.0,22218.93,0,Self employed,Group B,0
9285,2023-08,53311.83,0.32936,677.0,49869.7,1,Salaried,Group A,0
9331,2023-08,,0.41524,580.0,23106.96,0,Salaried,Group A,1
9333,2023-08,70255.88,0.32585,587.0,15936.66,0,Contract,Group B,1
9359,2023-08,40519.65,0.48299,743.0,12105.24,0,Self employed,Group B,0
9377,2023-08,48639.36,0.27851,627.0,19282.85,0,Salaried,Group B,0
9395,2023-08,79986.68,0.10963,669.0,17384.91,0,Salaried,Group A,0
9416,2023-08,81965.41,0.52531,709.0,23622.99,0,Salaried,Group B,0
9451,2023-08,60933.97,0.49479,646.0,21847.2,0,Salaried,Group B,0
9460,2023-08,51137.09,0.16289,747.0,24141.0,0,Salaried,Group A,0
9508,2023-08,23735.44,0.10387,733.0,11087.37,0,Contract,Group A,0
9533,2023-08,34416.0,0.40495,771.0,75000.0,0,Salaried,Group B,0
9561,2023-08,53022.67,0.38076,591.0,10085.18,0,Salaried,Group B,0
9590,2023-08,39588.17,0.22562,682.0,11220.93,2,Self employed,Group B,0
9611,2023-08,109452.41,0.1272,723.0,3444.62,1,Salaried,Group B,1
9614,2023-08,69757.47,0.4937,766.0,14361.71,0,Salaried,Group B,0
9663,2023-08,44652.44,0.39266,669.0,10291.07,1,Salaried,Group A,0
9694,2023-08,59409.38,0.13955,675.0,17923.57,1,Salaried,Group B,0
9701,2023-08,105902.24,0.46313,563.0,5909.34,2,Self employed,Group A,0
9707,2023-08,40161.54,0.22503,664.0,22475.75,0,Salaried,Group A,1
9715,2023-08,112270.56,0.16184,673.0,13216.0,0,Salaried,Group A,1
9722,2023-08,40991.28,0.19043,785.0,10917.82,0,Self employed,Group B,0
9793,2023-08,25637.26,0.29809,626.0,4781.98,2,Self employed,Group A,1
9803,2023-08,185261.46,0.55704,661.0,9841.46,0,Salaried,Group A,1
9826,2023-08,57615.75,0.2755,688.0,14583.68,0,Salaried,Group B,0
9872,2023-08,62187.43,0.09937,662.0,17369.67,0,Self employed,Group B,0
9913,2023-08,45864.13,0.26309,752.0,5437.09,1,Contract,Group B,0
9934,2023-08,84366.05,0.1388,686.0,9649.79,0,Self employed,Group B,0
9947,2023-08,73652.46,0.39287,669.0,3816.29,0,Salaried,Group B,0
9999,2023-08,33704.11,0.35235,670.0,6108.98,0,Contract,Group B,0
55,2023-09,35871.18,0.43417,719.0,33483.56,0,Self employed,Group A,0
62,2023-09,33839.17,0.30114,672.0,28599.59,0,Contract,Group A,0
88,2023-09,49441.49,0.30557,747.0,44579.9,0,Salaried,Group A,0
111,2023-09,33901.03,0.09383,544.0,18883.31,1,Salaried,Group B,1
125,2023-09,44053.64,0.5582,712.0,21689.92,0,Contract,Group A,1
127,2023-09,73762.47,0.1908,649.0,40108.02,0,Salaried,Group B,0
139,2023-09,19796.21,0.69985,647.0,19125.59,0,Salaried,Group A,0
179,2023-09,76431.5,0.33558,640.0,7842.87,1,Salaried,Group B,0
183,2023-09,53694.02,0.1181,726.0,8858.48,0,Salaried,Group A,0
184,2023-09,162608.59,0.47225,653.0,8355.27,0,Self employed,Group A,0
238,2023-09,73220.23,0.27554,661.0,13228.48,0,Salaried,Group A,0
240,2023-09,66866.98,0.05954,684.0,14044.33,0,Salaried,Group A,0
247,2023-09,68593.53,0.21612,747.0,18200.98,1,Salaried,Group A,0
248,2023-09,65405.05,0.21861,582.0,13510.43,0,Salaried,Group B,0
265,2023-09,26964.18,0.3765,640.0,24280.7,1,Salaried,Group B,1
271,2023-09,55674.62,0.31739,709.0,9236.84,0,Self employed,Group B,0
279,2023-09,68055.94,0.31687,635.0,7783.04,0,Salaried,Group B,0
282,2023-09,43098.93,0.17705,775.0,14435.93,1,Salaried,Group B,0
352,2023-09,55093.67,0.70483,730.0,13496.05,1,Salaried,Group B,0
406,2023-09,93379.82,0.35687,657.0,6766.35,2,Salaried,Group A,1
409,2023-09,29829.88,0.27134,626.0,18982.38,0,Contract,Group A,0
430,2023-09,22999.42,0.37885,739.0,22118.24,0,Salaried,Group B,0
447,2023-09,112369.47,0.45412,674.0,40354.86,1,Salaried,Group B,0
494,2023-09,61349.16,0.28582,723.0,32344.26,0,Salaried,Group B,0
498,2023-09,46278.5,0.25008,764.0,15763.03,0,Salaried,Group B,0
570,2023-09,123719.12,0.18692,720.0,8042.7,0,Self employed,Group A,0
577,2023-09,62585.79,0.68582,647.0,17235.64,1,Salaried,Group A,0
579,2023-09,87507.33,0.04058,580.0,18080.81,0,Self employed,Group B,0
593,2023-09,58468.72,0.39465,850.0,14798.95,0,Salaried,Group A,0
596,2023-09,75732.86,0.13944,640.0,30467.71,0,Salaried,Group B,0
604,2023-09,34788.39,0.35422,662.0,18127.7,0,Salaried,Group A,0
607,2023-09,47065.33,0.32399,669.0,9950.94,0,Self employed,Group B,0
631,2023-09,53413.62,0.40798,600.0,9554.86,0,Salaried,Group A,1
632,2023-09,94150.87,0.44089,703.0,13453.66,0,Self employed,Group A,0
667,2023-09,88461.05,0.38553,655.0,53746.56,0,Salaried,Group A,0
671,2023-09,46787.76,0.33989,762.0,36438.98,0,Salaried,Group A,1
694,2023-09,69351.41,0.34209,645.0,8065.3,0,Salaried,Group A,1
695,2023-09,81265.53,0.3974,606.0,24129.54,0,Contract,Group A,1
704,2023-09,246197.75,0.38824,676.0,13178.21,1,Salaried,Group A,0
707,2023-09,74150.16,0.50296,750.0,21720.52,0,Self employed,Group A,0
769,2023-09,43900.94,0.30648,620.0,21899.6,0,Salaried,Group A,0
795,2023-09,61474.9,0.05152,644.0,11099.04,0,Contract,Group A,0
829,2023-09,46163.19,0.0464,671.0,15157.04,0,Self employed,Group A,0
884,2023-09,123942.76,0.14858,765.0,34837.22,0,Salaried,Group B,0
915,2023-09,59864.01,0.2097,710.0,8086.16,1,Salaried,Group A,0
917,2023-09,49419.73,0.32291,620.0,8625.83,0,Self employed,Group B,0
929,2023-09,,0.55006,721.0,20411.41,0,Salaried,Group A,1
949,2023-09,69056.57,0.18452,643.0,48798.25,0,Salaried,Group B,0
968,2023-09,62133.07,0.56657,604.0,30314.66,1,Self employed,Group B,0
974,2023-09,40904.49,0.44352,517.0,15236.23,1,Self employed,Group B,1
993,2023-09,37512.61,0.2256,724.0,39569.99,0,Salaried,Group A,0
1029,2023-09,95880.3,0.19986,603.0,8109.4,0,Salaried,Group A,0
1063,2023-09,110097.06,0.13015,650.0,23451.91,1,Salaried,Group B,0
1096,2023-09,71442.08,0.12349,627.0,7291.27,0,Contract,Group A,0
1121,2023-09,55129.28,0.14315,693.0,8356.77,0,Salaried,Group A,0
1125,2023-09,45725.54,0.12266,682.0,36516.59,0,Self employed,Group B,0
1131,2023-09,90916.88,0.44602,720.0,11032.04,0,Contract,Group B,0
1138,2023-09,71957.87,0.21004,653.0,14466.12,0,Self employed,Group A,0
1151,2023-09,82546.54,0.43341,711.0,8176.24,1,Salaried,Group B,0
1156,2023-09,32787.72,0.16942,674.0,23053.37,0,Contract,Group A,0
1197,2023-09,65937.61,0.13022,676.0,16404.04,0,Salaried,Group B,0
1208,2023-09,144532.28,0.12542,641.0,8505.96,1,Self employed,Group A,0
1213,2023-09,61174.13,0.04882,647.0,47860.25,1,Self employed,Group A,0
1216,2023-09,111463.63,0.45177,673.0,20607.99,0,Salaried,Group B,0
1270,2023-09,67016.04,0.42818,652.0,9709.47,0,Salaried,Group B,1
1343,2023-09,31464.76,0.40088,646.0,39047.91,0,Self employed,Group A,0
1365,2023-09,100842.47,0.19527,697.0,16149.57,1,Salaried,Group A,0
1411,2023-09,20280.28,0.17906,713.0,34962.42,0,Self employed,Group A,0
1435,2023-09,38263.77,0.37043,680.0,39169.43,0,Salaried,Group B,1
1436,2023-09,77801.19,0.28796,672.0,21087.74,0,Salaried,Group A,0
1474,2023-09,33315.06,0.60772,580.0,5809.17,0,Self employed,Group B,0
1499,2023-09,46146.56,0.31161,713.0,20803.05,1,Self employed,Group A,0
1517,2023-09,121751.59,0.58235,811.0,8723.45,1,Salaried,Group A,0
1559,2023-09,112064.34,0.45301,583.0,10575.86,0,Salaried,Group A,1
1565,2023-09,61429.01,0.23811,605.0,9508.79,0,Salaried,Group B,0
1578,2023-09,134777.98,0.17525,611.0,37386.58,0,Self employed,Group B,0
1580,2023-09,103095.11,0.11922,733.0,32518.52,0,Contract,Group A,0
1598,2023-09,82967.25,0.07374,584.0,6830.69,0,Salaried,Group B,1
1633,2023-09,40013.97,0.34252,715.0,33476.83,1,Salaried,Group B,0
1646,2023-09,35556.01,0.5765,620.0,13200.89,0,Salaried,Group A,1
1673,2023-09,51599.81,0.546,656.0,8960.91,0,Salaried,Group A,0
1802,2023-09,51617.81,0.62398,670.0,7717.21,0,Contract,Group A,1
1832,2023-09,37025.79,0.21213,643.0,17412.77,1,Self employed,Group A,0
1846,2023-09,67475.51,0.64376,732.0,23879.17,0,Contract,Group B,0
1872,2023-09,37599.06,0.31481,638.0,10286.75,0,Self employed,Group B,1
1887,2023-09,49770.99,0.2213,664.0,6862.71,0,Contract,Group A,0
1895,2023-09,,0.37477,618.0,4704.3,1,Salaried,Group B,0
1920,2023-09,23077.21,0.08763,742.0,9265.82,1,Salaried,Group B,0
1941,2023-09,37421.33,0.3245,623.0,34975.9,0,Contract,Group A,1
1943,2023-09,34563.08,0.25603,634.0,8098.96,0,Contract,Group A,1
1950,2023-09,78763.01,0.10991,624.0,10286.75,0,Contract,Group B,1
1951,2023-09,115118.57,0.32557,679.0,7801.53,0,Salaried,Group B,0
1952,2023-09,29747.81,0.43921,684.0,10340.18,0,Salaried,Group B,0
1973,2023-09,53345.25,0.04584,679.0,12497.24,0,Contract,Group A,0
1976,2023-09,47002.47,0.15785,793.0,6073.86,0,Salaried,Group A,0
1980,2023-09,43681.56,0.28715,787.0,29670.77,0,Contract,Group B,0
1983,2023-09,68353.53,0.25975,585.0,9667.88,2,Salaried,Group A,0
1997,2023-09,163572.14,0.15202,704.0,1124.3,0,Salaried,Group A,0
2001,2023-09,47940.19,0.1741,823.0,3743.42,0,Salaried,Group A,0
2031,2023-09,59312.11,0.70977,668.0,13082.24,0,Salaried,Group B,1
2061,2023-09,86196.63,0.19027,633.0,11321.23,0,Salaried,Group B,1
2064,2023-09,133216.71,0.27662,713.0,9687.87,1,Salaried,Group B,0
2077,2023-09,193939.84,0.18109,713.0,10351.52,0,Salaried,Group A,0
2089,2023-09,86693.07,0.25493,742.0,13716.79,0,Contract,Group B,0
2091,2023-09,118558.62,0.23939,679.0,10251.02,0,Salaried,Group A,0
2125,2023-09,231999.47,0.10852,646.0,6870.53,0,Salaried,Group A,0
2210,2023-09,23588.07,0.62101,793.0,12266.78,0,Self employed,Group A,0
2219,2023-09,138429.18,0.13165,672.0,55980.37,0,Self employed,Group B,0
2248,2023-09,81802.39,0.20675,621.0,14256.98,0,Self employed,Group A,0
2253,2023-09,44316.53,0.24647,768.0,21401.91,0,Self employed,Group A,0
2264,2023-09,32933.95,0.31134,663.0,5109.07,1,Salaried,Group B,0
2273,2023-09,24859.56,0.32492,703.0,3442.82,0,Salaried,Group A,0
2287,2023-09,34532.13,0.53253,700.0,11711.22,2,Salaried,Group A,0
2302,2023-09,38910.67,0.25063,565.0,11753.65,0,Contract,Group B,1
2416,2023-09,76192.28,0.1962,622.0,17987.07,0,Self employed,Group A,0
2446,2023-09,49965.71,0.28963,756.0,17931.58,0,Salaried,Group B,0
2532,2023-09,93552.51,0.26397,680.0,24888.1,0,Salaried,Group B,0
2536,2023-09,15000.0,0.3834,605.0,9764.28,0,Salaried,Group A,1
2551,2023-09,15781.9,0.46039,649.0,12162.79,0,Salaried,Group A,1
2556,2023-09,56223.07,0.20198,673.0,15176.83,0,Salaried,Group B,0
2593,2023-09,47980.91,0.1838,622.0,6219.62,0,Salaried,Group A,1
2615,2023-09,51102.81,0.02607,562.0,31385.36,0,Contract,Group B,0
2618,2023-09,107074.39,0.30487,685.0,26018.74,0,Salaried,Group A,1
2621,2023-09,107463.47,0.10443,639.0,28520.11,0,Salaried,Group A,0
2627,2023-09,38152.43,0.38428,606.0,8359.47,1,Salaried,Group A,0
2628,2023-09,180093.23,0.5556,581.0,28358.77,0,Contract,Group A,1
2647,2023-09,68575.35,0.20536,693.0,44783.67,0,Salaried,Group B,1
2649,2023-09,62280.95,0.05048,650.0,12164.73,0,Self employed,Group B,0
2674,2023-09,31070.52,0.45262,654.0,15462.31,0,Salaried,Group A,0
2681,2023-09,71654.32,0.10855,745.0,25180.07,0,Salaried,Group A,0
2709,2023-09,97325.65,0.67535,696.0,19114.5,1,Contract,Group A,1
2781,2023-09,61844.57,0.26963,512.0,6080.0,0,Self employed,Group A,1
2913,2023-09,,0.58006,561.0,46528.76,0,Salaried,Group B,1
2923,2023-09,20920.85,0.27984,784.0,16237.06,1,Salaried,Group B,0
2936,2023-09,47538.86,0.26107,588.0,24748.73,0,Salaried,Group B,0
2940,2023-09,80706.33,0.28391,762.0,7713.93,0,Contract,Group A,0
2986,2023-09,29420.07,0.37748,651.0,30142.38,1,Contract,Group A,1
2995,2023-09,89506.74,0.06389,735.0,20092.38,2,Salaried,Group A,0
3016,2023-09,60045.43,0.02616,718.0,22150.47,0,Self employed,Group A,0
3031,2023-09,28035.04,0.16677,563.0,7807.77,0,Salaried,Group B,0
3037,2023-09,29021.72,0.2315,744.0,6167.52,0,Salaried,Group B,1
3059,2023-09,37476.97,0.43804,634.0,73148.14,0,Salaried,Group A,1
3069,2023-09,53042.87,0.28286,776.0,39725.03,0,Contract,Group B,0
3093,2023-09,48638.31,0.23566,723.0,8727.17,1,Salaried,Group A,0
3111,2023-09,59472.93,0.26404,722.0,25823.09,0,Salaried,Group A,1
3123,2023-09,18352.17,0.33565,607.0,30891.83,1,Self employed,Group A,1
3146,2023-09,56304.69,0.18664,634.0,4008.18,0,Self employed,Group A,0
3208,2023-09,49701.16,0.30586,741.0,13036.38,0,Self employed,Group B,0
3235,2023-09,68928.93,0.15213,671.0,11918.14,0,Self employed,Group A,1
3242,2023-09,28267.26,0.40374,678.0,13650.49,0,Self employed,Group B,1
3245,2023-09,79095.72,0.45609,650.0,32805.12,0,Salaried,Group A,0
3246,2023-09,75652.9,0.36224,676.0,8730.43,0,Contract,Group B,0
3271,2023-09,43163.06,0.02567,675.0,7937.59,0,Salaried,Group B,0
3299,2023-09,39431.67,0.30035,593.0,26641.42,1,Salaried,Group A,0
3311,2023-09,53826.42,0.19544,710.0,6326.83,1,Salaried,Group B,0
3316,2023-09,45673.73,0.37699,816.0,36886.34,2,Contract,Group A,0
3329,2023-09,31425.14,0.36028,787.0,28390.76,0,Salaried,Group A,0
3335,2023-09,105940.54,0.21707,627.0,34470.5,0,Salaried,Group A,1
3351,2023-09,59320.59,0.19116,703.0,8123.2,0,Salaried,Group A,0
3356,2023-09,59419.16,0.16771,677.0,44128.21,1,Self employed,Group B,0
3367,2023-09,31468.99,0.07135,640.0,55539.39,0,Self employed,Group A,1
3396,2023-09,29123.8,0.27249,780.0,11872.58,0,Salaried,Group A,0
3468,2023-09,59570.99,0.11308,710.0,37705.52,0,Salaried,Group B,0
3488,2023-09,63317.17,0.58622,579.0,10792.51,0,Contract,Group B,0
3495,2023-09,66377.84,0.29458,728.0,16392.91,0,Salaried,Group A,0
3500,2023-09,74220.0,0.41122,600.0,22061.58,0,Contract,Group A,1
3527,2023-09,39835.95,0.14628,667.0,8618.96,0,Contract,Group A,0
3588,2023-09,89629.79,0.05027,785.0,19850.23,0,Salaried,Group B,0
3610,2023-09,33212.2,0.41508,735.0,40489.76,0,Salaried,Group B,0
3643,2023-09,58129.82,0.26197,626.0,41136.63,0,Salaried,Group A,0
3658,2023-09,,0.07088,665.0,10122.59,0,Self employed,Group B,0
3661,2023-09,30023.47,0.49396,614.0,19281.34,0,Salaried,Group B,1
3670,2023-09,57437.53,0.43369,645.0,9963.18,1,Contract,Group B,1
3714,2023-09,73630.69,0.17616,763.0,22157.41,2,Self employed,Group B,1
3716,2023-09,85199.43,0.70098,723.0,16364.16,1,Contract,Group A,0
3733,2023-09,37160.44,0.24991,617.0,18114.52,0,Self employed,Group B,1
3756,2023-09,88709.41,0.11199,630.0,8329.55,0,Salaried,Group B,0
3760,2023-09,21251.2,0.37198,632.0,8439.01,0,Salaried,Group A,0
3787,2023-09,92888.25,0.35864,538.0,6571.8,0,Self employed,Group B,1
3814,2023-09,21922.67,0.08156,658.0,4611.56,0,Salaried,Group B,0
3832,2023-09,45769.3,0.30189,701.0,6381.78,0,Self employed,Group A,1
3844,2023-09,32449.42,0.53244,665.0,28196.71,2,Self employed,Group A,1
3862,2023-09,30528.38,0.18557,637.0,18851.61,1,Salaried,Group A,1
3865,2023-09,47869.86,0.30322,592.0,39948.68,0,Salaried,Group B,0
3910,2023-09,21557.59,0.19116,655.0,12243.92,0,Salaried,Group A,0
3917,2023-09,39040.22,0.1329,704.0,7980.32,0,Salaried,Group A,0
3953,2023-09,55928.2,0.25641,702.0,13636.08,1,Salaried,Group A,0
3955,2023-09,46628.46,0.09086,678.0,18455.65,0,Salaried,Group A,0
3964,2023-09,85924.46,0.22491,707.0,5252.55,0,Self employed,Group B,0
3970,2023-09,25234.89,0.10078,563.0,8828.0,0,Salaried,Group B,1
3976,2023-09,47628.08,0.38666,681.0,26659.57,0,Salaried,Group B,0
3990,2023-09,43111.01,0.42018,611.0,7706.27,0,Contract,Group B,0
4033,2023-09,98815.59,0.51591,596.0,15941.06,0,Self employed,Group A,0
4049,2023-09,70232.26,0.13723,574.0,9920.82,1,Salaried,Group A,1
4059,2023-09,55655.17,0.13961,718.0,15884.34,2,Salaried,Group B,0
4075,2023-09,73268.2,0.21246,698.0,15512.91,0,Salaried,Group A,0
4082,2023-09,133053.6,0.49373,678.0,23371.11,0,Self employed,Group B,0
4087,2023-09,77103.85,0.10987,799.0,5754.42,0,Salaried,Group B,0
4138,2023-09,49587.3,0.10417,643.0,27975.28,0,Self employed,Group B,0
4141,2023-09,37304.24,0.21557,734.0,5729.35,0,Self employed,Group A,0
4214,2023-09,69851.61,0.23493,681.0,11980.66,0,Salaried,Group B,0
4219,2023-09,79257.21,0.17178,649.0,11664.79,0,Salaried,Group B,0
4222,2023-09,61677.38,0.17726,603.0,4694.38,0,Salaried,Group A,1
4246,2023-09,65080.22,0.08008,654.0,31676.5,1,Salaried,Group A,1
4325,2023-09,131322.15,0.24345,668.0,40615.51,0,Self employed,Group A,1
4352,2023-09,54868.67,0.35126,650.0,4782.05,0,Salaried,Group A,0
4359,2023-09,103294.61,0.14071,684.0,5000.61,1,Salaried,Group A,1
4365,2023-09,25048.12,0.28176,680.0,14259.54,0,Salaried,Group A,0
4371,2023-09,61981.43,0.33959,701.0,14781.96,1,Contract,Group B,1
4372,2023-09,24700.41,0.2606,698.0,9706.62,0,Salaried,Group A,0
4378,2023-09,47342.28,0.09315,731.0,39987.2,0,Salaried,Group A,0
4393,2023-09,45553.58,0.30639,612.0,35328.14,0,Contract,Group A,0
4408,2023-09,42674.03,0.32709,625.0,13209.45,0,Contract,Group A,1
4419,2023-09,18998.74,0.36459,646.0,18717.77,0,Salaried,Group A,0
4426,2023-09,57864.22,0.68807,602.0,9095.79,0,Salaried,Group A,1
4428,2023-09,67596.38,0.60105,586.0,13641.75,0,Salaried,Group B,0
4449,2023-09,56676.2,0.03475,614.0,16951.48,0,Self employed,Group B,0
4456,2023-09,36587.33,0.2937,638.0,17105.32,0,Salaried,Group B,1
4481,2023-09,73015.33,0.12831,660.0,12312.0,0,Self employed,Group B,0
4504,2023-09,81965.88,0.24156,659.0,8850.63,1,Salaried,Group B,0
4507,2023-09,55572.6,0.14149,626.0,18213.83,0,Self employed,Group A,0
4508,2023-09,15683.76,0.1187,565.0,56767.76,1,Salaried,Group B,1
4510,2023-09,44701.25,0.06893,696.0,4546.71,0,Self employed,Group A,0
4529,2023-09,39903.63,0.27422,737.0,17585.24,0,Self employed,Group B,0
4551,2023-09,57358.45,0.2551,751.0,16090.87,0,Contract,Group A,0
4615,2023-09,67234.0,0.23352,585.0,15115.54,0,Salaried,Group B,0
4648,2023-09,49031.54,0.23002,718.0,8674.34,0,Salaried,Group A,0
4659,2023-09,56819.37,0.46187,555.0,6526.75,1,Salaried,Group B,1
4696,2023-09,31107.05,0.19073,705.0,20374.9,2,Salaried,Group A,0
4709,2023-09,73989.05,0.31337,625.0,13468.31,0,Self employed,Group A,1
4724,2023-09,65733.67,0.61103,583.0,17409.18,0,Self employed,Group B,1
4738,2023-09,55410.7,0.18672,631.0,52311.98,1,Salaried,Group A,0
4744,2023-09,53113.44,0.34714,712.0,19660.17,1,Self employed,Group A,0
4769,2023-09,36374.03,0.19716,741.0,27066.75,0,Salaried,Group A,0
4770,2023-09,42552.95,0.13721,742.0,35050.78,1,Salaried,Group B,0
4785,2023-09,65753.28,0.25762,660.0,15099.84,0,Salaried,Group B,0
4814,2023-09,57844.36,0.17207,624.0,4791.41,0,Salaried,Group B,0
4845,2023-09,29940.65,0.34623,726.0,21524.85,0,Salaried,Group B,0
4875,2023-09,90436.27,0.30861,672.0,15587.28,1,Salaried,Group A,0
4880,2023-09,23206.22,0.40732,576.0,10068.82,0,Salaried,Group A,0
4883,2023-09,34906.77,0.06235,706.0,11732.17,1,Salaried,Group A,0
4913,2023-09,40710.28,0.37067,573.0,23889.64,0,Salaried,Group A,0
4922,2023-09,34080.58,0.28338,642.0,75000.0,0,Self employed,Group A,0
4977,2023-09,,0.05978,648.0,9972.97,0,Salaried,Group B,0
4985,2023-09,34153.24,0.48388,663.0,16037.86,0,Self employed,Group A,0
5013,2023-09,,0.2069,696.0,8944.32,0,Contract,Group A,0
5019,2023-09,39123.13,0.29311,790.0,19526.76,1,Contract,Group A,0
5051,2023-09,86576.47,0.52075,711.0,44695.79,0,Salaried,Group B,1
5089,2023-09,202398.95,0.14937,605.0,37382.27,0,Salaried,Group A,0
5110,2023-09,46965.25,0.56371,704.0,28282.1,0,Self employed,Group A,0
5121,2023-09,50870.82,0.09756,603.0,21082.22,0,Salaried,Group A,0
5123,2023-09,114262.15,0.28977,741.0,13664.32,1,Salaried,Group A,0
5125,2023-09,57201.32,0.35596,605.0,18368.38,1,Salaried,Group A,0
5155,2023-09,24405.04,0.67145,640.0,25541.57,1,Salaried,Group A,1
5224,2023-09,28197.68,0.15724,642.0,15189.98,0,Salaried,Group A,0
5228,2023-09,72324.71,0.08073,681.0,11174.08,0,Self employed,Group B,0
5286,2023-09,60418.39,0.0964,722.0,4883.7,0,Salaried,Group B,0
5315,2023-09,44785.08,0.08139,599.0,13232.59,1,Contract,Group B,1
5377,2023-09,46874.8,0.02791,688.0,7761.44,0,Salaried,Group A,0
5447,2023-09,114155.76,0.3348,675.0,14785.9,0,Salaried,Group B,0
5479,2023-09,23152.73,0.1578,719.0,7452.89,0,Salaried,Group A,0
5594,2023-09,53682.88,0.18981,709.0,15181.56,1,Salaried,Group A,1
5619,2023-09,45333.68,0.3398,674.0,28463.58,0,Salaried,Group B,0
5731,2023-09,87499.07,0.12175,542.0,22637.79,0,Salaried,Group B,0
5756,2023-09,62738.29,0.3054,630.0,21207.78,0,Self employed,Group B,0
5761,2023-09,79219.15,0.41523,555.0,27466.9,0,Salaried,Group B,1
5787,2023-09,77703.5,0.25988,599.0,12330.44,2,Self employed,Group A,1
5802,2023-09,83849.87,0.22583,739.0,7156.06,1,Self employed,Group A,0
5823,2023-09,49671.2,0.18083,626.0,38383.0,2,Salaried,Group B,0
5827,2023-09,70071.24,0.50987,590.0,7218.32,0,Self employed,Group A,0
5874,2023-09,116647.05,0.35382,850.0,9412.67,0,Salaried,Group A,0
5912,2023-09,31619.88,0.27512,683.0,2923.73,0,Self employed,Group B,0
5934,2023-09,72174.5,0.36369,681.0,27315.09,0,Salaried,Group A,0
5955,2023-09,46636.01,0.07205,697.0,11474.58,1,Self employed,Group A,0
5965,2023-09,90585.05,0.10935,605.0,29435.41,0,Salaried,Group A,1
5984,2023-09,99960.77,0.28116,795.0,19204.0,0,Salaried,Group B,0
6005,2023-09,82056.7,0.30903,635.0,7144.44,0,Contract,Group B,1
6037,2023-09,85801.6,0.50374,655.0,2726.71,0,Salaried,Group A,0
6058,2023-09,125877.27,0.63841,689.0,8019.29,1,Contract,Group A,0
6074,2023-09,90262.91,0.0978,695.0,11040.01,0,Salaried,Group A,0
6107,2023-09,49294.57,0.27102,631.0,26724.32,0,Salaried,Group B,1
6122,2023-09,43929.51,0.29235,642.0,16950.95,1,Contract,Group A,0
6143,2023-09,31366.9,0.15641,700.0,41756.67,0,Salaried,Group A,0
6149,2023-09,24667.57,0.13788,610.0,23420.23,0,Self employed,Group B,0
6153,2023-09,23174.7,0.34498,766.0,12240.67,0,Salaried,Group B,0
6159,2023-09,80407.14,0.32516,683.0,19220.49,0,Salaried,Group B,0
6176,2023-09,178492.51,0.06026,734.0,6876.37,0,Salaried,Group A,0
6210,2023-09,21467.56,0.28385,680.0,16088.33,0,Self employed,Group A,1
6221,2023-09,153205.11,0.3767,707.0,24299.06,1,Salaried,Group B,0
6222,2023-09,70233.17,0.65785,722.0,6633.27,2,Self employed,Group B,1
6238,2023-09,38798.22,0.14419,724.0,12195.92,0,Salaried,Group A,0
6297,2023-09,26031.26,0.17336,535.0,28179.21,0,Self employed,Group A,1
6301,2023-09,37595.0,0.28067,736.0,11442.1,0,Salaried,Group B,0
6318,2023-09,71318.26,0.43041,725.0,27693.04,0,Salaried,Group B,0
6415,2023-09,95362.58,0.47814,699.0,14314.0,1,Salaried,Group B,0
6527,2023-09,32033.42,0.17767,646.0,16688.78,0,Contract,Group B,1
6535,2023-09,44936.27,0.13199,670.0,7600.76,0,Self employed,Group A,0
6540,2023-09,22783.84,0.60831,728.0,10633.3,0,Salaried,Group A,0
6548,2023-09,45310.04,0.29145,726.0,9933.48,0,Salaried,Group B,0
6553,2023-09,,0.45612,622.0,24625.33,0,Self employed,Group B,0
6562,2023-09,36203.98,0.3026,668.0,19437.39,1,Contract,Group A,0
6580,2023-09,79373.69,0.20568,667.0,8880.2,0,Self employed,Group A,0
6627,2023-09,67170.68,0.46199,591.0,3601.22,0,Contract,Group B,0
6634,2023-09,57074.29,0.33949,621.0,13245.67,0,Salaried,Group B,0
6650,2023-09,71399.61,0.15727,710.0,15073.32,1,Salaried,Group A,1
6658,2023-09,42598.89,0.38702,667.0,8021.32,1,Self employed,Group A,0
6664,2023-09,35447.65,0.38066,619.0,38624.78,0,Salaried,Group B,1
6709,2023-09,35075.89,0.63753,728.0,20485.54,0,Salaried,Group B,0
6712,2023-09,91192.17,0.63436,760.0,8468.88,1,Contract,Group B,0
6774,2023-09,72001.19,0.37679,571.0,41088.25,1,Salaried,Group B,0
6812,2023-09,133836.89,0.34146,603.0,12428.84,0,Self employed,Group A,0
6831,2023-09,52105.78,0.16057,673.0,17793.95,0,Salaried,Group A,0
6844,2023-09,39306.85,0.30561,726.0,26360.08,0,Salaried,Group A,0
6866,2023-09,140472.38,0.46127,635.0,16383.99,0,Salaried,Group B,1
6869,2023-09,43878.27,0.49434,670.0,11138.58,2,Salaried,Group B,1
6879,2023-09,55033.98,0.52479,667.0,11503.76,0,Salaried,Group A,1
6880,2023-09,30028.1,0.50853,725.0,22161.39,0,Salaried,Group B,1
6894,2023-09,56167.41,0.52819,605.0,19297.99,0,Salaried,Group B,0
6897,2023-09,73093.1,0.36041,591.0,16581.02,0,Self employed,Group A,0
6933,2023-09,46878.05,0.51822,682.0,5956.38,0,Contract,Group B,0
6935,2023-09,84783.91,0.39889,675.0,64978.22,0,Contract,Group A,1
6945,2023-09,93274.55,0.41479,644.0,7624.13,0,Self employed,Group A,0
6960,2023-09,40830.11,0.39851,719.0,14057.04,0,Self employed,Group A,0
7027,2023-09,24061.23,0.32599,607.0,22945.78,0,Salaried,Group A,0
7028,2023-09,45321.28,0.1747,689.0,9247.11,1,Salaried,Group A,0
7082,2023-09,67307.3,0.08957,739.0,17642.23,1,Salaried,Group B,0
7104,2023-09,37619.14,0.34233,776.0,23519.73,0,Salaried,Group B,0
7107,2023-09,21771.43,0.14395,733.0,32414.39,1,Contract,Group A,0
7111,2023-09,20884.44,0.20325,677.0,5621.62,0,Self employed,Group B,0
7135,2023-09,82434.38,0.17125,727.0,18623.55,3,Salaried,Group A,0
7190,2023-09,78458.86,0.28151,592.0,5120.11,0,Salaried,Group A,1
7194,2023-09,24628.88,0.07163,617.0,20908.45,0,Salaried,Group A,1
7209,2023-09,51155.86,0.15312,614.0,13289.41,0,Salaried,Group B,0
7232,2023-09,36258.45,0.59988,580.0,30925.88,0,Self employed,Group B,1
7243,2023-09,54863.74,0.16469,708.0,31240.53,0,Self employed,Group A,0
7298,2023-09,66514.59,0.20755,583.0,48419.29,0,Salaried,Group B,1
7351,2023-09,27534.95,0.22916,760.0,5539.15,1,Salaried,Group A,0
7357,2023-09,105429.92,0.3814,646.0,12854.25,0,Contract,Group B,0
7359,2023-09,22969.69,0.22596,680.0,11098.33,1,Salaried,Group B,0
7372,2023-09,61100.82,0.28526,779.0,33589.79,0,Contract,Group A,0
7374,2023-09,35877.34,0.24009,694.0,31574.42,0,Self employed,Group B,1
7418,2023-09,51239.32,0.27984,668.0,22612.29,0,Salaried,Group A,1
7522,2023-09,44633.39,0.28414,687.0,22507.62,1,Self employed,Group B,0
7537,2023-09,27678.46,0.28866,599.0,16413.31,0,Salaried,Group B,0
7540,2023-09,33224.41,0.2184,602.0,9798.54,0,Salaried,Group A,0
7573,2023-09,53141.25,0.29786,747.0,19842.4,0,Salaried,Group B,0
7611,2023-09,50716.68,0.41342,715.0,25724.16,0,Contract,Group B,0
7619,2023-09,85878.68,0.01333,723.0,11171.36,2,Salaried,Group A,0
7623,2023-09,31095.05,0.16449,682.0,16728.19,0,Salaried,Group A,0
7634,2023-09,28938.9,0.44141,667.0,25770.59,0,Salaried,Group B,0
7642,2023-09,19677.28,0.32188,656.0,8820.04,0,Salaried,Group A,0
7645,2023-09,79562.86,0.2113,651.0,25247.72,0,Salaried,Group A,0
7674,2023-09,92977.33,0.23696,654.0,19674.08,0,Salaried,Group B,1
7683,2023-09,125729.04,0.39118,706.0,9900.99,0,Self employed,Group A,0
7712,2023-09,43315.32,0.28617,690.0,11052.19,1,Contract,Group A,0
7714,2023-09,128627.33,0.12455,630.0,14797.04,0,Self employed,Group A,0
7726,2023-09,93490.51,0.2521,619.0,10310.29,0,Salaried,Group A,1
7747,2023-09,103364.79,0.39906,529.0,11512.48,0,Self employed,Group B,0
7767,2023-09,53082.28,0.23218,627.0,38371.27,1,Salaried,Group B,0
7844,2023-09,131506.27,0.52738,723.0,22469.85,0,Salaried,Group A,0
7847,2023-09,24029.54,0.2227,753.0,4937.38,0,Contract,Group A,0
7856,2023-09,129061.44,0.21428,726.0,18212.71,0,Salaried,Group A,0
7863,2023-09,,0.22825,639.0,3512.17,1,Salaried,Group A,0
7925,2023-09,57762.33,0.3526,624.0,11416.84,1,Salaried,Group B,1
7926,2023-09,80723.53,0.44019,538.0,14827.75,0,Salaried,Group A,0
7962,2023-09,86807.56,0.47309,718.0,45787.89,0,Salaried,Group A,0
7969,2023-09,153943.31,0.39497,714.0,32408.28,2,Salaried,Group A,1
7978,2023-09,201555.69,0.14407,671.0,30970.48,0,Self employed,Group A,0
7986,2023-09,71787.37,0.32054,749.0,15598.84,0,Self employed,Group B,1
7996,2023-09,76975.63,0.42679,757.0,19754.75,0,Self employed,Group A,0
8005,2023-09,35433.3,0.32649,755.0,7829.28,0,Salaried,Group A,0
8010,2023-09,,0.31573,721.0,10874.19,0,Contract,Group A,0
8043,2023-09,62653.99,0.43865,639.0,26898.79,0,Self employed,Group A,0
8081,2023-09,64050.99,0.39319,737.0,11855.18,0,Self employed,Group A,0
8125,2023-09,36938.26,0.35124,697.0,15648.36,0,Salaried,Group B,0
8171,2023-09,25632.25,0.25333,609.0,3454.26,1,Contract,Group B,0
8179,2023-09,64278.46,0.21214,604.0,21587.16,0,Contract,Group B,0
8190,2023-09,119927.84,0.10097,614.0,52435.98,1,Salaried,Group B,1
8223,2023-09,35426.55,0.34522,597.0,13099.86,1,Salaried,Group B,0
8254,2023-09,24927.74,0.46662,645.0,14051.4,0,Self employed,Group A,1
8258,2023-09,122843.81,0.31614,554.0,27780.26,1,Contract,Group B,1
8275,2023-09,65781.12,0.3556,590.0,11680.49,1,Self employed,Group A,1
8288,2023-09,158460.33,0.39461,685.0,17802.02,0,Salaried,Group B,0
8332,2023-09,145562.37,0.39388,672.0,6262.24,0,Salaried,Group A,0
8355,2023-09,63882.3,0.0817,720.0,14130.64,0,Salaried,Group A,0
8388,2023-09,27467.19,0.42965,724.0,14311.18,0,Self employed,Group B,1
8394,2023-09,68106.39,0.06364,756.0,18792.66,0,Salaried,Group A,0
8415,2023-09,61632.73,0.46806,718.0,21736.13,0,Salaried,Group A,0
8468,2023-09,45077.84,0.39525,736.0,9501.71,0,Salaried,Group A,0
8487,2023-09,28848.89,0.05178,568.0,31845.51,0,Self employed,Group A,1
8505,2023-09,53058.24,0.28499,689.0,8475.36,0,Self employed,Group A,0
8507,2023-09,107264.52,0.40954,699.0,43605.68,0,Salaried,Group B,0
8514,2023-09,30394.89,0.20244,721.0,14982.69,0,Self employed,Group B,0
8519,2023-09,60295.92,0.22512,652.0,24799.26,0,Salaried,Group B,0
8619,2023-09,54421.46,0.33015,651.0,9740.06,0,Salaried,Group A,0
8644,2023-09,48831.07,0.35516,811.0,13829.92,0,Salaried,Group B,0
8660,2023-09,67142.25,0.33289,558.0,28823.78,0,Salaried,Group B,1
8712,2023-09,57970.53,0.36693,686.0,20025.26,0,Salaried,Group A,0
8737,2023-09,114316.98,0.10249,634.0,45064.02,0,Salaried,Group A,0
8747,2023-09,60460.97,0.35332,644.0,8551.09,1,Salaried,Group A,0
8760,2023-09,57918.17,0.37374,711.0,3918.89,1,Salaried,Group B,0
8832,2023-09,77365.14,0.2127,655.0,11002.52,0,Salaried,Group B,1
8859,2023-09,42599.56,0.56398,723.0,22368.94,0,Contract,Group B,0
8872,2023-09,29665.49,0.29844,593.0,69677.14,1,Self employed,Group B,1
8930,2023-09,60247.25,0.15948,689.0,13358.52,0,Salaried,Group B,0
8966,2023-09,62309.19,0.28143,779.0,13516.03,0,Self employed,Group A,0
8976,2023-09,50697.27,0.16284,539.0,5747.71,1,Salaried,Group A,1
9008,2023-09,115299.91,0.38996,705.0,21074.88,0,Salaried,Group A,0
9033,2023-09,71992.47,0.31447,703.0,11187.15,0,Salaried,Group A,0
9051,2023-09,48978.24,0.35768,780.0,13219.24,0,Salaried,Group A,0
9109,2023-09,59997.57,0.51872,704.0,7229.31,0,Self employed,Group A,0
9143,2023-09,74601.29,0.10309,656.0,23470.95,1,Contract,Group A,0
9156,2023-09,21153.92,0.28351,577.0,21211.21,0,Contract,Group A,1
9157,2023-09,100354.42,0.6256,719.0,24432.12,1,Self employed,Group A,1
9198,2023-09,39013.12,0.26637,661.0,32872.84,0,Salaried,Group A,0
9218,2023-09,44799.43,0.30546,624.0,2471.59,0,Salaried,Group A,0
9302,2023-09,69157.89,0.40244,631.0,12468.39,0,Self employed,Group B,0
9313,2023-09,62335.63,0.06044,780.0,14676.44,0,Self employed,Group B,0
9323,2023-09,27753.94,0.39061,683.0,36658.73,1,Self employed,Group B,1
9326,2023-09,51028.85,0.33461,676.0,34961.82,0,Salaried,Group A,0
9330,2023-09,43749.46,0.03075,584.0,18707.46,0,Salaried,Group B,0
9332,2023-09,82271.49,0.4517,536.0,15764.54,0,Salaried,Group A,1
9337,2023-09,93814.5,0.41397,689.0,18586.48,0,Salaried,Group B,1
9355,2023-09,149161.03,0.35406,649.0,13238.26,0,Salaried,Group A,0
9368,2023-09,50931.91,0.07354,672.0,36537.98,1,Self employed,Group B,0
9383,2023-09,69360.03,0.03903,618.0,12972.29,0,Contract,Group B,0
9420,2023-09,104182.13,0.48826,556.0,32232.77,0,Salaried,Group A,1
9422,2023-09,53908.62,0.03077,732.0,31167.58,1,Contract,Group B,0
9425,2023-09,52292.47,0.232,563.0,43438.19,1,Self employed,Group A,0
9434,2023-09,66177.82,0.09518,647.0,10152.34,0,Self employed,Group A,1
9479,2023-09,95474.12,0.33599,691.0,21135.18,0,Salaried,Group A,0
9526,2023-09,37812.86,0.13055,693.0,29539.19,0,Salaried,Group B,0
9560,2023-09,61555.2,0.42029,714.0,12574.87,1,Contract,Group A,1
9593,2023-09,130441.48,0.32758,759.0,31163.85,1,Self employed,Group B,0
9644,2023-09,80153.5,0.33329,771.0,31802.02,0,Self employed,Group A,0
9647,2023-09,56813.02,0.41233,713.0,23127.93,0,Salaried,Group A,0
9650,2023-09,37952.66,0.22382,743.0,30444.57,0,Self employed,Group A,0
9682,2023-09,132037.59,0.2268,701.0,12729.75,0,Salaried,Group B,0
9683,2023-09,56380.78,0.2951,610.0,4425.79,0,Contract,Group B,0
9696,2023-09,41057.34,0.10781,573.0,10086.6,0,Salaried,Group A,1
9703,2023-09,125273.64,0.12257,668.0,24661.92,0,Salaried,Group A,1
9716,2023-09,36114.45,0.37915,635.0,7550.0,0,Salaried,Group A,1
9723,2023-09,99525.69,0.28642,736.0,6671.84,0,Self employed,Group B,0
9764,2023-09,40168.11,0.23144,596.0,13672.06,1,Contract,Group B,1
9789,2023-09,45465.71,0.49557,660.0,5107.32,0,Self employed,Group A,0
9820,2023-09,92199.76,0.62003,723.0,17170.45,1,Salaried,Group A,1
9871,2023-09,27495.92,0.18267,641.0,14601.06,0,Salaried,Group A,0
9878,2023-09,51357.95,0.27454,594.0,13365.69,0,Salaried,Group A,0
9900,2023-09,55701.06,0.19348,583.0,25940.9,0,Salaried,Group B,0
9919,2023-09,95350.33,0.21408,786.0,7571.25,0,Salaried,Group B,0
9939,2023-09,63123.82,0.16683,607.0,21702.08,0,Salaried,Group B,0
9975,2023-09,49813.55,0.41706,642.0,32587.34,0,Salaried,Group B,0
31,2023-10,38494.22,0.35969,737.0,7880.95,0,Contract,Group B,0
56,2023-10,87747.17,0.44416,649.0,9527.78,1,Contract,Group A,0
64,2023-10,35082.37,0.01204,756.0,12737.82,0,Self employed,Group A,0
66,2023-10,61027.85,0.33192,685.0,22089.63,0,Self employed,Group A,0
101,2023-10,66245.22,0.43675,514.0,20572.48,0,Salaried,Group B,1
128,2023-10,53545.6,0.68196,564.0,14119.88,0,Self employed,Group A,1
150,2023-10,45838.29,0.45886,650.0,18044.39,0,Salaried,Group B,0
152,2023-10,66598.77,0.23344,652.0,8473.92,0,Salaried,Group B,0
171,2023-10,132075.72,0.07252,708.0,13267.17,0,Salaried,Group B,0
195,2023-10,35891.91,0.14217,737.0,6249.69,1,Salaried,Group A,0
270,2023-10,65879.47,0.2285,723.0,29798.5,0,Salaried,Group A,0
295,2023-10,69933.78,0.22964,629.0,37435.8,0,Self employed,Group A,1
302,2023-10,28959.54,0.58132,759.0,10741.16,0,Salaried,Group A,0
311,2023-10,34351.28,0.82048,680.0,2740.13,0,Salaried,Group A,1
325,2023-10,84748.84,0.55506,653.0,8033.41,0,Salaried,Group B,1
332,2023-10,146305.41,0.19721,768.0,5253.48,0,Salaried,Group B,0
341,2023-10,67364.54,0.35844,714.0,9859.83,1,Contract,Group A,0
359,2023-10,31212.52,0.2893,669.0,15434.83,0,Self employed,Group A,0
402,2023-10,42816.06,0.24958,777.0,8192.6,1,Self employed,Group B,0
436,2023-10,117484.75,0.31211,653.0,27090.21,0,Salaried,Group B,0
474,2023-10,42604.6,0.26446,668.0,25360.61,0,Salaried,Group B,0
476,2023-10,73419.11,0.45753,688.0,10788.76,0,Salaried,Group A,0
481,2023-10,57359.07,0.41598,677.0,18899.53,0,Salaried,Group B,0
491,2023-10,55186.23,0.2892,617.0,21768.21,0,Contract,Group B,0
500,2023-10,60179.08,0.51334,744.0,15220.5,1,Salaried,Group A,0
504,2023-10,84187.63,0.01751,795.0,31753.76,0,Self employed,Group B,0
523,2023-10,40932.66,0.34181,831.0,7330.3,0,Self employed,Group A,0
549,2023-10,128077.43,0.28475,714.0,41532.75,0,Salaried,Group A,0
551,2023-10,30018.27,0.18365,765.0,20979.94,1,Salaried,Group A,1
559,2023-10,82937.66,0.46684,476.0,53730.42,0,Self employed,Group A,0
583,2023-10,29449.85,0.10864,759.0,12361.37,0,Contract,Group A,0
615,2023-10,85022.88,0.21738,728.0,15527.73,1,Contract,Group B,0
621,2023-10,36168.19,0.39786,687.0,15141.36,0,Salaried,Group A,0
627,2023-10,43471.41,0.14025,632.0,9013.58,0,Salaried,Group A,0
628,2023-10,51519.64,0.46237,629.0,13748.2,0,Salaried,Group B,0
647,2023-10,73073.32,0.51268,619.0,11072.32,0,Salaried,Group A,0
673,2023-10,57693.1,0.53283,671.0,20916.22,0,Self employed,Group B,0
708,2023-10,114717.31,0.34185,676.0,11809.95,0,Self employed,Group B,0
738,2023-10,46343.99,0.33372,755.0,19723.07,0,Self employed,Group A,0
758,2023-10,49955.73,0.16731,761.0,14599.14,0,Self employed,Group B,0
760,2023-10,48871.29,0.40483,645.0,39758.49,0,Salaried,Group A,1
764,2023-10,62380.43,0.15071,653.0,75000.0,0,Self employed,Group A,0
839,2023-10,104097.89,0.15745,724.0,47833.35,0,Salaried,Group B,0
843,2023-10,56654.21,0.25597,636.0,33431.55,0,Salaried,Group A,0
845,2023-10,82608.32,0.06201,776.0,5518.15,0,Salaried,Group B,0
867,2023-10,76929.07,0.03212,706.0,7461.37,0,Self employed,Group B,0
873,2023-10,58800.84,0.41812,605.0,14634.59,2,Contract,Group B,0
890,2023-10,39050.81,0.08765,701.0,14221.31,0,Salaried,Group B,0
924,2023-10,22844.12,0.45075,643.0,42743.07,1,Salaried,Group A,0
926,2023-10,73612.71,0.29415,618.0,11889.18,0,Self employed,Group B,0
943,2023-10,69054.06,0.12596,717.0,17970.19,0,Salaried,Group B,0
985,2023-10,106489.77,0.6274,573.0,58850.47,0,Contract,Group A,1
1012,2023-10,110709.14,0.13681,699.0,33066.42,0,Salaried,Group B,0
1062,2023-10,128931.23,0.13041,614.0,12912.33,0,Salaried,Group A,0
1073,2023-10,38842.14,0.26593,766.0,8994.06,0,Salaried,Group B,0
1084,2023-10,39482.26,0.23738,651.0,24417.77,0,Salaried,Group A,1
1085,2023-10,78235.46,0.26696,766.0,13233.88,0,Salaried,Group B,0
1090,2023-10,60014.02,0.29829,669.0,7114.9,0,Salaried,Group A,0
1112,2023-10,88903.29,0.02461,644.0,24523.56,2,Self employed,Group A,0
1130,2023-10,70994.16,0.59908,717.0,12648.29,1,Salaried,Group A,1
1157,2023-10,114318.28,0.16199,662.0,27040.6,1,Salaried,Group B,1
1158,2023-10,98839.64,0.08704,637.0,20396.65,0,Salaried,Group B,1
1231,2023-10,79613.55,0.30567,779.0,13724.64,1,Salaried,Group A,0
1256,2023-10,47386.05,0.20741,608.0,8825.48,0,Salaried,Group A,1
1280,2023-10,38271.92,0.14555,718.0,8443.34,1,Self employed,Group B,0
1322,2023-10,43491.46,0.09251,692.0,13134.68,0,Salaried,Group B,0
1330,2023-10,62241.75,0.21789,716.0,37056.56,1,Salaried,Group A,0
1415,2023-10,99898.71,0.55701,699.0,8706.24,0,Salaried,Group A,0
1459,2023-10,62390.59,0.58874,677.0,25237.22,0,Salaried,Group B,0
1485,2023-10,71648.17,0.11082,670.0,20562.46,0,Salaried,Group B,0
1494,2023-10,32223.97,0.38147,669.0,35466.66,0,Salaried,Group B,0
1551,2023-10,31780.58,0.36114,639.0,8691.43,1,Salaried,Group B,0
1564,2023-10,33013.84,0.16526,599.0,10281.39,0,Self employed,Group B,0
1615,2023-10,56482.51,0.51319,685.0,12703.28,0,Salaried,Group A,0
1637,2023-10,40355.84,0.48517,572.0,24217.47,1,Salaried,Group A,1
1639,2023-10,24101.71,0.46382,633.0,13524.31,0,Self employed,Group A,0
1647,2023-10,36097.7,0.33801,705.0,16609.71,1,Contract,Group B,0
1658,2023-10,26722.8,0.42952,626.0,68842.49,0,Salaried,Group B,1
1676,2023-10,33310.46,0.1919,623.0,11459.12,0,Salaried,Group B,0
1710,2023-10,32959.12,0.2919,574.0,15994.72,0,Contract,Group B,0
1730,2023-10,96831.0,0.39648,609.0,41352.73,0,Salaried,Group B,0
1745,2023-10,108659.84,0.15359,632.0,12467.78,0,Contract,Group B,0
1747,2023-10,183833.96,0.30033,613.0,15386.39,1,Self employed,Group A,0
1771,2023-10,41870.92,0.0798,738.0,10495.64,0,Salaried,Group A,0
1797,2023-10,63207.34,0.13513,631.0,18550.63,0,Self employed,Group A,0
1822,2023-10,43348.02,0.20988,712.0,44950.14,0,Salaried,Group B,0
1837,2023-10,26222.03,0.27019,667.0,17600.89,1,Salaried,Group B,0
1845,2023-10,26786.4,0.05063,764.0,11554.73,0,Salaried,Group B,0
1876,2023-10,55960.78,0.1048,716.0,22001.09,0,Salaried,Group A,1
1965,2023-10,56005.5,0.3092,717.0,15332.93,0,Self employed,Group A,0
1971,2023-10,154344.42,0.33108,698.0,17641.59,0,Salaried,Group A,0
1985,2023-10,49580.65,0.084,690.0,18028.53,0,Salaried,Group B,0
2019,2023-10,35093.06,0.1429,691.0,13029.97,1,Contract,Group B,0
2088,2023-10,70311.07,0.15647,679.0,5744.43,0,Salaried,Group A,0
2165,2023-10,71382.39,0.292,710.0,11633.0,0,Self employed,Group A,0
2187,2023-10,49788.7,0.39531,784.0,21115.23,0,Salaried,Group B,0
2203,2023-10,67758.93,0.19305,749.0,33077.09,1,Salaried,Group B,0
2234,2023-10,50194.55,0.1344,627.0,5433.24,2,Self employed,Group A,0
2266,2023-10,26518.68,0.13619,660.0,16300.38,1,Contract,Group A,0
2267,2023-10,38176.99,0.10544,688.0,15081.86,0,Salaried,Group A,1
2301,2023-10,105151.37,0.3995,648.0,35574.42,0,Salaried,Group B,0
2340,2023-10,52484.65,0.50213,714.0,15570.81,0,Salaried,Group B,1
2347,2023-10,37468.83,0.51088,714.0,8723.92,0,Salaried,Group A,0
2365,2023-10,25632.25,0.29728,740.0,8566.86,0,Self employed,Group A,0
2392,2023-10,64880.72,0.12661,642.0,14319.58,1,Self employed,Group A,0
2415,2023-10,92153.39,0.07871,656.0,9267.59,0,Salaried,Group B,0
2420,2023-10,134159.2,0.04567,664.0,14868.66,0,Salaried,Group B,0
2440,2023-10,40447.35,0.28793,692.0,39769.05,1,Salaried,Group A,1
2454,2023-10,69033.11,0.18115,697.0,11808.38,0,Salaried,Group B,0
2471,2023-10,71457.3,0.05206,679.0,17802.55,0,Salaried,Group B,0
2472,2023-10,37995.91,0.48312,686.0,22406.32,0,Salaried,Group A,0
2490,2023-10,33936.03,0.01432,635.0,30671.87,0,Contract,Group B,1
2491,2023-10,41123.22,0.16267,660.0,4974.36,1,Salaried,Group B,0
2494,2023-10,98328.88,0.23943,515.0,13094.97,0,Salaried,Group A,1
2555,2023-10,50966.36,0.12196,598.0,10564.56,0,Self employed,Group A,0
2599,2023-10,70104.94,0.49566,710.0,17301.88,0,Salaried,Group B,1
2607,2023-10,48013.65,0.4605,697.0,26866.88,0,Salaried,Group A,0
2652,2023-10,69777.29,0.45158,705.0,7433.44,0,Self employed,Group B,1
2668,2023-10,181031.86,0.12919,640.0,19948.89,0,Contract,Group B,0
2682,2023-10,44602.17,0.65126,755.0,19525.49,0,Salaried,Group B,1
2710,2023-10,36080.98,0.34382,683.0,3927.68,0,Salaried,Group B,0
2717,2023-10,85797.94,0.05945,620.0,16869.45,1,Salaried,Group A,0
2755,2023-10,77750.02,0.0788,723.0,15428.62,0,Contract,Group A,0
2766,2023-10,46654.04,0.59705,591.0,4348.49,1,Salaried,Group A,0
2834,2023-10,21913.61,0.12722,756.0,19634.91,0,Contract,Group A,0
2836,2023-10,39591.72,0.4514,577.0,21267.89,0,Salaried,Group A,1
2857,2023-10,88472.41,0.27731,643.0,12179.59,1,Salaried,Group A,0
2862,2023-10,26999.74,0.06916,759.0,34764.63,0,Contract,Group A,0
2884,2023-10,58530.92,0.12869,674.0,28358.56,0,Salaried,Group B,0
2892,2023-10,39686.93,0.31459,688.0,6671.63,0,Self employed,Group B,0
2897,2023-10,68845.4,0.39501,607.0,17229.33,0,Salaried,Group A,1
2909,2023-10,152675.31,0.05406,691.0,6718.41,0,Salaried,Group B,0
2944,2023-10,65832.41,0.06407,661.0,8376.44,0,Self employed,Group A,0
3027,2023-10,46212.63,0.38966,719.0,50003.07,0,Salaried,Group A,0
3036,2023-10,45466.77,0.31956,760.0,12775.12,0,Contract,Group A,1
3060,2023-10,127717.86,0.33937,624.0,33146.63,0,Self employed,Group A,1
3086,2023-10,36579.37,0.49278,679.0,20870.32,0,Salaried,Group A,0
3148,2023-10,53104.5,0.11821,617.0,24117.55,0,Salaried,Group B,1
3179,2023-10,80921.92,0.35835,674.0,12431.59,1,Salaried,Group B,1
3184,2023-10,60288.24,0.45964,740.0,19702.58,0,Salaried,Group B,0
3192,2023-10,77709.41,0.12724,623.0,4902.8,0,Salaried,Group A,0
3214,2023-10,26718.06,0.08363,589.0,8922.25,1,Salaried,Group A,0
3256,2023-10,66213.78,0.22667,715.0,17471.75,0,Self employed,Group A,0
3261,2023-10,58289.16,0.11419,697.0,15655.17,1,Salaried,Group B,0
3294,2023-10,25454.85,0.51774,716.0,15978.68,1,Self employed,Group B,0
3300,2023-10,29538.95,0.20099,725.0,31213.4,0,Salaried,Group B,0
3314,2023-10,34160.01,0.20521,751.0,16017.43,0,Salaried,Group A,0
3345,2023-10,29579.08,0.4063,495.0,6228.29,0,Salaried,Group B,1
3452,2023-10,29321.19,0.43967,670.0,28991.65,0,Self employed,Group B,0
3454,2023-10,84521.36,0.47522,702.0,14677.35,0,Contract,Group A,0
3501,2023-10,58863.8,0.43373,563.0,15754.94,1,Salaried,Group B,0
3522,2023-10,109911.57,0.13267,719.0,25671.16,0,Salaried,Group B,0
3542,2023-10,30396.51,0.20751,538.0,26894.73,0,Salaried,Group B,0
3562,2023-10,69378.02,0.1404,661.0,16987.79,0,Contract,Group A,0
3614,2023-10,67661.63,0.15796,729.0,11209.3,1,Salaried,Group A,0
3624,2023-10,98909.86,0.14025,548.0,20006.48,0,Salaried,Group A,1
3644,2023-10,53572.5,0.40587,662.0,16581.04,1,Contract,Group B,1
3689,2023-10,34244.92,0.28183,611.0,19010.32,1,Self employed,Group A,1
3691,2023-10,56777.61,0.03902,668.0,12657.18,1,Salaried,Group B,0
3713,2023-10,57474.96,0.37479,756.0,13413.43,2,Salaried,Group A,0
3719,2023-10,,0.03104,566.0,37562.73,1,Self employed,Group B,0
3734,2023-10,63269.17,0.41913,735.0,7459.42,1,Salaried,Group A,0
3750,2023-10,95679.07,0.0932,590.0,9391.34,0,Salaried,Group A,0
3785,2023-10,43889.86,0.33139,653.0,17511.23,0,Self employed,Group B,0
3818,2023-10,121202.48,0.12078,601.0,14186.13,0,Salaried,Group A,0
3853,2023-10,75943.33,0.28459,757.0,29851.07,0,Salaried,Group A,0
3868,2023-10,48855.9,0.19547,674.0,14118.92,0,Self employed,Group A,0
3886,2023-10,50532.47,0.22553,670.0,7968.19,0,Salaried,Group A,0
3941,2023-10,47956.98,0.16642,595.0,18795.0,0,Salaried,Group A,0
3943,2023-10,57565.77,0.50169,797.0,7817.84,0,Contract,Group B,1
4001,2023-10,47473.41,0.15645,703.0,10733.62,0,Salaried,Group A,1
4011,2023-10,43751.99,0.59783,615.0,5458.2,0,Salaried,Group B,0
4017,2023-10,52825.37,0.24584,700.0,6918.76,0,Salaried,Group B,0
4022,2023-10,96614.67,0.08421,521.0,17478.9,0,Salaried,Group A,1
4029,2023-10,73712.6,0.22294,652.0,8580.72,1,Self employed,Group A,0
4031,2023-10,22189.84,0.12715,636.0,5983.72,1,Salaried,Group B,0
4071,2023-10,89965.01,0.40991,648.0,13980.78,0,Salaried,Group A,0
4127,2023-10,22879.29,0.22834,694.0,11725.85,0,Salaried,Group A,0
4135,2023-10,87116.41,0.32479,621.0,13277.43,2,Salaried,Group A,1
4145,2023-10,37155.73,0.09823,772.0,14173.09,1,Salaried,Group A,0
4146,2023-10,71687.87,0.1245,711.0,16117.92,0,Salaried,Group B,0
4149,2023-10,31576.29,0.34093,633.0,12994.84,0,Self employed,Group A,1
4156,2023-10,18643.39,0.33885,537.0,10790.85,1,Salaried,Group A,1
4166,2023-10,56515.28,0.60826,558.0,7836.21,0,Self employed,Group B,1
4189,2023-10,57471.72,0.11187,671.0,21478.61,0,Salaried,Group A,1
4215,2023-10,42674.31,0.29619,657.0,5250.8,0,Salaried,Group B,0
4224,2023-10,58527.89,0.28758,645.0,52357.26,0,Salaried,Group B,0
4266,2023-10,58762.38,0.06687,811.0,6563.74,0,Salaried,Group A,0
4272,2023-10,73614.92,0.34988,633.0,15126.09,0,Salaried,Group A,1
4282,2023-10,22518.67,0.05711,660.0,8353.37,0,Salaried,Group A,0
4293,2023-10,54969.41,0.41246,743.0,18651.47,0,Salaried,Group B,0
4343,2023-10,95361.95,0.19572,640.0,75000.0,1,Salaried,Group A,0
4350,2023-10,104716.79,0.1644,754.0,25316.99,0,Contract,Group A,0
4356,2023-10,39008.31,0.29699,751.0,31222.67,3,Self employed,Group A,0
4357,2023-10,47099.76,0.40433,741.0,18581.32,1,Self employed,Group A,0
4360,2023-10,54554.38,0.18357,657.0,7089.69,1,Salaried,Group B,0
4377,2023-10,45626.13,0.09759,684.0,17574.73,2,Salaried,Group A,0
4451,2023-10,34786.79,0.17964,574.0,12670.77,1,Salaried,Group B,1
4461,2023-10,31621.21,0.51906,599.0,6168.16,1,Salaried,Group A,0
4477,2023-10,53540.75,0.37867,697.0,19729.2,0,Salaried,Group A,1
4486,2023-10,38706.41,0.11584,660.0,13665.69,0,Salaried,Group B,0
4532,2023-10,50827.94,0.27583,683.0,13117.14,0,Self employed,Group A,0
4584,2023-10,41720.11,0.36892,705.0,11107.93,1,Salaried,Group A,0
4596,2023-10,67037.77,0.39237,709.0,14693.32,0,Salaried,Group B,0
4643,2023-10,64487.02,0.08293,681.0,3763.6,0,Self employed,Group A,0
4692,2023-10,60218.57,0.16953,680.0,54351.87,0,Salaried,Group B,0
4706,2023-10,127448.99,0.20788,730.0,26961.39,0,Salaried,Group B,0
4719,2023-10,,0.1493,588.0,8015.14,0,Salaried,Group A,0
4787,2023-10,131162.28,0.54051,731.0,12304.07,0,Self employed,Group B,0
4791,2023-10,67041.55,0.34256,690.0,20200.15,0,Self employed,Group B,0
4810,2023-10,105204.76,0.41645,518.0,6622.44,0,Salaried,Group B,1
4822,2023-10,36329.33,0.11645,669.0,34339.24,0,Self employed,Group A,0
4838,2023-10,24778.66,0.10494,610.0,11871.96,0,Salaried,Group A,0
4840,2023-10,139490.34,0.32768,677.0,27980.75,0,Salaried,Group B,0
4892,2023-10,149230.6,0.08364,714.0,11790.78,0,Contract,Group A,0
4910,2023-10,63789.31,0.71062,657.0,8570.23,0,Salaried,Group B,1
4911,2023-10,49924.08,0.35008,484.0,16533.62,0,Self employed,Group B,1
4917,2023-10,47849.4,0.38502,734.0,16171.67,0,Salaried,Group B,0
4942,2023-10,83913.25,0.21007,671.0,17310.18,0,Contract,Group A,0
4965,2023-10,181741.63,0.42138,606.0,20020.13,0,Self employed,Group A,1
4976,2023-10,44067.44,0.20558,655.0,11001.94,2,Self employed,Group B,1
4994,2023-10,90856.44,0.21829,627.0,9664.65,0,Self employed,Group A,0
5011,2023-10,103965.25,0.44318,579.0,11715.29,0,Self employed,Group A,0
5015,2023-10,97439.93,0.19148,747.0,69056.62,0,Salaried,Group A,0
5029,2023-10,29629.23,0.37597,582.0,10024.49,0,Self employed,Group A,1
5033,2023-10,33222.92,0.10654,672.0,13206.52,0,Salaried,Group A,0
5158,2023-10,75538.1,0.49532,589.0,16067.33,1,Salaried,Group A,0
5180,2023-10,53754.93,0.36743,772.0,6243.79,0,Contract,Group B,0
5213,2023-10,49102.33,0.39294,660.0,31687.61,0,Self employed,Group A,1
5238,2023-10,84352.35,0.10541,759.0,9762.61,0,Salaried,Group A,0
5242,2023-10,71357.64,0.22607,585.0,29029.45,0,Salaried,Group A,0
5253,2023-10,104807.85,0.11056,665.0,11450.05,1,Salaried,Group B,1
5256,2023-10,138080.34,0.23057,682.0,8346.42,1,Salaried,Group A,0
5281,2023-10,70428.85,0.20316,627.0,14653.02,0,Contract,Group A,1
5283,2023-10,60503.85,0.07225,637.0,12952.32,0,Salaried,Group A,0
5296,2023-10,95436.05,0.44263,548.0,28896.86,1,Self employed,Group A,1
5301,2023-10,115500.61,0.12722,671.0,8784.28,0,Salaried,Group A,0
5324,2023-10,69732.14,0.14295,720.0,5545.95,0,Salaried,Group A,0
5328,2023-10,45135.75,0.28321,731.0,18840.81,0,Salaried,Group A,0
5339,2023-10,54417.44,0.1908,596.0,44155.43,0,Salaried,Group A,0
5346,2023-10,37314.83,0.19595,660.0,19681.81,1,Salaried,Group A,0
5362,2023-10,27109.4,0.09641,672.0,11888.64,2,Salaried,Group A,0
5413,2023-10,83257.3,0.10076,749.0,12616.36,1,Salaried,Group B,0
5436,2023-10,20783.0,0.13149,598.0,5876.63,0,Self employed,Group A,0
5519,2023-10,46774.26,0.23914,652.0,10174.58,1,Self employed,Group A,1
5526,2023-10,83482.23,0.04087,630.0,19977.1,0,Salaried,Group B,0
5543,2023-10,64218.0,0.37275,666.0,8771.58,0,Salaried,Group A,1
5552,2023-10,27151.81,0.32805,636.0,8560.66,0,Salaried,Group B,0
5580,2023-10,93818.07,0.30193,720.0,6641.74,0,Self employed,Group B,0
5597,2023-10,84916.85,0.08565,676.0,23326.16,0,Self employed,Group A,0
5651,2023-10,40715.88,0.27955,692.0,8067.89,0,Self employed,Group A,0
5655,2023-10,60525.86,0.59888,661.0,2655.67,0,Self employed,Group A,1
5684,2023-10,,0.70007,700.0,20027.36,1,Salaried,Group A,1
5696,2023-10,30796.04,0.36441,593.0,6299.58,0,Salaried,Group A,0
5709,2023-10,35467.09,0.1651,683.0,16289.91,0,Salaried,Group B,0
5710,2023-10,41664.15,0.11668,577.0,29183.21,0,Self employed,Group A,1
5742,2023-10,27585.07,0.4162,708.0,55508.64,0,Salaried,Group B,1
5746,2023-10,61830.26,0.6098,601.0,31884.65,2,Salaried,Group A,0
5753,2023-10,64607.13,0.41303,586.0,28688.58,0,Contract,Group B,1
5757,2023-10,55537.02,0.24009,611.0,13782.46,0,Self employed,Group B,1
5811,2023-10,18489.02,0.17481,518.0,16510.35,0,Salaried,Group B,1
5815,2023-10,26931.21,0.17589,696.0,5448.5,0,Salaried,Group A,0
5821,2023-10,15745.93,0.34567,606.0,37744.77,1,Self employed,Group A,1
5822,2023-10,91552.84,0.44494,683.0,15260.24,0,Contract,Group A,1
5825,2023-10,62321.75,0.1079,652.0,15344.07,0,Self employed,Group B,1
5835,2023-10,,0.10691,717.0,4289.75,0,Salaried,Group B,0
5836,2023-10,56465.41,0.27575,653.0,10010.52,0,Salaried,Group A,0
5842,2023-10,141645.43,0.41861,699.0,6972.03,1,Salaried,Group B,0
5850,2023-10,71971.67,0.25008,715.0,30668.44,0,Salaried,Group A,0
5950,2023-10,50544.38,0.15632,615.0,19711.43,1,Salaried,Group A,0
5992,2023-10,110022.06,0.21598,663.0,29233.4,0,Contract,Group A,0
6001,2023-10,30535.53,0.27059,751.0,5766.12,0,Salaried,Group B,0
6077,2023-10,104469.29,0.23803,588.0,22450.09,3,Salaried,Group A,1
6106,2023-10,96835.68,0.0163,707.0,27933.38,0,Salaried,Group B,0
6129,2023-10,63581.53,0.26435,680.0,13747.23,0,Self employed,Group B,0
6144,2023-10,75770.83,0.39759,745.0,7568.22,0,Salaried,Group B,0
6157,2023-10,63550.7,0.52824,850.0,41051.94,0,Salaried,Group A,0
6167,2023-10,45938.58,0.45737,733.0,23887.0,0,Salaried,Group B,1
6189,2023-10,19755.66,0.33581,697.0,42018.04,0,Salaried,Group A,1
6219,2023-10,96306.13,0.40667,559.0,21017.6,0,Self employed,Group B,0
6253,2023-10,110703.01,0.21633,594.0,17110.24,0,Self employed,Group A,0
6271,2023-10,31916.34,0.17085,679.0,13628.6,0,Contract,Group A,0
6296,2023-10,85636.85,0.45434,651.0,9107.72,0,Salaried,Group B,0
6388,2023-10,54685.83,0.1798,620.0,15682.93,1,Self employed,Group B,1
6400,2023-10,57779.13,0.42302,614.0,25729.87,1,Salaried,Group B,0
6405,2023-10,61285.06,0.31192,720.0,32210.1,1,Salaried,Group A,0
6409,2023-10,50464.1,0.18062,592.0,6913.91,0,Self employed,Group B,0
6442,2023-10,51869.22,0.47376,628.0,11946.75,0,Salaried,Group A,1
6467,2023-10,114099.09,0.14411,713.0,13269.75,0,Contract,Group B,0
6493,2023-10,108827.77,0.13061,642.0,30741.74,0,Salaried,Group A,0
6505,2023-10,56247.08,0.15427,565.0,22585.08,0,Self employed,Group A,1
6544,2023-10,115549.08,0.16818,688.0,11836.54,0,Salaried,Group A,0
6551,2023-10,52181.42,0.31843,630.0,16536.33,0,Salaried,Group A,0
6616,2023-10,55085.95,0.49349,763.0,9441.77,0,Salaried,Group B,0
6668,2023-10,65348.44,0.17496,716.0,23867.1,0,Salaried,Group B,0
6702,2023-10,40328.35,0.1181,656.0,27779.73,0,Self employed,Group A,0
6721,2023-10,96542.0,0.27425,539.0,26386.42,0,Self employed,Group A,0
6747,2023-10,27713.89,0.02835,634.0,75000.0,0,Contract,Group A,1
6756,2023-10,31084.12,0.36943,670.0,21689.67,0,Self employed,Group A,0
6795,2023-10,24092.75,0.34865,707.0,39102.43,0,Salaried,Group A,0
6804,2023-10,84700.56,0.07046,660.0,18862.19,0,Salaried,Group A,0
6813,2023-10,56711.84,0.38234,622.0,12693.85,1,Salaried,Group A,0
6858,2023-10,46978.72,0.53316,760.0,75000.0,2,Contract,Group A,0
6886,2023-10,108830.19,0.14426,644.0,6240.97,0,Self employed,Group B,0
6907,2023-10,99220.01,0.27713,654.0,72000.3,1,Self employed,Group A,0
6918,2023-10,34489.31,0.07529,699.0,23381.43,0,Self employed,Group B,0
6954,2023-10,40110.02,0.37124,718.0,20689.62,0,Salaried,Group B,0
6973,2023-10,62540.97,0.29965,651.0,14406.18,0,Contract,Group B,0
6990,2023-10,88972.24,0.06836,590.0,21340.51,0,Self employed,Group A,1
6995,2023-10,61682.07,0.12762,661.0,11751.4,0,Salaried,Group B,0
6999,2023-10,91510.72,0.05484,737.0,15875.17,1,Salaried,Group A,0
7047,2023-10,46168.8,0.26103,630.0,10221.44,1,Self employed,Group A,0
7062,2023-10,,0.45787,692.0,23827.78,1,Contract,Group A,1
7146,2023-10,90333.72,0.28331,562.0,14480.76,0,Salaried,Group A,1
7152,2023-10,37759.14,0.21169,652.0,9243.97,1,Salaried,Group B,0
7167,2023-10,22691.59,0.28056,721.0,15437.82,1,Salaried,Group B,1
7276,2023-10,33692.87,0.41952,750.0,7368.29,0,Salaried,Group B,0
7291,2023-10,57659.39,0.29361,693.0,10330.77,1,Self employed,Group A,0
7306,2023-10,30048.79,0.48324,707.0,8146.14,0,Contract,Group A,0
7328,2023-10,116967.53,0.12849,615.0,18947.07,0,Contract,Group A,0
7333,2023-10,38052.85,0.18592,767.0,28247.32,0,Salaried,Group A,0
7363,2023-10,59996.26,0.33339,763.0,25393.29,0,Self employed,Group A,0
7375,2023-10,54720.46,0.12143,638.0,41003.08,1,Salaried,Group B,1
7389,2023-10,41427.54,0.49492,653.0,14451.67,0,Salaried,Group A,1
7396,2023-10,85160.01,0.39612,624.0,13233.14,0,Self employed,Group A,0
7412,2023-10,46193.16,0.29534,557.0,4308.26,1,Contract,Group B,1
7475,2023-10,49289.16,0.16089,727.0,75000.0,0,Self employed,Group B,0
7478,2023-10,74204.78,0.50036,733.0,4422.03,1,Salaried,Group A,0
7489,2023-10,60406.78,0.13541,678.0,12964.94,0,Contract,Group B,0
7491,2023-10,32130.67,0.10469,672.0,13721.57,0,Salaried,Group A,0
7518,2023-10,43960.71,0.27295,671.0,12419.16,0,Salaried,Group A,0
7578,2023-10,49405.14,0.22425,606.0,18767.79,0,Self employed,Group B,1
7629,2023-10,41578.11,0.52857,758.0,6798.08,1,Contract,Group A,0
7659,2023-10,50243.05,0.07142,706.0,26923.69,0,Self employed,Group B,0
7667,2023-10,55119.56,0.28984,640.0,9516.62,1,Salaried,Group B,1
7677,2023-10,125087.88,0.36254,725.0,28132.32,1,Salaried,Group B,0
7682,2023-10,40942.06,0.11735,693.0,8695.07,0,Salaried,Group B,0
7691,2023-10,51428.13,0.20834,603.0,22524.15,0,Salaried,Group B,1
7746,2023-10,140864.33,0.14899,712.0,26897.96,0,Salaried,Group B,0
7806,2023-10,54665.59,0.25468,672.0,15134.43,0,Salaried,Group B,0
7807,2023-10,106508.06,0.31229,712.0,22152.77,0,Self employed,Group A,0
7811,2023-10,59351.34,0.22972,850.0,3539.27,1,Contract,Group B,0
7830,2023-10,54876.04,0.1585,648.0,2888.59,0,Salaried,Group A,0
7850,2023-10,30575.15,0.18459,746.0,14988.45,0,Salaried,Group A,0
7853,2023-10,38160.16,0.09245,661.0,22900.39,1,Self employed,Group A,0
7904,2023-10,39499.89,0.38225,684.0,17547.33,1,Salaried,Group A,0
7911,2023-10,42703.43,0.14522,514.0,30013.35,0,Salaried,Group A,1
7942,2023-10,32408.44,0.30317,658.0,13604.65,0,Salaried,Group A,1
7945,2023-10,58771.03,0.30077,528.0,36067.39,0,Salaried,Group A,1
7954,2023-10,81585.87,0.22504,706.0,8924.57,0,Salaried,Group A,0
7970,2023-10,32616.62,0.21579,704.0,11667.17,1,Self employed,Group B,0
7977,2023-10,61892.83,0.40906,559.0,14617.05,0,Salaried,Group B,0
7994,2023-10,45383.47,0.12246,659.0,34098.21,0,Salaried,Group A,0
8003,2023-10,37708.01,0.21258,713.0,39837.71,1,Salaried,Group B,0
8006,2023-10,47633.4,0.56771,559.0,18905.6,0,Salaried,Group B,0
8021,2023-10,30561.12,0.278,709.0,17489.66,0,Salaried,Group A,0
8100,2023-10,50268.46,0.35955,690.0,10559.42,1,Salaried,Group A,0
8101,2023-10,30061.48,0.20759,596.0,10837.44,0,Self employed,Group A,0
8133,2023-10,54040.76,0.39099,705.0,37928.81,0,Self employed,Group B,0
8186,2023-10,50349.95,0.12268,646.0,27328.51,0,Salaried,Group A,0
8208,2023-10,19925.27,0.36722,648.0,27702.08,0,Salaried,Group A,1
8211,2023-10,33399.58,0.15591,652.0,35990.28,0,Salaried,Group A,0
8251,2023-10,54162.69,0.05456,518.0,7654.69,0,Self employed,Group B,1
8320,2023-10,33414.52,0.15618,675.0,27065.6,0,Contract,Group A,1
8361,2023-10,54753.01,0.11254,635.0,14733.8,0,Salaried,Group A,0
8418,2023-10,34654.25,0.25602,739.0,59313.94,0,Salaried,Group B,0
8440,2023-10,30795.22,0.32561,667.0,18893.31,1,Self employed,Group B,1
8494,2023-10,104268.99,0.04209,723.0,13117.33,1,Salaried,Group B,0
8500,2023-10,50477.44,0.1519,689.0,6978.31,1,Salaried,Group B,0
8558,2023-10,46605.22,0.3609,686.0,28983.19,0,Contract,Group B,1
8611,2023-10,54825.3,0.26341,795.0,33572.86,0,Salaried,Group A,0
8705,2023-10,19438.42,0.08409,695.0,13433.51,0,Salaried,Group B,0
8764,2023-10,57491.97,0.27638,705.0,52964.59,1,Self employed,Group A,0
8779,2023-10,23741.93,0.45454,653.0,12277.53,0,Salaried,Group B,0
8781,2023-10,38249.98,0.29976,604.0,12584.53,0,Salaried,Group A,1
8788,2023-10,34187.62,0.57459,776.0,16274.25,0,Self employed,Group A,0
8794,2023-10,41774.6,0.38041,631.0,22012.7,2,Self employed,Group A,1
8811,2023-10,49886.19,0.33497,626.0,6590.56,0,Self employed,Group B,0
8827,2023-10,30370.46,0.12107,779.0,29084.78,1,Salaried,Group A,1
8830,2023-10,52969.75,0.32941,696.0,7442.59,0,Self employed,Group B,0
8845,2023-10,119307.36,0.32131,705.0,25514.84,0,Salaried,Group A,0
8848,2023-10,37426.9,0.43515,668.0,52587.54,1,Salaried,Group A,1
8856,2023-10,19942.89,0.27241,688.0,10764.31,0,Salaried,Group A,0
8885,2023-10,32871.25,0.18847,562.0,14108.32,0,Self employed,Group A,0
8895,2023-10,33004.43,0.68515,658.0,5716.78,0,Salaried,Group B,0
8900,2023-10,20829.4,0.46037,612.0,29672.49,1,Salaried,Group B,1
8950,2023-10,70232.99,0.36674,640.0,4242.73,2,Self employed,Group A,1
9022,2023-10,25415.9,0.40956,658.0,10051.74,1,Contract,Group B,1
9035,2023-10,29001.59,0.45564,631.0,15924.88,2,Salaried,Group A,0
9131,2023-10,42485.31,0.32049,614.0,15675.93,0,Self employed,Group B,0
9140,2023-10,81937.95,0.12666,710.0,10402.97,0,Contract,Group B,0
9162,2023-10,36952.58,0.49507,646.0,3190.93,1,Self employed,Group A,1
9176,2023-10,38760.45,0.10892,723.0,8423.69,0,Salaried,Group A,0
9217,2023-10,39967.6,0.26874,637.0,9582.8,0,Salaried,Group A,0
9224,2023-10,65954.33,0.17181,664.0,25064.14,0,Self employed,Group A,0
9225,2023-10,24139.77,0.08472,723.0,6324.99,0,Salaried,Group A,0
9254,2023-10,73439.27,0.41839,669.0,28205.74,1,Salaried,Group A,1
9276,2023-10,104380.28,0.66279,574.0,10193.82,0,Self employed,Group A,1
9305,2023-10,41827.98,0.4452,685.0,11321.05,0,Salaried,Group B,0
9307,2023-10,28446.2,0.4579,663.0,31338.53,0,Self employed,Group A,0
9319,2023-10,82067.82,0.03072,590.0,8024.08,0,Salaried,Group B,0
9328,2023-10,31250.18,0.11964,569.0,19379.96,1,Contract,Group B,1
9347,2023-10,64690.56,0.31325,586.0,11576.67,0,Salaried,Group A,1
9396,2023-10,36524.31,0.12918,658.0,8398.23,1,Salaried,Group A,0
9403,2023-10,75702.53,0.48112,642.0,12882.62,0,Salaried,Group B,1
9406,2023-10,38314.18,0.33957,485.0,42669.86,0,Salaried,Group A,1
9407,2023-10,50712.25,0.38115,625.0,23407.75,1,Salaried,Group B,0
9458,2023-10,64257.05,0.13489,665.0,19569.7,1,Self employed,Group B,0
9473,2023-10,69628.5,0.56089,605.0,12264.4,0,Self employed,Group A,1
9495,2023-10,23043.28,0.37997,743.0,10547.12,0,Salaried,Group A,0
9503,2023-10,35428.87,0.29489,603.0,14842.94,0,Salaried,Group A,0
9538,2023-10,32275.66,0.39649,647.0,54309.59,0,Salaried,Group A,1
9575,2023-10,37802.93,0.26518,552.0,27190.23,1,Salaried,Group A,1
9608,2023-10,100500.33,0.13839,614.0,6150.96,1,Salaried,Group B,0
9612,2023-10,85066.77,0.09999,748.0,40299.63,1,Salaried,Group B,0
9618,2023-10,54801.85,0.18023,709.0,17485.6,0,Contract,Group A,0
9619,2023-10,17270.12,0.48921,572.0,4819.09,0,Salaried,Group B,1
9637,2023-10,180025.95,0.33672,637.0,21735.36,1,Self employed,Group B,0
9642,2023-10,32893.96,0.12317,751.0,14159.78,0,Salaried,Group B,0
9684,2023-10,89395.59,0.02712,737.0,14157.12,0,Salaried,Group A,0
9702,2023-10,62468.86,0.03433,666.0,43438.35,0,Self employed,Group A,0
9714,2023-10,34298.35,0.14922,638.0,10563.59,0,Salaried,Group A,0
9735,2023-10,57255.91,0.41548,649.0,42437.99,0,Salaried,Group B,0
9766,2023-10,41192.96,0.30026,564.0,14572.44,0,Salaried,Group A,0
9823,2023-10,38053.67,0.23745,748.0,15006.21,2,Salaried,Group B,0
9829,2023-10,38683.6,0.21053,614.0,7410.54,0,Contract,Group A,0
9845,2023-10,53628.95,0.18448,695.0,16027.92,1,Contract,Group A,0
9902,2023-10,39996.27,0.25638,593.0,15192.32,0,Contract,Group A,1
9905,2023-10,28846.22,0.30282,697.0,13528.62,0,Self employed,Group A,0
9950,2023-10,36012.58,0.37224,744.0,19159.5,0,Salaried,Group A,0
9958,2023-10,50114.06,0.09412,760.0,5866.47,0,Salaried,Group B,0
26,2023-11,33965.0,0.16171,686.0,12517.33,0,Self employed,Group A,0
39,2023-11,33450.41,0.58923,586.0,6335.0,0,Contract,Group A,1
75,2023-11,82470.91,0.40875,618.0,18480.43,2,Self employed,Group B,1
76,2023-11,49894.24,0.2169,694.0,33886.77,1,Salaried,Group B,0
102,2023-11,116294.34,0.05879,652.0,9976.17,0,Salaried,Group A,1
120,2023-11,91565.98,0.34869,663.0,8025.01,0,Self employed,Group A,0
122,2023-11,74846.53,0.18619,643.0,11384.88,0,Self employed,Group B,1
213,2023-11,38137.02,0.17531,678.0,23745.77,0,Self employed,Group B,0
264,2023-11,89921.74,0.46131,581.0,12944.8,0,Salaried,Group B,1
353,2023-11,87914.76,0.02844,609.0,10001.16,0,Salaried,Group B,1
365,2023-11,123506.24,0.23954,719.0,11045.65,0,Salaried,Group A,0
382,2023-11,35173.4,0.29884,708.0,14004.52,2,Salaried,Group A,0
386,2023-11,67883.99,0.45518,752.0,10949.81,0,Self employed,Group B,0
389,2023-11,34713.97,0.17924,637.0,38552.61,0,Self employed,Group B,0
444,2023-11,44803.45,0.10593,607.0,3867.06,0,Salaried,Group B,0
451,2023-11,58786.22,0.10972,700.0,15936.74,0,Salaried,Group A,1
471,2023-11,75837.67,0.03897,751.0,6108.74,0,Salaried,Group A,0
487,2023-11,71859.36,0.29822,737.0,9834.42,0,Salaried,Group A,0
493,2023-11,38509.35,0.48124,784.0,23364.35,1,Contract,Group B,0
496,2023-11,59290.68,0.29776,723.0,15094.07,0,Salaried,Group B,0
503,2023-11,55415.14,0.50365,625.0,5207.47,0,Salaried,Group B,1
515,2023-11,31822.99,0.06349,730.0,30581.49,0,Contract,Group B,1
525,2023-11,52020.58,0.14307,617.0,11120.48,2,Salaried,Group B,1
544,2023-11,39426.06,0.2368,727.0,31374.16,0,Salaried,Group A,0
670,2023-11,37532.22,0.54941,582.0,18023.77,0,Salaried,Group B,1
678,2023-11,22791.45,0.19308,689.0,5452.45,0,Salaried,Group B,0
680,2023-11,48085.36,0.15786,822.0,15014.72,2,Salaried,Group B,0
690,2023-11,45386.96,0.29066,534.0,28582.32,1,Salaried,Group A,0
768,2023-11,27413.2,0.01503,705.0,8020.86,0,Self employed,Group A,0
777,2023-11,57431.43,0.19827,659.0,16589.29,0,Salaried,Group A,0
787,2023-11,35438.83,0.10415,765.0,14746.99,0,Salaried,Group B,0
882,2023-11,40232.7,0.25188,565.0,17434.9,1,Self employed,Group B,1
893,2023-11,37999.86,0.13983,792.0,31711.98,1,Salaried,Group A,0
910,2023-11,26995.93,0.31356,628.0,10654.32,0,Salaried,Group B,1
1030,2023-11,60633.49,0.22774,614.0,18591.69,0,Salaried,Group B,1
1049,2023-11,15042.24,0.06168,623.0,35926.11,0,Salaried,Group A,0
1107,2023-11,28142.4,0.59681,699.0,17395.84,1,Self employed,Group A,1
1159,2023-11,53222.67,0.23435,667.0,15906.75,0,Self employed,Group B,1
1167,2023-11,78625.73,0.04359,553.0,24177.9,0,Salaried,Group A,0
1169,2023-11,49675.98,0.18287,754.0,9872.47,0,Self employed,Group A,0
1179,2023-11,131080.75,0.14635,681.0,11286.73,0,Self employed,Group B,0
1204,2023-11,99820.58,0.26976,738.0,11869.8,0,Salaried,Group B,0
1232,2023-11,202820.02,0.1786,641.0,7867.84,0,Salaried,Group A,0
1245,2023-11,180082.7,0.33498,598.0,9194.33,1,Salaried,Group A,1
1248,2023-11,66236.85,0.06431,595.0,17461.66,0,Salaried,Group B,1
1267,2023-11,19000.58,0.07932,659.0,28218.57,0,Salaried,Group A,0
1277,2023-11,35092.75,0.05545,663.0,25764.58,0,Salaried,Group A,0
1291,2023-11,67935.73,0.50982,618.0,7081.41,1,Salaried,Group A,1
1315,2023-11,55522.31,0.61503,626.0,6057.18,1,Salaried,Group B,1
1319,2023-11,52422.72,0.21402,822.0,8808.19,0,Salaried,Group A,1
1326,2023-11,43260.77,0.11043,709.0,5836.98,0,Salaried,Group B,0
1336,2023-11,97136.37,0.33209,669.0,7036.49,0,Contract,Group A,0
1340,2023-11,48056.0,0.30889,597.0,22462.83,0,Self employed,Group A,0
1370,2023-11,51524.99,0.24185,704.0,18805.27,1,Salaried,Group B,0
1371,2023-11,26683.89,0.23378,630.0,13381.38,0,Salaried,Group B,1
1412,2023-11,140241.53,0.11386,733.0,17135.11,0,Self employed,Group B,0
1462,2023-11,17250.3,0.32422,715.0,8495.03,0,Self employed,Group A,1
1476,2023-11,22499.55,0.28793,623.0,19190.19,0,Salaried,Group B,0
1482,2023-11,99195.7,0.11051,697.0,6371.83,0,Salaried,Group B,0
1488,2023-11,99377.74,0.30678,742.0,21340.56,1,Contract,Group B,0
1515,2023-11,96087.16,0.29133,564.0,15144.53,0,Self employed,Group A,0
1544,2023-11,94416.49,0.66018,603.0,7477.65,1,Contract,Group A,1
1568,2023-11,89412.03,0.15271,690.0,13989.68,0,Salaried,Group A,0
1585,2023-11,32245.58,0.39145,750.0,3362.2,0,Salaried,Group A,0
1590,2023-11,49044.86,0.26683,537.0,7233.42,0,Salaried,Group B,1
1601,2023-11,54977.6,0.48391,665.0,7772.77,0,Salaried,Group A,0
1604,2023-11,38961.19,0.15547,713.0,29610.25,0,Salaried,Group A,0
1622,2023-11,38259.62,0.52866,712.0,32851.32,0,Salaried,Group B,0
1662,2023-11,95071.79,0.26843,573.0,16234.54,0,Salaried,Group B,1
1664,2023-11,150328.83,0.04008,602.0,34715.56,1,Self employed,Group B,0
1714,2023-11,71870.5,0.3186,620.0,54480.54,0,Self employed,Group A,0
1721,2023-11,68597.33,0.27979,673.0,6621.65,1,Salaried,Group B,0
1758,2023-11,31706.35,0.34415,730.0,20505.17,1,Salaried,Group B,0
1794,2023-11,55950.59,0.42197,650.0,6801.89,0,Contract,Group A,1
1836,2023-11,70637.49,0.10772,713.0,27531.56,1,Salaried,Group A,0
1860,2023-11,50585.92,0.5891,593.0,15290.58,1,Salaried,Group B,0
1892,2023-11,30236.51,0.28435,840.0,5971.16,0,Contract,Group A,0
1912,2023-11,34766.44,0.17212,670.0,13288.9,2,Salaried,Group A,1
1921,2023-11,66177.05,0.22953,596.0,23287.98,0,Salaried,Group B,0
1925,2023-11,25673.29,0.21759,850.0,30260.48,0,Contract,Group A,0
2010,2023-11,39698.48,0.09862,625.0,12820.48,0,Self employed,Group B,0
2097,2023-11,64607.61,0.55234,750.0,35355.64,0,Salaried,Group A,0
2109,2023-11,69602.38,0.54531,726.0,12625.14,1,Self employed,Group A,0
2110,2023-11,50957.21,0.33555,559.0,11298.53,1,Salaried,Group A,1
2130,2023-11,40032.55,0.17315,675.0,4972.7,1,Contract,Group A,0
2151,2023-11,24282.58,0.39443,683.0,17315.26,0,Salaried,Group B,0
2154,2023-11,54290.0,0.19652,661.0,34927.54,1,Self employed,Group B,0
2167,2023-11,60425.15,0.17783,735.0,5025.05,1,Contract,Group A,0
2185,2023-11,94514.53,0.11286,779.0,12947.62,0,Salaried,Group A,0
2226,2023-11,29163.86,0.45432,601.0,17335.19,1,Contract,Group A,0
2252,2023-11,78970.06,0.1365,650.0,18721.31,0,Salaried,Group A,0
2258,2023-11,29433.61,0.28887,691.0,17799.17,0,Contract,Group A,0
2262,2023-11,37615.18,0.3105,654.0,20489.73,0,Salaried,Group A,0
2334,2023-11,30741.5,0.37499,656.0,25734.42,2,Salaried,Group A,0
2351,2023-11,67796.55,0.10894,675.0,25347.17,0,Self employed,Group A,0
2353,2023-11,46234.77,0.43556,709.0,15022.5,1,Salaried,Group A,0
2375,2023-11,114072.47,0.14979,582.0,19541.27,0,Contract,Group A,0
2395,2023-11,42523.51,0.19372,653.0,26314.04,0,Salaried,Group B,0
2421,2023-11,38328.51,0.34929,649.0,22094.08,1,Salaried,Group B,1
2438,2023-11,67575.92,0.24496,693.0,8585.96,0,Salaried,Group A,0
2527,2023-11,54537.16,0.10438,573.0,6091.07,0,Salaried,Group B,0
2561,2023-11,28201.19,0.30843,593.0,15054.62,0,Self employed,Group B,0
2574,2023-11,37642.24,0.17687,741.0,32424.99,0,Salaried,Group A,0
2608,2023-11,81468.97,0.48988,647.0,27738.0,0,Salaried,Group A,0
2626,2023-11,52247.03,0.09385,678.0,23261.71,1,Salaried,Group A,0
2642,2023-11,52585.95,0.10807,522.0,29967.19,1,Salaried,Group A,0
2651,2023-11,51339.1,0.35244,737.0,75000.0,1,Salaried,Group A,1
2700,2023-11,32353.78,0.14227,627.0,22041.63,0,Self employed,Group A,0
2708,2023-11,128948.72,0.15242,689.0,9387.08,0,Salaried,Group B,0
2711,2023-11,25554.95,0.34325,666.0,12645.74,0,Salaried,Group A,0
2713,2023-11,119784.76,0.47805,640.0,11165.93,1,Salaried,Group B,1
2736,2023-11,33564.32,0.41292,693.0,21442.03,0,Salaried,Group B,0
2743,2023-11,17944.13,0.0599,662.0,17737.83,0,Salaried,Group B,0
2778,2023-11,19074.09,0.2035,717.0,9650.0,1,Salaried,Group B,0
2786,2023-11,48421.77,0.15659,655.0,18958.47,1,Salaried,Group B,0
2828,2023-11,122485.67,0.06227,686.0,6042.34,1,Salaried,Group A,0
2830,2023-11,71944.51,0.06661,692.0,17653.9,1,Salaried,Group A,0
2844,2023-11,114004.38,0.32127,587.0,8568.16,0,Salaried,Group A,0
2906,2023-11,46333.84,0.2302,693.0,11652.82,0,Salaried,Group A,1
2946,2023-11,128253.59,0.39098,786.0,12633.66,0,Contract,Group A,0
2972,2023-11,,0.60586,708.0,18004.49,0,Salaried,Group B,0
2992,2023-11,34319.21,0.16686,713.0,11060.75,0,Salaried,Group A,0
2996,2023-11,34041.94,0.36496,756.0,31055.83,0,Contract,Group A,0
3033,2023-11,29112.15,0.535,615.0,4966.55,1,Self employed,Group A,0
3051,2023-11,,0.14396,721.0,27125.31,1,Salaried,Group A,1
3090,2023-11,53285.04,0.05764,676.0,12960.13,0,Self employed,Group A,0
3112,2023-11,116497.49,0.60033,610.0,11650.69,0,Salaried,Group B,0
3140,2023-11,63864.34,0.18302,603.0,12456.62,0,Salaried,Group A,0
3143,2023-11,49557.17,0.37759,697.0,9099.36,0,Self employed,Group A,0
3150,2023-11,88733.05,0.22854,623.0,15276.78,0,Salaried,Group A,0
3163,2023-11,79064.18,0.3693,733.0,5014.77,0,Salaried,Group B,0
3180,2023-11,41867.39,0.21209,625.0,25189.09,0,Self employed,Group B,1
3207,2023-11,30774.32,0.21733,622.0,21224.33,1,Salaried,Group B,1
3248,2023-11,15000.0,0.03481,598.0,46776.0,0,Salaried,Group B,1
3259,2023-11,65512.93,0.0973,590.0,16071.78,0,Self employed,Group B,0
3276,2023-11,41568.03,0.38424,655.0,46014.22,0,Salaried,Group B,1
3305,2023-11,64626.61,0.54628,686.0,9189.01,0,Self employed,Group A,0
3346,2023-11,55642.59,0.17321,733.0,18936.82,0,Contract,Group A,0
3373,2023-11,45779.49,0.22654,609.0,39327.06,1,Salaried,Group A,0
3404,2023-11,113301.43,0.07681,684.0,9170.67,1,Salaried,Group B,0
3409,2023-11,67975.18,0.38592,686.0,18190.48,0,Self employed,Group A,0
3459,2023-11,51797.74,0.49212,639.0,39651.28,0,Salaried,Group A,0
3464,2023-11,43722.15,0.40687,646.0,16258.36,1,Salaried,Group B,1
3525,2023-11,65817.27,0.27058,712.0,18981.04,0,Contract,Group B,0
3569,2023-11,59593.55,0.04096,765.0,13926.83,0,Salaried,Group A,0
3576,2023-11,113085.59,0.16834,652.0,9306.44,1,Salaried,Group A,0
3580,2023-11,,0.16442,743.0,15639.97,0,Salaried,Group B,0
3609,2023-11,136122.26,0.27796,686.0,12627.0,2,Salaried,Group A,1
3623,2023-11,42460.58,0.58973,703.0,42583.27,0,Self employed,Group B,1
3688,2023-11,29983.69,0.46298,730.0,18575.65,0,Salaried,Group A,0
3692,2023-11,64014.85,0.11045,583.0,10767.67,0,Salaried,Group A,1
3709,2023-11,57494.97,0.22011,634.0,19761.86,0,Contract,Group B,0
3728,2023-11,53989.66,0.13028,683.0,32485.92,1,Contract,Group A,1
3742,2023-11,126370.78,0.42463,639.0,16864.16,0,Self employed,Group A,0
3772,2023-11,75566.88,0.29618,623.0,15208.35,0,Salaried,Group A,0
3790,2023-11,17860.99,0.18549,518.0,19681.39,0,Contract,Group B,1
3816,2023-11,48410.62,0.23941,566.0,10705.22,0,Self employed,Group A,1
3854,2023-11,63499.46,0.66354,594.0,7163.74,0,Salaried,Group A,1
3856,2023-11,48237.12,0.29644,781.0,63992.62,1,Contract,Group B,1
3883,2023-11,75594.27,0.51887,706.0,5528.97,0,Salaried,Group B,0
3892,2023-11,62153.38,0.35762,715.0,9016.69,1,Salaried,Group B,0
3947,2023-11,37718.96,0.1749,684.0,41019.54,0,Salaried,Group A,0
3950,2023-11,70654.77,0.17513,721.0,13740.6,0,Salaried,Group B,0
3958,2023-11,138387.2,0.71392,756.0,27146.18,0,Contract,Group A,0
3968,2023-11,80308.3,0.30173,681.0,14672.69,0,Salaried,Group B,0
4000,2023-11,63006.75,0.04292,696.0,33361.0,2,Salaried,Group A,0
4036,2023-11,38052.29,0.09505,689.0,38207.77,0,Salaried,Group A,0
4047,2023-11,94739.29,0.28438,566.0,15697.12,0,Salaried,Group A,1
4065,2023-11,48370.48,0.39951,692.0,18239.75,1,Contract,Group A,1
4113,2023-11,17508.56,0.23226,793.0,18301.94,0,Salaried,Group A,0
4144,2023-11,70185.39,0.51427,655.0,28643.58,0,Salaried,Group A,0
4180,2023-11,131782.05,0.33638,701.0,6700.54,0,Contract,Group B,0
4208,2023-11,33372.12,0.3001,626.0,12240.63,1,Salaried,Group B,1
4225,2023-11,48440.11,0.11869,690.0,2764.98,0,Salaried,Group A,0
4226,2023-11,,0.2153,770.0,29331.18,0,Salaried,Group A,0
4233,2023-11,49509.41,0.08756,701.0,13365.98,0,Salaried,Group A,0
4239,2023-11,72434.45,0.20001,740.0,14454.61,1,Salaried,Group A,0
4240,2023-11,79477.87,0.23985,615.0,32587.56,1,Contract,Group A,1
4284,2023-11,93239.83,0.29367,646.0,7197.51,0,Salaried,Group B,0
4322,2023-11,81812.87,0.50158,605.0,19787.88,0,Salaried,Group A,1
4400,2023-11,35178.09,0.2242,650.0,45948.28,0,Contract,Group B,1
4433,2023-11,23599.64,0.47165,763.0,24835.4,0,Salaried,Group B,0
4528,2023-11,44255.63,0.41399,518.0,28706.79,1,Salaried,Group A,0
4554,2023-11,72103.6,0.52468,706.0,9021.39,0,Salaried,Group A,0
4566,2023-11,112993.21,0.7242,671.0,8591.32,1,Salaried,Group B,1
4568,2023-11,31390.21,0.403,661.0,16910.82,0,Salaried,Group B,0
4573,2023-11,99679.12,0.19248,575.0,35080.84,0,Salaried,Group B,1
4629,2023-11,43368.41,0.38527,656.0,27084.73,0,Salaried,Group A,0
4636,2023-11,47881.08,0.57793,675.0,34873.69,0,Salaried,Group B,1
4655,2023-11,31366.78,0.10295,568.0,33346.12,0,Salaried,Group B,0
4658,2023-11,37954.99,0.15657,726.0,5679.63,0,Salaried,Group B,0
4697,2023-11,24339.87,0.30158,598.0,6883.47,0,Salaried,Group A,0
4721,2023-11,16326.28,0.33677,583.0,6823.02,0,Contract,Group B,1
4727,2023-11,24822.37,0.32881,579.0,30740.21,0,Contract,Group B,1
4751,2023-11,62623.76,0.27738,724.0,14860.98,0,Self employed,Group A,0
4782,2023-11,76205.19,0.23267,679.0,16611.29,0,Self employed,Group A,0
4835,2023-11,54418.59,0.26475,776.0,22404.83,2,Salaried,Group B,0
4836,2023-11,121756.18,0.33916,539.0,19194.1,0,Self employed,Group A,1
4853,2023-11,33667.61,0.30001,642.0,11456.01,0,Contract,Group A,1
4860,2023-11,76685.3,0.17505,706.0,14508.65,1,Self employed,Group A,0
4872,2023-11,54389.53,0.29884,632.0,46231.13,0,Self employed,Group B,0
4912,2023-11,73175.62,0.14454,519.0,9504.86,0,Self employed,Group A,0
4935,2023-11,32147.91,0.14396,643.0,11562.56,0,Self employed,Group A,0
5034,2023-11,,0.31581,769.0,7875.95,0,Salaried,Group A,0
5102,2023-11,89780.05,0.16227,677.0,21914.13,0,Salaried,Group B,1
5131,2023-11,179865.11,0.39935,577.0,26007.56,0,Salaried,Group A,0
5172,2023-11,64865.46,0.3257,636.0,32326.55,0,Salaried,Group B,0
5206,2023-11,49044.68,0.31036,667.0,34947.38,0,Salaried,Group A,0
5239,2023-11,113093.04,0.1353,635.0,13866.28,1,Salaried,Group A,0
5263,2023-11,115684.69,0.14634,696.0,15269.4,1,Contract,Group A,0
5311,2023-11,98851.2,0.04741,773.0,26221.77,0,Salaried,Group A,0
5364,2023-11,76813.17,0.19489,696.0,14816.03,0,Self employed,Group B,0
5379,2023-11,109603.47,0.38628,708.0,15141.82,0,Salaried,Group B,0
5400,2023-11,54163.14,0.29289,686.0,11235.87,1,Salaried,Group A,0
5415,2023-11,39385.65,0.35621,689.0,2670.19,0,Salaried,Group A,0
5424,2023-11,32701.89,0.12928,722.0,9381.63,0,Salaried,Group A,0
5449,2023-11,65217.12,0.47777,717.0,10751.68,0,Salaried,Group B,0
5513,2023-11,53726.29,0.78289,755.0,6935.07,0,Self employed,Group A,1
5541,2023-11,43142.12,0.27045,765.0,7171.49,0,Salaried,Group B,0
5557,2023-11,141217.76,0.32164,690.0,7465.84,0,Salaried,Group A,0
5567,2023-11,91490.82,0.32024,670.0,24891.19,0,Salaried,Group B,0
5593,2023-11,180195.47,0.40571,671.0,4190.55,0,Self employed,Group B,0
5606,2023-11,155710.51,0.18368,635.0,9768.26,0,Salaried,Group A,0
5610,2023-11,67165.45,0.24433,739.0,6918.62,0,Salaried,Group B,0
5625,2023-11,66113.76,0.25992,641.0,8830.43,1,Salaried,Group B,0
5631,2023-11,42813.35,0.49585,627.0,7700.22,0,Salaried,Group A,0
5671,2023-11,58702.54,0.38928,722.0,9388.24,1,Salaried,Group B,0
5677,2023-11,35043.35,0.22278,590.0,35108.33,0,Salaried,Group A,0
5712,2023-11,52954.01,0.29401,682.0,19215.03,0,Salaried,Group A,0
5758,2023-11,148933.14,0.06739,752.0,9527.48,0,Salaried,Group B,0
5781,2023-11,38255.02,0.53566,598.0,8850.69,0,Salaried,Group B,0
5791,2023-11,60500.98,0.39383,625.0,34758.07,0,Self employed,Group A,0
5851,2023-11,32773.02,0.62245,640.0,21288.81,0,Salaried,Group A,1
5855,2023-11,50594.59,0.26511,694.0,23698.3,0,Self employed,Group A,0
5857,2023-11,53769.5,0.28912,668.0,13241.86,0,Self employed,Group A,0
5872,2023-11,44548.01,0.46415,718.0,16044.81,0,Salaried,Group A,0
5907,2023-11,35804.68,0.14188,727.0,35060.39,0,Self employed,Group A,1
5938,2023-11,76431.49,0.47809,619.0,16814.82,1,Salaried,Group A,1
5940,2023-11,113872.23,0.03657,831.0,12920.96,1,Salaried,Group A,0
5994,2023-11,53766.22,0.22371,570.0,30293.88,1,Salaried,Group B,0
6024,2023-11,62675.51,0.31798,734.0,18487.52,0,Salaried,Group A,0
6057,2023-11,57366.48,0.15158,606.0,9130.75,0,Salaried,Group A,0
6075,2023-11,29074.97,0.20628,540.0,3676.2,1,Salaried,Group A,0
6087,2023-11,48474.06,0.36032,663.0,10998.21,0,Self employed,Group B,0
6160,2023-11,77394.5,0.06305,736.0,11375.51,0,Salaried,Group B,0
6168,2023-11,38264.92,0.05115,718.0,13032.97,0,Salaried,Group A,0
6199,2023-11,23802.9,0.39167,807.0,13913.93,0,Self employed,Group A,0
6248,2023-11,47682.12,0.52358,714.0,15822.05,0,Contract,Group A,0
6270,2023-11,75036.28,0.24795,639.0,10957.72,1,Self employed,Group A,0
6295,2023-11,,0.10137,654.0,16976.27,0,Salaried,Group B,0
6337,2023-11,75781.93,0.33807,634.0,21290.5,0,Contract,Group A,1
6368,2023-11,30509.94,0.16606,698.0,35881.06,1,Salaried,Group B,0
6408,2023-11,33153.41,0.18142,809.0,36738.52,1,Contract,Group A,0
6424,2023-11,117384.23,0.12528,729.0,10088.55,0,Salaried,Group B,0
6425,2023-11,55603.38,0.43009,756.0,44590.49,0,Salaried,Group A,0
6453,2023-11,29678.02,0.06711,619.0,16641.48,0,Salaried,Group B,0
6455,2023-11,46591.61,0.18463,722.0,10849.18,0,Salaried,Group A,0
6491,2023-11,50983.72,0.18277,732.0,10319.93,0,Salaried,Group B,0
6531,2023-11,60928.47,0.35608,667.0,32722.94,1,Salaried,Group A,0
6541,2023-11,39408.69,0.39667,653.0,15011.86,0,Salaried,Group A,0
6555,2023-11,54828.96,0.22242,800.0,9744.0,0,Self employed,Group A,0
6612,2023-11,60576.16,0.28414,575.0,16928.52,1,Salaried,Group B,1
6632,2023-11,53002.05,0.28682,659.0,21806.07,0,Salaried,Group A,0
6643,2023-11,41540.87,0.3874,746.0,22133.22,0,Contract,Group B,1
6651,2023-11,29139.37,0.01435,632.0,25796.99,0,Salaried,Group B,0
6705,2023-11,60967.73,0.41948,690.0,5244.49,0,Self employed,Group A,0
6720,2023-11,69976.07,0.19577,621.0,30209.53,1,Salaried,Group B,0
6730,2023-11,30160.59,0.38889,682.0,39012.4,0,Salaried,Group A,0
6737,2023-11,21560.17,0.39202,658.0,4161.7,1,Contract,Group A,1
6759,2023-11,36935.59,0.12574,698.0,10190.85,0,Self employed,Group A,0
6779,2023-11,48795.3,0.14544,660.0,9275.15,0,Salaried,Group A,0
6781,2023-11,66337.28,0.40516,620.0,16288.7,0,Salaried,Group B,1
6849,2023-11,151314.06,0.05254,729.0,18739.84,0,Self employed,Group A,0
6912,2023-11,53543.68,0.29755,729.0,12083.41,1,Salaried,Group B,0
6992,2023-11,28696.13,0.15855,653.0,9713.98,1,Contract,Group B,0
7063,2023-11,86763.71,0.10243,632.0,12548.23,0,Salaried,Group B,1
7067,2023-11,121364.29,0.65783,661.0,4703.94,1,Salaried,Group A,0
7080,2023-11,123039.69,0.26919,778.0,17391.29,0,Salaried,Group A,0
7087,2023-11,51511.2,0.24316,606.0,20069.94,0,Contract,Group B,1
7091,2023-11,115978.32,0.05427,708.0,15028.49,1,Salaried,Group B,1
7094,2023-11,73545.43,0.21226,733.0,6696.63,0,Salaried,Group A,0
7102,2023-11,66255.45,0.31847,661.0,10924.74,0,Salaried,Group B,0
7106,2023-11,46011.91,0.4708,788.0,11768.6,0,Salaried,Group A,0
7130,2023-11,33810.97,0.06459,663.0,20100.36,0,Salaried,Group A,0
7178,2023-11,69441.11,0.2122,660.0,41860.0,0,Salaried,Group A,1
7188,2023-11,193576.3,0.21793,732.0,27161.68,0,Salaried,Group A,0
7204,2023-11,80362.52,0.10161,535.0,9991.99,1,Salaried,Group A,0
7215,2023-11,53862.41,0.18187,587.0,10427.26,1,Salaried,Group B,0
7217,2023-11,52000.23,0.31256,608.0,20599.33,0,Contract,Group B,1
7218,2023-11,115612.91,0.0771,603.0,13113.52,0,Salaried,Group A,0
7227,2023-11,33646.87,0.44171,674.0,16257.86,1,Self employed,Group B,1
7257,2023-11,75386.78,0.57658,597.0,30751.69,1,Salaried,Group A,1
7265,2023-11,67784.15,0.25669,616.0,11735.86,0,Salaried,Group B,0
7284,2023-11,40519.38,0.29149,599.0,22869.77,0,Self employed,Group B,1
7334,2023-11,40863.28,0.0407,780.0,49055.94,0,Self employed,Group A,0
7337,2023-11,97518.07,0.44825,807.0,25740.06,0,Salaried,Group A,0
7369,2023-11,34435.07,0.25339,803.0,7436.57,0,Salaried,Group A,0
7398,2023-11,23500.95,0.3442,643.0,10799.09,0,Self employed,Group A,1
7407,2023-11,47264.49,0.19803,711.0,29906.32,0,Contract,Group A,0
7414,2023-11,79763.47,0.19041,592.0,15904.05,0,Contract,Group A,1
7425,2023-11,79733.18,0.23759,648.0,13102.67,0,Self employed,Group A,1
7429,2023-11,64061.43,0.43215,706.0,19642.49,0,Self employed,Group A,0
7438,2023-11,51552.73,0.49651,698.0,18316.49,0,Salaried,Group B,1
7501,2023-11,18113.62,0.20219,781.0,10397.35,0,Salaried,Group B,0
7526,2023-11,29752.85,0.38565,647.0,9210.09,0,Salaried,Group A,0
7531,2023-11,27259.93,0.62094,692.0,21536.59,0,Self employed,Group B,0
7582,2023-11,82320.81,0.58172,712.0,7109.8,0,Salaried,Group A,1
7641,2023-11,32718.16,0.66563,527.0,26177.59,0,Self employed,Group A,1
7701,2023-11,38655.7,0.11958,690.0,7238.79,3,Salaried,Group A,0
7731,2023-11,40674.61,0.33261,652.0,6514.37,0,Salaried,Group B,0
7741,2023-11,28413.06,0.17381,666.0,22209.35,0,Salaried,Group A,0
7752,2023-11,49375.09,0.18635,625.0,18000.65,0,Self employed,Group A,0
7794,2023-11,64776.93,0.14854,571.0,24989.34,3,Self employed,Group B,0
7821,2023-11,27426.37,0.63213,712.0,12246.02,0,Salaried,Group B,1
7837,2023-11,23892.51,0.51648,635.0,27782.75,0,Salaried,Group A,0
7842,2023-11,44156.73,0.07433,762.0,6241.77,1,Salaried,Group B,0
7854,2023-11,50613.51,0.10018,649.0,29148.68,0,Contract,Group A,0
7895,2023-11,39177.22,0.23204,728.0,39603.1,0,Salaried,Group A,0
7914,2023-11,37782.15,0.11198,817.0,20970.67,1,Salaried,Group B,0
7963,2023-11,38497.39,0.19732,739.0,18802.54,0,Salaried,Group A,0
8009,2023-11,74862.14,0.52121,777.0,16767.36,0,Salaried,Group B,0
8011,2023-11,125402.17,0.29388,694.0,12694.01,0,Contract,Group A,0
8034,2023-11,86326.12,0.46353,672.0,10206.55,0,Salaried,Group A,0
8049,2023-11,68592.82,0.23754,659.0,25307.88,1,Salaried,Group B,0
8055,2023-11,209087.77,0.45469,759.0,10138.86,0,Salaried,Group B,0
8066,2023-11,34837.17,0.19279,714.0,8520.58,0,Salaried,Group A,0
8119,2023-11,51940.68,0.33161,695.0,29423.85,0,Salaried,Group B,0
8141,2023-11,93631.61,0.51026,722.0,26531.5,1,Salaried,Group A,0
8170,2023-11,39056.64,0.24586,631.0,10734.7,0,Self employed,Group B,0
8197,2023-11,33985.57,0.23664,711.0,12398.31,0,Salaried,Group B,0
8202,2023-11,31485.58,0.25832,774.0,10338.51,1,Salaried,Group B,0
8214,2023-11,39505.23,0.18072,583.0,8021.81,0,Salaried,Group B,0
8253,2023-11,26149.92,0.64884,617.0,5160.37,1,Salaried,Group A,1
8260,2023-11,63639.63,0.43367,688.0,34415.62,0,Salaried,Group B,0
8342,2023-11,53979.58,0.35794,537.0,24229.44,1,Salaried,Group B,1
8347,2023-11,78445.87,0.37582,734.0,8764.66,0,Self employed,Group A,0
8398,2023-11,41152.55,0.5251,760.0,6771.37,0,Salaried,Group A,0
8423,2023-11,96839.99,0.60074,690.0,22751.39,0,Salaried,Group B,0
8455,2023-11,71579.13,0.2038,604.0,35262.16,0,Salaried,Group B,0
8464,2023-11,84553.4,0.61088,646.0,20378.27,0,Salaried,Group B,1
8508,2023-11,56794.73,0.13132,696.0,12089.43,0,Salaried,Group A,0
8525,2023-11,95215.25,0.57636,612.0,28720.75,1,Salaried,Group A,0
8526,2023-11,25701.65,0.45954,665.0,16603.04,0,Salaried,Group B,0
8552,2023-11,43536.12,0.50962,571.0,5701.97,0,Salaried,Group B,1
8576,2023-11,38961.43,0.18965,724.0,12061.97,0,Salaried,Group A,0
8608,2023-11,,0.16651,569.0,22934.64,0,Self employed,Group A,1
8610,2023-11,81453.94,0.02804,659.0,20873.88,0,Salaried,Group A,0
8641,2023-11,26749.53,0.19949,522.0,7596.15,0,Salaried,Group A,0
8696,2023-11,55223.13,0.15201,756.0,18880.77,0,Salaried,Group B,1
8756,2023-11,38988.72,0.09309,636.0,28303.07,1,Self employed,Group A,0
8757,2023-11,108755.64,0.23124,719.0,8723.65,0,Salaried,Group A,0
8810,2023-11,23621.98,0.26229,620.0,12883.19,0,Salaried,Group B,0
8863,2023-11,105167.66,0.2743,745.0,42035.73,1,Self employed,Group A,0
8877,2023-11,79255.03,0.14491,832.0,10178.44,2,Salaried,Group B,0
8926,2023-11,61739.37,0.35487,771.0,17246.11,0,Self employed,Group B,0
8929,2023-11,69766.34,0.10728,583.0,22723.06,1,Contract,Group A,1
8934,2023-11,73826.83,0.082,614.0,11333.42,1,Salaried,Group B,1
8996,2023-11,115104.57,0.49164,753.0,14898.99,0,Salaried,Group B,0
9021,2023-11,50405.43,0.08011,656.0,17684.65,0,Salaried,Group A,0
9031,2023-11,94722.49,0.14866,694.0,75000.0,0,Salaried,Group B,0
9106,2023-11,37369.64,0.76131,772.0,28366.0,0,Salaried,Group B,0
9115,2023-11,35225.92,0.09276,686.0,7044.66,0,Salaried,Group A,0
9118,2023-11,54987.56,0.09194,616.0,7226.75,0,Salaried,Group B,0
9123,2023-11,36870.94,0.67175,648.0,19885.59,0,Salaried,Group B,0
9189,2023-11,67091.65,0.26723,681.0,22972.0,0,Salaried,Group A,1
9193,2023-11,51446.0,0.42344,726.0,12665.71,0,Salaried,Group A,0
9206,2023-11,54820.13,0.4481,681.0,20430.51,0,Self employed,Group A,1
9209,2023-11,36453.27,0.2584,673.0,41474.58,0,Salaried,Group B,0
9248,2023-11,18664.38,0.21247,696.0,11201.18,1,Salaried,Group B,0
9259,2023-11,43166.98,0.09383,703.0,5328.68,0,Self employed,Group A,0
9265,2023-11,70137.51,0.40656,650.0,14755.18,0,Salaried,Group B,0
9289,2023-11,49336.66,0.34895,681.0,27570.89,0,Salaried,Group A,1
9365,2023-11,83513.14,0.32241,649.0,6660.81,0,Salaried,Group A,0
9412,2023-11,53943.7,0.3352,561.0,28595.95,1,Salaried,Group A,1
9438,2023-11,45349.89,0.02489,692.0,13474.81,0,Contract,Group B,0
9523,2023-11,82854.79,0.28787,626.0,3791.02,1,Contract,Group A,0
9547,2023-11,55795.02,0.09632,609.0,3579.1,0,Salaried,Group A,0
9549,2023-11,34927.88,0.27979,626.0,12676.46,1,Self employed,Group A,0
9631,2023-11,28390.0,0.16011,706.0,11611.65,0,Salaried,Group B,0
9654,2023-11,96645.42,0.35247,765.0,21515.35,0,Self employed,Group A,0
9674,2023-11,59492.23,0.03837,763.0,12330.53,1,Contract,Group A,0
9700,2023-11,76680.85,0.37719,600.0,74869.67,1,Self employed,Group A,0
9717,2023-11,90613.6,0.34313,634.0,2326.83,0,Contract,Group A,1
9738,2023-11,39334.08,0.43358,697.0,9636.04,1,Salaried,Group B,0
9753,2023-11,51457.94,0.14642,730.0,6676.12,0,Salaried,Group B,0
9767,2023-11,32753.58,0.14687,659.0,6323.44,1,Salaried,Group B,0
9899,2023-11,67027.95,0.29998,605.0,8270.46,0,Salaried,Group A,0
9933,2023-11,29380.76,0.22648,778.0,25515.98,0,Salaried,Group A,0
9936,2023-11,64243.03,0.64584,624.0,9538.23,0,Salaried,Group B,1
9937,2023-11,106379.2,0.09929,630.0,19107.0,1,Salaried,Group A,1
9948,2023-11,82903.84,0.68485,683.0,12240.03,0,Self employed,Group B,0
9953,2023-11,68874.86,0.25534,701.0,26335.75,1,Salaried,Group A,0
9954,2023-11,63037.39,0.40694,679.0,26438.84,1,Salaried,Group A,1
9969,2023-11,68191.98,0.42261,628.0,8566.28,0,Self employed,Group B,0
9989,2023-11,102732.55,0.20816,809.0,22233.28,0,Contract,Group A,0
2,2023-12,51418.89,0.1454,629.0,21121.33,0,Salaried,Group A,1
27,2023-12,97720.44,0.18686,647.0,6870.17,0,Self employed,Group A,1
91,2023-12,38939.26,0.39457,567.0,7005.03,0,Salaried,Group A,0
113,2023-12,21279.59,0.08702,748.0,37771.46,0,Contract,Group A,0
129,2023-12,88287.91,0.43849,646.0,16943.11,0,Salaried,Group A,0
132,2023-12,53855.38,0.16257,597.0,54773.76,0,Salaried,Group B,1
174,2023-12,28919.64,0.38474,662.0,14415.44,0,Self employed,Group A,1
201,2023-12,,0.06069,700.0,11238.92,1,Salaried,Group B,0
253,2023-12,32385.66,0.19949,535.0,27865.02,0,Salaried,Group B,0
293,2023-12,40300.43,0.40386,762.0,8081.07,0,Salaried,Group B,0
328,2023-12,26138.94,0.21015,637.0,75000.0,0,Salaried,Group B,1
351,2023-12,54470.45,0.27448,734.0,10862.31,0,Salaried,Group A,0
366,2023-12,95920.86,0.20204,712.0,2697.54,1,Salaried,Group A,0
369,2023-12,30804.1,0.19987,694.0,33061.14,0,Contract,Group A,0
372,2023-12,60268.13,0.24353,580.0,10999.38,0,Salaried,Group A,0
387,2023-12,98143.86,0.43764,680.0,7968.43,0,Salaried,Group B,0
397,2023-12,39717.6,0.15222,723.0,31441.11,0,Salaried,Group A,0
411,2023-12,61094.19,0.14703,641.0,9266.84,0,Self employed,Group B,0
427,2023-12,30359.57,0.20711,715.0,29629.89,1,Salaried,Group B,0
462,2023-12,51591.94,0.24413,667.0,8283.16,0,Self employed,Group B,0
473,2023-12,65579.73,0.10243,721.0,8452.23,0,Self employed,Group B,0
508,2023-12,36531.55,0.4176,634.0,9825.5,0,Contract,Group A,0
533,2023-12,39344.92,0.22942,833.0,9578.01,0,Self employed,Group A,0
545,2023-12,98255.13,0.13595,688.0,10732.58,0,Contract,Group A,1
616,2023-12,43699.63,0.16624,750.0,13876.43,0,Salaried,Group B,0
644,2023-12,24036.66,0.05821,731.0,9468.86,0,Self employed,Group B,0
645,2023-12,54974.02,0.282,625.0,34398.34,0,Salaried,Group A,0
735,2023-12,32723.68,0.15418,740.0,18106.25,1,Self employed,Group B,0
740,2023-12,35476.02,0.08253,743.0,21192.41,0,Salaried,Group B,0
746,2023-12,50127.71,0.16426,716.0,24692.59,1,Salaried,Group B,0
749,2023-12,48517.88,0.24847,683.0,21565.93,0,Self employed,Group B,0
750,2023-12,65350.39,0.1826,659.0,21082.04,0,Salaried,Group B,0
765,2023-12,74612.31,0.53092,646.0,11054.24,1,Self employed,Group B,1
779,2023-12,73283.54,0.70836,616.0,13486.22,0,Salaried,Group A,1
802,2023-12,61356.69,0.38512,690.0,13121.03,0,Salaried,Group B,0
815,2023-12,121050.31,0.14424,751.0,28121.58,2,Salaried,Group A,0
822,2023-12,61491.26,0.25687,610.0,22540.46,0,Contract,Group B,0
863,2023-12,106184.06,0.1177,588.0,15816.14,1,Salaried,Group B,0
868,2023-12,70694.23,0.10078,663.0,36656.73,0,Self employed,Group B,0
897,2023-12,36020.79,0.02261,686.0,13399.96,0,Salaried,Group B,0
922,2023-12,26457.33,0.47496,686.0,11762.48,0,Contract,Group A,0
933,2023-12,40854.98,0.04468,719.0,20871.13,1,Contract,Group A,0
961,2023-12,61237.86,0.19935,653.0,11251.61,0,Salaried,Group A,0
1032,2023-12,44932.6,0.10015,602.0,10812.26,0,Salaried,Group B,0
1061,2023-12,89466.05,0.26422,693.0,14473.01,0,Salaried,Group B,0
1105,2023-12,47556.24,0.1503,599.0,8886.25,0,Salaried,Group A,0
1117,2023-12,95916.63,0.27461,704.0,14619.41,0,Self employed,Group A,0
1187,2023-12,43923.96,0.18928,556.0,14945.87,0,Salaried,Group A,0
1249,2023-12,30340.39,0.18812,679.0,12990.44,0,Salaried,Group A,1
1251,2023-12,30647.78,0.15231,690.0,8579.77,0,Salaried,Group A,1
1283,2023-12,40301.56,0.23018,620.0,3216.85,0,Salaried,Group B,0
1321,2023-12,46583.31,0.43799,708.0,19011.19,0,Contract,Group A,0
1347,2023-12,37317.17,0.20671,636.0,19029.4,0,Salaried,Group B,0
1355,2023-12,50734.63,0.29335,658.0,6942.37,1,Self employed,Group B,0
1390,2023-12,33956.13,0.27897,612.0,25504.92,0,Salaried,Group B,0
1397,2023-12,149603.69,0.1444,639.0,14361.21,0,Contract,Group B,0
1478,2023-12,43721.7,0.13863,609.0,45080.64,0,Salaried,Group A,0
1533,2023-12,95090.77,0.26097,703.0,67488.67,0,Salaried,Group B,0
1536,2023-12,25704.87,0.44993,658.0,75000.0,2,Salaried,Group B,1
1541,2023-12,43404.08,0.36259,694.0,16971.51,0,Contract,Group B,0
1563,2023-12,38980.55,0.02702,714.0,12780.43,1,Self employed,Group B,0
1597,2023-12,51382.91,0.1375,751.0,24920.18,0,Self employed,Group B,0
1608,2023-12,57882.76,0.36737,649.0,14755.93,0,Salaried,Group B,0
1611,2023-12,92295.35,0.04127,643.0,10090.48,1,Self employed,Group B,0
1671,2023-12,70094.49,0.55224,556.0,15494.42,0,Salaried,Group A,1
1679,2023-12,53171.66,0.467,616.0,12542.39,0,Contract,Group A,0
1687,2023-12,,0.23613,761.0,25545.62,0,Contract,Group A,0
1722,2023-12,71792.51,0.23357,544.0,6606.53,0,Salaried,Group A,1
1734,2023-12,61621.66,0.51145,739.0,14040.02,0,Self employed,Group A,1
1753,2023-12,105940.64,0.45653,616.0,20262.61,0,Salaried,Group A,0
1756,2023-12,42061.66,0.45119,796.0,15058.39,0,Salaried,Group A,0
1762,2023-12,36405.85,0.4897,611.0,12887.04,0,Salaried,Group A,1
1763,2023-12,26773.45,0.21415,640.0,11752.11,0,Salaried,Group B,0
1768,2023-12,48031.25,0.58952,741.0,16310.92,0,Salaried,Group B,0
1811,2023-12,59700.09,0.09451,655.0,8109.81,1,Salaried,Group A,0
1866,2023-12,113647.35,0.38502,709.0,18327.87,0,Salaried,Group B,0
1882,2023-12,23914.47,0.27502,733.0,21421.28,0,Salaried,Group A,0
1894,2023-12,118153.34,0.13665,570.0,6358.62,0,Contract,Group A,1
1955,2023-12,121578.78,0.48333,655.0,42364.36,0,Salaried,Group A,0
1995,2023-12,35424.75,0.09942,643.0,3763.6,0,Salaried,Group A,0
2006,2023-12,65719.28,0.15056,591.0,8634.83,0,Salaried,Group B,0
2025,2023-12,19391.94,0.39827,716.0,39023.35,0,Salaried,Group B,1
2039,2023-12,47260.13,0.28174,602.0,19842.27,0,Salaried,Group B,0
2045,2023-12,30214.94,0.25429,586.0,9964.7,0,Salaried,Group A,1
2053,2023-12,22536.75,0.25766,653.0,6576.38,0,Salaried,Group A,0
2063,2023-12,63037.57,0.34598,734.0,8862.18,1,Salaried,Group A,0
2065,2023-12,61474.23,0.3013,711.0,10910.1,1,Salaried,Group A,0
2107,2023-12,103269.37,0.323,632.0,41836.4,0,Salaried,Group A,1
2142,2023-12,48163.5,0.60213,682.0,24664.71,1,Salaried,Group B,0
2153,2023-12,68150.76,0.17356,667.0,32910.71,1,Salaried,Group B,0
2235,2023-12,133620.92,0.08395,688.0,8734.69,0,Salaried,Group B,0
2281,2023-12,64791.47,0.21064,727.0,8042.53,0,Self employed,Group B,0
2284,2023-12,59940.82,0.535,578.0,36679.28,1,Salaried,Group A,1
2316,2023-12,57208.92,0.26928,634.0,18321.38,0,Salaried,Group B,1
2324,2023-12,78957.83,0.1636,615.0,9233.5,0,Salaried,Group A,1
2339,2023-12,28926.96,0.18241,693.0,16083.23,0,Salaried,Group A,0
2357,2023-12,27247.17,0.13843,833.0,8097.13,1,Salaried,Group A,0
2374,2023-12,15000.0,0.30661,764.0,27835.99,2,Salaried,Group A,1
2391,2023-12,31412.92,0.57971,625.0,8607.19,0,Salaried,Group B,0
2419,2023-12,103184.72,0.08659,585.0,7382.88,0,Salaried,Group B,0
2445,2023-12,24155.15,0.20939,720.0,35454.58,2,Salaried,Group A,1
2448,2023-12,84574.38,0.17631,615.0,4361.21,0,Self employed,Group B,1
2507,2023-12,39106.54,0.19499,642.0,11773.43,0,Self employed,Group A,0
2524,2023-12,59989.07,0.59548,538.0,5334.49,0,Salaried,Group B,1
2548,2023-12,48181.94,0.26812,789.0,19456.54,0,Salaried,Group B,0
2562,2023-12,68861.28,0.59571,706.0,11184.28,1,Salaried,Group A,0
2659,2023-12,89481.83,0.27041,737.0,7971.77,0,Salaried,Group B,0
2664,2023-12,53062.34,0.10053,673.0,10799.99,0,Salaried,Group B,0
2678,2023-12,26430.25,0.33239,714.0,8904.99,1,Salaried,Group A,1
2684,2023-12,73287.45,0.46432,696.0,6750.43,1,Salaried,Group B,0
2719,2023-12,36349.08,0.10155,644.0,29319.93,0,Contract,Group B,0
2770,2023-12,81534.66,0.27661,686.0,20000.61,0,Salaried,Group A,0
2772,2023-12,26865.85,0.25893,619.0,23274.97,0,Salaried,Group A,1
2800,2023-12,131248.08,0.20509,700.0,7948.07,0,Salaried,Group A,0
2855,2023-12,59780.4,0.38715,620.0,12670.89,0,Salaried,Group A,0
2901,2023-12,36450.77,0.47932,627.0,23375.03,0,Self employed,Group A,1
2911,2023-12,33021.58,0.3444,595.0,20431.14,0,Salaried,Group A,0
2917,2023-12,,0.24833,689.0,29307.15,2,Salaried,Group B,0
2931,2023-12,58026.7,0.23167,723.0,12268.56,0,Contract,Group A,0
2956,2023-12,34457.39,0.09757,709.0,21252.12,1,Self employed,Group B,0
2961,2023-12,41114.16,0.51597,767.0,12681.87,0,Salaried,Group A,0
2984,2023-12,56155.79,0.61476,768.0,14038.11,0,Salaried,Group A,0
2994,2023-12,50492.05,0.33599,686.0,6629.09,0,Self employed,Group B,0
3026,2023-12,29701.38,0.15719,547.0,14913.0,0,Salaried,Group A,1
3035,2023-12,93690.22,0.27633,608.0,8502.76,0,Salaried,Group A,0
3046,2023-12,101901.14,0.0747,597.0,12989.54,0,Salaried,Group B,0
3053,2023-12,56016.03,0.22005,678.0,31239.73,0,Self employed,Group A,0
3091,2023-12,29888.37,0.20522,829.0,4935.54,0,Salaried,Group A,0
3098,2023-12,42644.13,0.13556,790.0,75000.0,0,Contract,Group B,0
3108,2023-12,106408.12,0.42666,778.0,24535.32,1,Self employed,Group A,0
3117,2023-12,52343.23,0.21464,724.0,9330.54,0,Self employed,Group B,0
3122,2023-12,84339.71,0.11304,569.0,8569.21,0,Self employed,Group A,0
3127,2023-12,61249.44,0.06649,781.0,17778.05,1,Salaried,Group A,0
3166,2023-12,,0.2276,742.0,30972.11,0,Self employed,Group B,0
3172,2023-12,78275.67,0.07854,656.0,12186.62,1,Salaried,Group B,0
3197,2023-12,48837.97,0.26004,662.0,9198.99,0,Salaried,Group A,0
3219,2023-12,80505.5,0.23172,735.0,11649.64,0,Salaried,Group B,0
3227,2023-12,91879.96,0.69487,659.0,12376.32,0,Salaried,Group B,0
3268,2023-12,85067.42,0.21722,716.0,22864.95,0,Salaried,Group B,0
3273,2023-12,56511.26,0.09373,666.0,9590.4,0,Salaried,Group A,0
3302,2023-12,47718.16,0.36826,717.0,18482.56,0,Salaried,Group A,0
3309,2023-12,33056.44,0.08281,606.0,4731.21,1,Salaried,Group A,0
3320,2023-12,84045.52,0.44788,645.0,16451.13,1,Self employed,Group A,1
3323,2023-12,28489.96,0.25798,606.0,33263.67,0,Salaried,Group A,1
3355,2023-12,72651.27,0.30438,660.0,21629.03,0,Self employed,Group A,0
3362,2023-12,15000.0,0.2795,587.0,13499.32,0,Self employed,Group B,1
3387,2023-12,103085.99,0.38156,601.0,26485.82,0,Salaried,Group A,0
3442,2023-12,46934.39,0.34961,741.0,54487.88,0,Self employed,Group B,0
3443,2023-12,66953.14,0.13525,579.0,75000.0,1,Self employed,Group B,0
3517,2023-12,47722.47,0.31073,686.0,30712.1,0,Salaried,Group A,0
3568,2023-12,94550.03,0.04124,662.0,29434.75,1,Salaried,Group A,1
3574,2023-12,37405.79,0.2611,673.0,9910.86,1,Salaried,Group A,0
3575,2023-12,68687.69,0.55186,720.0,9255.63,1,Salaried,Group A,0
3592,2023-12,55041.57,0.0049,642.0,19125.94,1,Salaried,Group B,0
3636,2023-12,94050.12,0.41302,556.0,15094.61,0,Salaried,Group A,0
3642,2023-12,105733.69,0.27625,700.0,38298.79,0,Salaried,Group A,0
3665,2023-12,46234.54,0.09007,597.0,31026.21,0,Salaried,Group A,1
3668,2023-12,34874.42,0.18948,670.0,7799.1,0,Salaried,Group B,0
3671,2023-12,55789.89,0.1969,688.0,20406.49,0,Salaried,Group B,0
3681,2023-12,50888.2,0.24606,625.0,11622.72,0,Salaried,Group A,0
3730,2023-12,36659.19,0.32855,711.0,30480.74,0,Salaried,Group B,0
3732,2023-12,75239.63,0.08341,607.0,36616.7,2,Salaried,Group A,1
3812,2023-12,113522.17,0.15691,576.0,43038.26,0,Self employed,Group B,0
3848,2023-12,65214.62,0.59909,733.0,16769.68,0,Contract,Group B,0
3896,2023-12,62774.29,0.06468,753.0,17420.91,1,Self employed,Group A,0
3919,2023-12,46541.1,0.20992,549.0,18877.33,0,Salaried,Group A,0
3926,2023-12,24932.23,0.34303,556.0,11920.51,0,Salaried,Group A,0
3944,2023-12,69386.72,0.32621,664.0,30852.98,0,Salaried,Group A,0
3945,2023-12,59661.96,0.25514,653.0,21243.25,2,Salaried,Group B,0
3956,2023-12,74181.47,0.36641,668.0,7329.49,0,Salaried,Group A,1
3973,2023-12,20225.85,0.29294,717.0,28166.73,0,Salaried,Group B,0
4009,2023-12,28595.08,0.68417,630.0,13912.83,1,Salaried,Group B,1
4023,2023-12,171319.14,0.44918,694.0,17761.22,0,Salaried,Group B,0
4115,2023-12,37214.83,0.23713,649.0,59412.7,2,Salaried,Group A,0
4128,2023-12,,0.33947,612.0,75000.0,0,Salaried,Group B,0
4191,2023-12,57805.69,0.12255,590.0,15540.57,0,Salaried,Group B,0
4198,2023-12,32199.88,0.31166,632.0,6969.6,0,Contract,Group B,0
4212,2023-12,53980.13,0.36244,615.0,22976.47,0,Salaried,Group A,0
4231,2023-12,66397.87,0.51273,641.0,13516.74,0,Salaried,Group A,1
4247,2023-12,30666.22,0.4939,622.0,13451.07,2,Salaried,Group A,0
4249,2023-12,47221.7,0.18058,664.0,4610.26,0,Salaried,Group A,0
4262,2023-12,46855.19,0.54214,747.0,27737.59,0,Salaried,Group A,0
4294,2023-12,23658.42,0.4807,675.0,19418.72,1,Contract,Group B,0
4303,2023-12,48973.15,0.21994,587.0,53069.12,0,Contract,Group B,0
4304,2023-12,65232.33,0.14976,744.0,23513.52,2,Salaried,Group B,0
4316,2023-12,67904.34,0.13179,684.0,15004.16,1,Self employed,Group A,1
4320,2023-12,62846.02,0.19989,717.0,33886.39,0,Self employed,Group B,0
4331,2023-12,37339.4,0.14992,770.0,20268.85,0,Salaried,Group A,0
4391,2023-12,36913.58,0.16451,632.0,12442.58,0,Salaried,Group A,0
4414,2023-12,33404.02,0.15983,681.0,22206.22,0,Salaried,Group A,0
4431,2023-12,38645.08,0.39724,742.0,9647.57,0,Self employed,Group B,1
4459,2023-12,63510.06,0.20002,533.0,19915.2,0,Salaried,Group B,1
4476,2023-12,34199.91,0.04227,619.0,6687.07,0,Salaried,Group A,0
4512,2023-12,98691.93,0.63632,743.0,6481.24,0,Salaried,Group A,0
4522,2023-12,133678.95,0.35606,635.0,12763.88,0,Self employed,Group A,0
4523,2023-12,60280.5,0.47243,640.0,20055.65,0,Salaried,Group A,0
4534,2023-12,53046.65,0.32635,644.0,36261.57,0,Salaried,Group B,0
4549,2023-12,84761.64,0.22383,608.0,4848.82,1,Salaried,Group B,0
4557,2023-12,69668.66,0.12581,733.0,19918.86,0,Salaried,Group B,0
4580,2023-12,42824.21,0.364,736.0,36836.84,0,Salaried,Group A,0
4601,2023-12,101675.32,0.35139,621.0,4538.35,0,Salaried,Group A,0
4618,2023-12,41724.57,0.33302,725.0,8144.59,0,Salaried,Group B,0
4630,2023-12,69416.14,0.56566,615.0,37575.67,0,Salaried,Group A,0
4644,2023-12,88388.24,0.22718,717.0,13665.49,0,Salaried,Group B,1
4664,2023-12,22195.28,0.24656,692.0,10630.81,0,Salaried,Group A,0
4698,2023-12,149364.71,0.14156,698.0,9640.84,0,Salaried,Group A,0
4748,2023-12,56788.8,0.23292,704.0,6967.05,0,Self employed,Group A,0
4753,2023-12,118598.96,0.06026,610.0,14244.09,0,Salaried,Group A,0
4758,2023-12,43741.3,0.27094,797.0,24752.93,0,Salaried,Group B,0
4798,2023-12,58466.23,0.2419,709.0,14539.85,0,Contract,Group A,0
4847,2023-12,63409.28,0.48773,715.0,19919.97,0,Salaried,Group A,0
4879,2023-12,37326.88,0.11327,605.0,6039.92,1,Salaried,Group A,0
4894,2023-12,18807.94,0.31181,625.0,25848.5,0,Salaried,Group B,0
4909,2023-12,82119.69,0.06672,700.0,6673.47,1,Salaried,Group A,0
4926,2023-12,64812.95,0.18118,534.0,7702.33,0,Salaried,Group B,0
4929,2023-12,33003.74,0.21833,639.0,11863.6,0,Salaried,Group A,0
4951,2023-12,128912.63,0.19088,640.0,16900.9,1,Self employed,Group A,0
4959,2023-12,47706.27,0.11381,659.0,17667.65,0,Salaried,Group A,1
4968,2023-12,96823.84,0.03685,583.0,35044.82,0,Contract,Group A,0
4973,2023-12,76802.93,0.47572,764.0,6639.04,0,Salaried,Group A,1
5061,2023-12,38848.09,0.15883,666.0,8108.74,1,Contract,Group A,0
5107,2023-12,37302.59,0.35716,733.0,9291.59,0,Salaried,Group A,0
5117,2023-12,63704.91,0.15925,712.0,5432.61,1,Contract,Group B,0
5120,2023-12,75731.02,0.27921,547.0,7736.34,0,Contract,Group A,1
5124,2023-12,36963.46,0.07772,566.0,6997.59,2,Salaried,Group A,0
5164,2023-12,32807.91,0.55193,713.0,23536.35,1,Self employed,Group A,1
5171,2023-12,49328.09,0.55747,611.0,18976.38,0,Contract,Group A,1
5244,2023-12,75989.28,0.13769,601.0,21964.41,0,Salaried,Group A,0
5255,2023-12,73310.79,0.33155,659.0,9896.57,0,Salaried,Group B,0
5265,2023-12,61242.63,0.29453,773.0,8707.41,0,Contract,Group A,0
5282,2023-12,130052.16,0.31494,624.0,2998.56,0,Salaried,Group B,0
5330,2023-12,84883.04,0.28863,691.0,28664.01,0,Salaried,Group A,0
5342,2023-12,83310.12,0.12197,690.0,18111.01,0,Salaried,Group A,1
5394,2023-12,60562.89,0.34585,666.0,8534.94,0,Salaried,Group B,0
5511,2023-12,35753.62,0.53713,666.0,7950.18,0,Self employed,Group A,1
5518,2023-12,135060.54,0.5216,660.0,21826.31,0,Salaried,Group A,0
5531,2023-12,51413.16,0.0565,749.0,14322.86,1,Salaried,Group A,1
5602,2023-12,101525.61,0.63368,786.0,13452.91,0,Salaried,Group A,0
5605,2023-12,18395.44,0.47142,659.0,44283.79,1,Salaried,Group A,1
5639,2023-12,51285.1,0.39108,579.0,13595.52,1,Salaried,Group A,1
5648,2023-12,,0.39444,790.0,32809.73,0,Self employed,Group A,0
5649,2023-12,86081.22,0.14698,647.0,11340.19,0,Self employed,Group A,0
5661,2023-12,,0.53518,729.0,25358.68,0,Self employed,Group A,0
5692,2023-12,54479.87,0.16208,695.0,9207.78,0,Contract,Group B,0
5694,2023-12,54146.59,0.47562,556.0,14064.85,0,Salaried,Group A,1
5737,2023-12,54681.81,0.3041,663.0,6860.61,0,Contract,Group A,0
5751,2023-12,39840.3,0.52951,651.0,15600.0,0,Self employed,Group A,1
5765,2023-12,75399.13,0.48503,720.0,17628.37,1,Self employed,Group A,0
5805,2023-12,73791.78,0.44339,656.0,26021.12,0,Self employed,Group A,0
5860,2023-12,56398.01,0.23277,711.0,13779.77,0,Self employed,Group A,0
5879,2023-12,152451.05,0.17452,728.0,13711.65,0,Salaried,Group A,0
5892,2023-12,100931.82,0.02473,677.0,48151.21,0,Salaried,Group A,0
5900,2023-12,52572.1,0.45325,604.0,4892.38,3,Salaried,Group B,1
5901,2023-12,79243.06,0.42394,765.0,10289.21,0,Salaried,Group A,0
5905,2023-12,64972.74,0.01671,533.0,8462.4,0,Self employed,Group A,0
5929,2023-12,57670.66,0.43105,685.0,22745.16,0,Salaried,Group A,0
5930,2023-12,19225.95,0.13497,699.0,15372.55,0,Salaried,Group B,0
5945,2023-12,54166.22,0.50248,704.0,35556.04,0,Salaried,Group B,0
5956,2023-12,111354.93,0.19155,559.0,5032.7,0,Self employed,Group A,1
5959,2023-12,48547.56,0.27785,676.0,35150.9,0,Salaried,Group A,0
5962,2023-12,170258.4,0.20096,666.0,21537.28,0,Salaried,Group B,0
5982,2023-12,31487.66,0.08673,737.0,5538.91,0,Salaried,Group A,0
6011,2023-12,85130.69,0.28644,754.0,6548.57,0,Self employed,Group A,0
6016,2023-12,37838.35,0.12325,487.0,75000.0,0,Salaried,Group A,1
6047,2023-12,58103.57,0.16234,755.0,22197.42,0,Self employed,Group B,0
6065,2023-12,48549.15,0.53322,630.0,5802.78,0,Self employed,Group A,0
6067,2023-12,36349.26,0.195,706.0,10743.55,2,Contract,Group A,0
6096,2023-12,56515.54,0.40892,750.0,4850.05,0,Self employed,Group B,0
6109,2023-12,26788.95,0.40614,779.0,13367.63,0,Contract,Group A,0
6125,2023-12,36387.32,0.07362,667.0,20525.28,1,Salaried,Group A,0
6138,2023-12,63089.98,0.33347,605.0,9645.7,2,Self employed,Group A,0
6177,2023-12,113863.25,0.19943,708.0,6382.51,1,Salaried,Group B,0
6197,2023-12,40058.99,0.15973,792.0,24562.36,0,Salaried,Group A,0
6234,2023-12,72372.59,0.32549,646.0,26957.55,0,Salaried,Group A,0
6247,2023-12,91732.73,0.13589,686.0,9115.4,0,Self employed,Group A,0
6263,2023-12,45755.93,0.45923,552.0,21621.97,0,Salaried,Group B,1
6290,2023-12,74829.88,0.79138,771.0,18981.62,1,Salaried,Group A,0
6300,2023-12,79459.91,0.36811,662.0,26591.46,0,Salaried,Group B,0
6306,2023-12,42040.13,0.39226,695.0,11231.93,1,Self employed,Group A,0
6336,2023-12,84385.63,0.44641,533.0,10919.9,0,Self employed,Group B,0
6359,2023-12,45307.47,0.26439,669.0,13442.39,1,Self employed,Group A,0
6369,2023-12,73480.0,0.20838,850.0,20988.97,0,Self employed,Group B,0
6389,2023-12,52402.84,0.3063,729.0,22840.21,1,Salaried,Group A,1
6404,2023-12,105092.38,0.18581,714.0,9139.99,0,Salaried,Group A,0
6439,2023-12,99749.6,0.51778,736.0,35051.6,1,Salaried,Group B,0
6466,2023-12,48091.96,0.15289,702.0,19171.75,1,Contract,Group A,0
6561,2023-12,69897.08,0.31649,671.0,32404.19,0,Self employed,Group B,0
6589,2023-12,53592.76,0.62246,621.0,17885.03,0,Salaried,Group A,0
6595,2023-12,96204.97,0.45175,636.0,37039.74,0,Salaried,Group B,1
6607,2023-12,34631.87,0.46925,648.0,26341.87,1,Salaried,Group B,1
6614,2023-12,44544.72,0.5446,608.0,24707.46,0,Salaried,Group A,1
6619,2023-12,51666.28,0.1635,696.0,6567.52,0,Salaried,Group A,0
6630,2023-12,212181.08,0.24023,840.0,30414.37,0,Self employed,Group B,0
6677,2023-12,53501.87,0.36624,637.0,43866.79,0,Salaried,Group B,0
6688,2023-12,78392.19,0.57656,653.0,27556.69,0,Salaried,Group B,1
6715,2023-12,42416.01,0.19194,698.0,29266.26,0,Salaried,Group A,0
6719,2023-12,57155.86,0.55721,687.0,5854.59,0,Contract,Group A,1
6736,2023-12,125757.93,0.0398,764.0,13749.18,1,Salaried,Group A,0
6752,2023-12,60341.71,0.60658,630.0,20364.19,0,Salaried,Group A,0
6944,2023-12,82125.0,0.14187,565.0,61082.32,0,Self employed,Group B,1
6953,2023-12,77722.26,0.18796,630.0,37392.83,0,Salaried,Group A,0
6970,2023-12,38158.68,0.21843,711.0,23791.05,0,Salaried,Group B,0
7025,2023-12,25221.0,0.22952,702.0,32231.62,0,Salaried,Group A,0
7051,2023-12,46742.98,0.43103,713.0,12991.46,0,Salaried,Group B,0
7072,2023-12,44180.5,0.0168,777.0,13903.51,0,Salaried,Group A,0
7122,2023-12,29054.99,0.04034,756.0,14469.48,2,Self employed,Group A,0
7171,2023-12,62881.94,0.26924,648.0,33643.61,0,Salaried,Group B,0
7175,2023-12,27087.87,0.04629,617.0,20246.12,1,Salaried,Group A,0
7177,2023-12,48920.26,0.65658,661.0,10818.31,0,Self employed,Group B,0
7197,2023-12,52994.44,0.2509,715.0,14413.32,0,Contract,Group A,0
7221,2023-12,81629.38,0.3355,724.0,63160.37,1,Salaried,Group B,0
7240,2023-12,48854.21,0.41476,722.0,5250.99,0,Self employed,Group B,0
7264,2023-12,30937.82,0.51846,678.0,27093.63,0,Salaried,Group A,1
7266,2023-12,41619.38,0.06884,695.0,6108.67,0,Salaried,Group B,0
7269,2023-12,45861.1,0.0683,703.0,10972.94,0,Self employed,Group B,0
7270,2023-12,59064.1,0.464,684.0,5639.02,0,Contract,Group A,1
7350,2023-12,40499.65,0.09164,571.0,13755.46,0,Salaried,Group B,0
7352,2023-12,36453.66,0.13629,637.0,18916.25,0,Contract,Group A,1
7383,2023-12,40508.12,0.33499,708.0,17309.66,0,Salaried,Group B,0
7450,2023-12,45999.92,0.48297,558.0,21770.34,0,Salaried,Group B,1
7473,2023-12,25153.5,0.08449,674.0,16384.74,1,Self employed,Group A,1
7479,2023-12,32540.51,0.34949,649.0,45587.28,0,Self employed,Group B,0
7493,2023-12,135058.16,0.15233,644.0,9162.96,0,Salaried,Group B,0
7510,2023-12,34252.02,0.08779,759.0,38706.04,1,Salaried,Group B,0
7523,2023-12,161708.04,0.20961,626.0,14426.51,1,Self employed,Group B,0
7547,2023-12,46037.49,0.39503,695.0,28047.46,1,Salaried,Group B,0
7592,2023-12,105125.31,0.38499,737.0,24138.59,0,Self employed,Group A,0
7620,2023-12,88209.48,0.3936,625.0,13852.32,0,Contract,Group B,0
7661,2023-12,79391.17,0.63746,821.0,37212.51,0,Contract,Group B,0
7704,2023-12,90092.56,0.31556,671.0,18680.4,0,Salaried,Group A,1
7802,2023-12,36947.43,0.21656,589.0,26473.82,0,Contract,Group A,1
7815,2023-12,50057.74,0.24986,635.0,7626.32,0,Salaried,Group A,0
7823,2023-12,69017.49,0.33763,725.0,6337.11,0,Salaried,Group B,0
7848,2023-12,79036.72,0.27719,647.0,44097.82,0,Salaried,Group A,1
7894,2023-12,88248.3,0.44767,689.0,47482.25,0,Contract,Group A,0
7900,2023-12,36724.52,0.34821,728.0,10459.58,0,Salaried,Group B,0
7902,2023-12,35987.98,0.30192,628.0,7969.04,0,Salaried,Group B,0
7928,2023-12,24518.78,0.54539,676.0,9360.86,0,Contract,Group B,0
7951,2023-12,51448.53,0.07178,658.0,35604.24,0,Salaried,Group A,0
8013,2023-12,102855.33,0.52886,660.0,7984.06,1,Salaried,Group B,0
8022,2023-12,76705.47,0.13851,644.0,8257.62,0,Salaried,Group A,0
8052,2023-12,81444.76,0.36041,758.0,10133.3,1,Salaried,Group B,0
8078,2023-12,78150.95,0.38005,669.0,38258.91,1,Self employed,Group B,0
8093,2023-12,62491.6,0.10648,649.0,47362.5,1,Salaried,Group A,0
8126,2023-12,67972.18,0.25232,657.0,15560.54,1,Salaried,Group B,0
8160,2023-12,34999.39,0.20595,674.0,4473.19,0,Salaried,Group A,0
8164,2023-12,44190.18,0.10738,618.0,23534.5,2,Salaried,Group B,0
8172,2023-12,62593.83,0.22208,706.0,11220.51,0,Self employed,Group A,1
8199,2023-12,159464.56,0.25113,529.0,14358.57,0,Salaried,Group A,0
8227,2023-12,36250.69,0.32204,617.0,25119.08,0,Salaried,Group A,0
8312,2023-12,66273.8,0.12914,699.0,8561.4,0,Contract,Group A,0
8314,2023-12,140716.38,0.36204,576.0,7435.44,1,Salaried,Group A,0
8364,2023-12,68494.05,0.39174,700.0,9134.51,0,Salaried,Group A,0
8374,2023-12,166023.21,0.29238,678.0,20389.28,0,Salaried,Group A,0
8378,2023-12,119882.73,0.51268,637.0,10863.66,0,Self employed,Group A,0
8386,2023-12,54618.38,0.28545,809.0,23560.96,0,Salaried,Group B,0
8387,2023-12,67678.06,0.17837,816.0,20691.17,0,Salaried,Group B,0
8397,2023-12,111567.44,0.24418,636.0,8551.74,0,Self employed,Group B,0
8416,2023-12,76387.01,0.51097,742.0,30429.16,1,Salaried,Group A,0
8421,2023-12,67926.98,0.21986,728.0,37440.08,0,Self employed,Group A,1
8462,2023-12,60749.6,0.46218,705.0,8468.92,2,Self employed,Group A,0
8492,2023-12,16759.02,0.11331,632.0,36822.8,0,Contract,Group B,1
8493,2023-12,43431.19,0.31749,642.0,10647.31,0,Self employed,Group A,1
8531,2023-12,56316.73,0.19807,674.0,8274.91,0,Contract,Group A,0
8590,2023-12,85187.68,0.44928,579.0,10195.12,0,Salaried,Group A,0
8607,2023-12,114593.6,0.31762,730.0,9382.72,1,Self employed,Group B,0
8668,2023-12,92831.89,0.15643,695.0,16219.13,2,Salaried,Group A,0
8678,2023-12,52430.8,0.30316,763.0,28011.56,0,Contract,Group B,0
8714,2023-12,52698.29,0.4423,796.0,10697.98,0,Salaried,Group A,0
8727,2023-12,48687.94,0.35791,557.0,3766.29,0,Salaried,Group A,0
8763,2023-12,31525.52,0.42792,637.0,7918.47,0,Salaried,Group A,0
8769,2023-12,72896.58,0.20774,600.0,17263.65,1,Contract,Group A,0
8809,2023-12,105334.91,0.09736,627.0,29361.46,0,Salaried,Group A,0
8851,2023-12,71422.52,0.35196,713.0,10831.92,1,Salaried,Group A,0
8920,2023-12,91907.28,0.19056,504.0,7395.12,0,Salaried,Group B,1
8922,2023-12,50619.31,0.19596,711.0,8160.78,0,Contract,Group A,0
8959,2023-12,65355.17,0.20178,592.0,10417.0,1,Salaried,Group A,1
8973,2023-12,50740.33,0.40338,503.0,19821.9,0,Salaried,Group A,0
9010,2023-12,31852.82,0.18278,662.0,9372.19,0,Salaried,Group A,0
9011,2023-12,132434.47,0.61774,582.0,6914.34,0,Contract,Group A,0
9058,2023-12,81558.46,0.75268,674.0,11740.1,1,Salaried,Group B,1
9061,2023-12,18998.79,0.54112,645.0,20556.21,0,Salaried,Group B,1
9067,2023-12,76092.48,0.33428,712.0,39328.39,0,Contract,Group B,0
9073,2023-12,29598.79,0.07389,636.0,6427.15,0,Salaried,Group A,0
9076,2023-12,39115.34,0.12004,679.0,13050.91,0,Salaried,Group A,0
9080,2023-12,47113.58,0.31529,700.0,11082.75,0,Contract,Group A,0
9084,2023-12,77952.68,0.36827,660.0,47058.65,2,Self employed,Group B,1
9105,2023-12,35462.95,0.08342,707.0,11300.85,0,Self employed,Group B,0
9127,2023-12,60112.14,0.23982,654.0,13583.52,0,Salaried,Group B,0
9133,2023-12,24111.55,0.42286,670.0,39305.94,0,Salaried,Group A,1
9137,2023-12,17845.68,0.14383,695.0,27011.27,1,Salaried,Group A,0
9170,2023-12,37470.87,0.20582,635.0,12044.93,1,Self employed,Group A,0
9205,2023-12,48833.98,0.13598,672.0,19204.35,0,Contract,Group A,0
9219,2023-12,80104.81,0.32428,597.0,12194.48,0,Salaried,Group A,0
9223,2023-12,48150.66,0.18829,605.0,13074.7,0,Self employed,Group A,0
9226,2023-12,35014.21,0.28588,687.0,27814.9,1,Contract,Group A,0
9227,2023-12,32490.23,0.11973,717.0,4793.96,0,Salaried,Group B,1
9228,2023-12,70363.02,0.22466,750.0,11095.35,0,Salaried,Group B,0
9300,2023-12,135193.71,0.2909,605.0,18261.11,0,Salaried,Group B,0
9334,2023-12,54423.02,0.22554,599.0,11634.4,1,Salaried,Group A,0
9339,2023-12,82675.64,0.32288,752.0,3819.81,0,Contract,Group A,0
9340,2023-12,93149.72,0.3963,666.0,16225.94,0,Self employed,Group A,0
9350,2023-12,19304.98,0.43121,641.0,23506.35,0,Salaried,Group A,1
9357,2023-12,99685.44,0.51069,656.0,20515.43,0,Contract,Group A,1
9361,2023-12,52959.02,0.43617,628.0,23095.64,0,Salaried,Group B,0
9367,2023-12,86699.62,0.41374,733.0,31689.89,0,Self employed,Group A,0
9450,2023-12,,0.07007,627.0,14867.28,0,Salaried,Group A,0
9455,2023-12,29065.63,0.40795,554.0,16257.04,0,Salaried,Group B,1
9467,2023-12,143876.3,0.17657,626.0,14217.29,0,Salaried,Group B,0
9471,2023-12,107685.3,0.31785,697.0,17210.42,0,Self employed,Group A,0
9480,2023-12,112907.37,0.07807,686.0,72288.93,0,Salaried,Group A,0
9482,2023-12,84521.66,0.21452,811.0,26678.22,1,Self employed,Group B,0
9499,2023-12,56612.49,0.58404,626.0,14906.82,0,Salaried,Group A,0
9513,2023-12,70321.68,0.11903,777.0,12916.15,0,Self employed,Group B,0
9515,2023-12,49491.5,0.23931,660.0,35422.42,2,Salaried,Group A,0
9518,2023-12,33757.54,0.68168,664.0,5278.04,0,Salaried,Group A,0
9600,2023-12,103069.79,0.2039,632.0,21453.78,0,Salaried,Group A,0
9605,2023-12,103561.89,0.10221,696.0,2416.97,0,Self employed,Group A,0
9616,2023-12,47309.58,0.23976,601.0,6883.35,0,Salaried,Group A,0
9621,2023-12,72167.9,0.27726,700.0,7715.29,0,Self employed,Group A,0
9630,2023-12,,0.28456,630.0,10260.45,0,Salaried,Group B,1
9664,2023-12,93871.58,0.19658,612.0,23783.21,0,Salaried,Group B,0
9669,2023-12,37209.61,0.49619,598.0,23803.06,0,Salaried,Group A,1
9687,2023-12,38932.21,0.04749,665.0,10953.66,0,Self employed,Group A,0
9688,2023-12,30964.04,0.64498,473.0,26789.22,0,Self employed,Group A,0
9699,2023-12,78568.98,0.25435,611.0,35108.9,0,Self employed,Group A,1
9708,2023-12,64302.27,0.21076,785.0,8709.66,2,Self employed,Group A,0
9744,2023-12,77219.58,0.40769,738.0,20798.69,0,Salaried,Group B,0
9797,2023-12,69736.04,0.25546,557.0,8071.01,0,Self employed,Group A,1
9813,2023-12,56963.82,0.34698,701.0,8557.48,1,Self employed,Group B,0
9840,2023-12,106351.38,0.18162,613.0,32349.3,0,Contract,Group B,1
9858,2023-12,27530.48,0.37155,671.0,75000.0,1,Self employed,Group A,1
9863,2023-12,30744.5,0.21177,707.0,15178.02,0,Salaried,Group A,0
9864,2023-12,89776.32,0.16503,767.0,5087.5,0,Contract,Group A,0
9873,2023-12,30302.93,0.22162,657.0,19380.92,0,Salaried,Group A,0
9875,2023-12,37439.09,0.2278,615.0,14469.99,0,Salaried,Group B,0
9882,2023-12,32321.74,0.11421,642.0,6961.84,0,Salaried,Group A,0
9988,2023-12,32154.29,0.12192,729.0,45473.04,0,Salaried,Group B,0
11,2024-01,28999.56,0.41951,622.0,17998.07,0,Salaried,Group B,1
57,2024-01,100962.27,0.52281,658.0,24048.96,0,Contract,Group A,1
96,2024-01,33526.1,0.53062,694.0,16494.81,1,Salaried,Group A,0
126,2024-01,126058.33,0.19074,696.0,13810.77,0,Salaried,Group A,1
149,2024-01,41993.01,0.15191,697.0,16581.58,1,Self employed,Group B,0
151,2024-01,87681.16,0.27049,655.0,13995.38,0,Salaried,Group B,1
189,2024-01,26762.6,0.22738,761.0,8101.59,0,Salaried,Group A,0
190,2024-01,117680.13,0.11202,648.0,23324.38,1,Salaried,Group A,0
219,2024-01,119923.44,0.22273,774.0,15407.66,1,Salaried,Group B,0
224,2024-01,47548.26,0.52035,713.0,7809.39,0,Salaried,Group B,0
266,2024-01,83266.98,0.35363,630.0,14728.88,0,Salaried,Group B,1
281,2024-01,79240.31,0.18972,602.0,9866.8,0,Salaried,Group A,0
356,2024-01,95565.96,0.38908,691.0,15827.24,1,Salaried,Group B,0
375,2024-01,57954.98,0.11394,820.0,15765.74,1,Salaried,Group B,0
399,2024-01,35551.0,0.0602,681.0,10034.32,0,Contract,Group B,1
453,2024-01,74032.93,0.52188,684.0,24606.49,0,Salaried,Group B,0
454,2024-01,43763.38,0.62684,583.0,2487.33,0,Salaried,Group B,1
499,2024-01,75304.07,0.42683,685.0,10355.15,0,Self employed,Group B,0
519,2024-01,32521.94,0.14738,684.0,14845.76,0,Salaried,Group B,1
554,2024-01,102463.25,0.09983,785.0,36188.93,0,Salaried,Group B,0
563,2024-01,67071.26,0.17444,731.0,13623.73,0,Salaried,Group A,0
611,2024-01,63612.57,0.65693,690.0,23342.18,0,Salaried,Group A,0
624,2024-01,54368.99,0.79802,674.0,19140.43,0,Salaried,Group A,1
649,2024-01,43447.56,0.02636,605.0,26951.42,0,Contract,Group A,1
657,2024-01,79189.12,0.10271,725.0,14263.38,1,Salaried,Group A,0
665,2024-01,45231.45,0.24673,587.0,22224.14,0,Self employed,Group B,1
681,2024-01,46282.1,0.16429,649.0,8409.7,0,Salaried,Group A,0
754,2024-01,69513.72,0.12513,651.0,6514.09,0,Salaried,Group B,0
771,2024-01,,0.25639,711.0,13082.64,0,Self employed,Group A,0
774,2024-01,86661.27,0.33058,573.0,13166.47,0,Salaried,Group B,1
780,2024-01,57607.55,0.09496,791.0,5008.43,0,Salaried,Group A,0
798,2024-01,120273.03,0.33001,617.0,22983.04,0,Salaried,Group A,0
840,2024-01,40251.31,0.15566,728.0,4820.49,0,Self employed,Group B,1
888,2024-01,55422.71,0.43946,695.0,9172.0,0,Salaried,Group A,0
895,2024-01,,0.34086,706.0,39788.81,0,Self employed,Group B,0
921,2024-01,50115.53,0.2137,707.0,13891.7,0,Salaried,Group B,1
939,2024-01,75324.84,0.15591,653.0,28673.81,0,Salaried,Group A,0
942,2024-01,19016.76,0.2537,656.0,28887.7,0,Salaried,Group B,0
944,2024-01,29846.31,0.08651,609.0,14302.79,1,Salaried,Group B,0
959,2024-01,43384.42,0.27225,603.0,16039.91,1,Salaried,Group A,0
1054,2024-01,67301.66,0.48914,628.0,10969.93,0,Salaried,Group A,0
1070,2024-01,32688.0,0.65839,628.0,75000.0,2,Contract,Group B,1
1078,2024-01,71103.4,0.3423,708.0,27825.75,1,Contract,Group A,0
1150,2024-01,37600.67,0.49504,708.0,19902.8,0,Salaried,Group B,0
1155,2024-01,73100.13,0.5615,566.0,6239.95,1,Self employed,Group A,1
1165,2024-01,86874.82,0.38271,757.0,13896.1,0,Self employed,Group B,0
1252,2024-01,42058.13,0.05689,764.0,23137.4,0,Salaried,Group B,0
1265,2024-01,116083.69,0.22977,729.0,22337.48,1,Salaried,Group B,0
1281,2024-01,62782.49,0.22764,654.0,14179.11,0,Salaried,Group A,0
1297,2024-01,58485.26,0.66526,751.0,30516.92,0,Salaried,Group A,0
1301,2024-01,47462.98,0.18972,703.0,34614.79,0,Contract,Group B,0
1302,2024-01,91879.23,0.33704,781.0,13779.8,0,Self employed,Group A,0
1335,2024-01,60634.52,0.41425,719.0,7142.75,0,Self employed,Group B,0
1351,2024-01,79760.14,0.29626,666.0,29930.51,1,Salaried,Group A,0
1367,2024-01,42997.33,0.05138,626.0,9501.7,1,Salaried,Group B,0
1438,2024-01,88808.79,0.17983,740.0,5844.59,0,Salaried,Group B,0
1460,2024-01,42523.09,0.18425,665.0,9763.53,0,Self employed,Group A,0
1500,2024-01,94651.8,0.26203,712.0,12367.99,0,Salaried,Group B,0
1506,2024-01,34125.67,0.19283,591.0,15958.35,1,Salaried,Group A,1
1535,2024-01,70473.05,0.36638,618.0,11624.2,1,Salaried,Group A,0
1571,2024-01,37433.56,0.12823,642.0,9997.98,0,Self employed,Group A,0
1653,2024-01,26897.71,0.16894,706.0,13752.4,0,Self employed,Group A,0
1708,2024-01,115107.99,0.05381,714.0,9376.32,0,Self employed,Group B,0
1709,2024-01,53954.64,0.11798,638.0,12267.24,0,Salaried,Group B,0
1754,2024-01,28902.55,0.1466,674.0,21899.12,1,Self employed,Group A,0
1780,2024-01,102089.63,0.6949,701.0,9251.18,1,Self employed,Group B,1
1820,2024-01,,0.30793,777.0,14555.42,0,Self employed,Group B,0
1834,2024-01,51985.94,0.30581,606.0,26254.16,0,Contract,Group A,0
1849,2024-01,19471.91,0.11034,670.0,25793.4,0,Salaried,Group A,0
1867,2024-01,37808.17,0.44753,662.0,20605.5,0,Salaried,Group B,0
1875,2024-01,112303.56,0.16148,549.0,10764.78,0,Salaried,Group B,0
1934,2024-01,132367.43,0.30962,653.0,12175.05,0,Salaried,Group B,0
1972,2024-01,65202.24,0.35029,615.0,10252.38,0,Self employed,Group A,1
2002,2024-01,18790.07,0.19003,666.0,47663.26,0,Self employed,Group B,0
2067,2024-01,48568.32,0.29552,850.0,39931.59,0,Salaried,Group B,0
2102,2024-01,57150.96,0.29282,667.0,10724.41,0,Salaried,Group A,1
2112,2024-01,38064.98,0.20778,550.0,15581.87,1,Salaried,Group A,0
2146,2024-01,59123.88,0.18087,668.0,22909.4,1,Salaried,Group A,0
2157,2024-01,15535.79,0.51223,771.0,44877.99,0,Salaried,Group A,0
2159,2024-01,53549.66,0.31417,676.0,7196.12,0,Self employed,Group B,0
2212,2024-01,42574.35,0.31678,620.0,33930.17,0,Salaried,Group B,1
2229,2024-01,100402.23,0.30837,735.0,16016.52,1,Salaried,Group A,0
2238,2024-01,54423.42,0.08329,608.0,11216.44,0,Salaried,Group A,0
2241,2024-01,109213.44,0.40447,649.0,17214.64,0,Salaried,Group B,0
2249,2024-01,90327.4,0.16962,749.0,22921.38,0,Salaried,Group B,0
2277,2024-01,51585.73,0.1413,582.0,19470.9,0,Salaried,Group A,0
2283,2024-01,95900.9,0.18148,698.0,8637.59,0,Salaried,Group A,0
2387,2024-01,51968.64,0.16782,643.0,21818.97,2,Salaried,Group A,1
2407,2024-01,58025.97,0.24949,624.0,11885.4,2,Contract,Group B,1
2410,2024-01,37115.18,0.22346,697.0,28625.8,0,Salaried,Group B,0
2424,2024-01,65585.23,0.09073,691.0,29880.76,0,Salaried,Group A,0
2481,2024-01,90219.02,0.17099,754.0,22468.6,0,Self employed,Group B,0
2522,2024-01,36015.59,0.27359,740.0,5595.68,0,Salaried,Group A,1
2567,2024-01,60136.0,0.06498,632.0,14180.98,0,Salaried,Group A,1
2569,2024-01,40263.7,0.32372,594.0,61565.15,0,Self employed,Group A,0
2695,2024-01,71097.19,0.09965,559.0,13250.85,1,Contract,Group A,1
2699,2024-01,48851.05,0.09878,689.0,20662.27,2,Salaried,Group A,0
2702,2024-01,84586.18,0.22066,781.0,11450.89,0,Self employed,Group A,0
2737,2024-01,74965.32,0.25353,751.0,30114.26,0,Salaried,Group A,0
2745,2024-01,55184.91,0.69547,825.0,14173.56,0,Contract,Group A,0
2765,2024-01,97484.13,0.58362,605.0,8609.51,1,Salaried,Group B,1
2837,2024-01,43726.3,0.39938,675.0,13475.88,0,Salaried,Group A,0
2867,2024-01,96660.24,0.57995,669.0,8204.23,0,Salaried,Group A,1
2871,2024-01,50552.77,0.28705,627.0,13403.47,1,Salaried,Group A,0
2886,2024-01,72345.03,0.66804,746.0,25135.61,0,Self employed,Group B,1
2915,2024-01,31645.7,0.41729,589.0,14784.67,0,Salaried,Group A,0
2924,2024-01,37075.96,0.42572,727.0,17510.31,0,Salaried,Group A,0
2930,2024-01,43807.28,0.07864,647.0,13653.37,0,Self employed,Group A,1
2933,2024-01,55862.11,0.38833,630.0,2067.03,0,Contract,Group A,0
2934,2024-01,85984.82,0.15526,551.0,11898.03,0,Salaried,Group A,0
2950,2024-01,51874.29,0.50383,781.0,9392.53,0,Contract,Group B,0
2960,2024-01,70046.5,0.38467,671.0,6467.91,0,Self employed,Group A,0
2968,2024-01,57347.14,0.46549,644.0,15569.2,0,Contract,Group B,0
2979,2024-01,51312.96,0.17988,507.0,13396.37,0,Salaried,Group A,1
2989,2024-01,68641.79,0.18717,692.0,6044.9,0,Self employed,Group B,0
3007,2024-01,154003.57,0.36345,679.0,3587.61,0,Salaried,Group A,0
3014,2024-01,71586.91,0.20999,673.0,24657.99,0,Salaried,Group A,0
3015,2024-01,190501.92,0.24437,766.0,13722.03,0,Salaried,Group A,0
3019,2024-01,61592.15,0.28944,698.0,11982.88,0,Salaried,Group A,0
3062,2024-01,69514.39,0.02705,659.0,21223.66,0,Salaried,Group A,0
3103,2024-01,50031.11,0.32886,681.0,22045.89,0,Self employed,Group B,0
3124,2024-01,38876.77,0.28055,757.0,10204.69,0,Salaried,Group A,0
3131,2024-01,48970.04,0.37664,633.0,11052.02,0,Salaried,Group A,0
3136,2024-01,105079.86,0.25029,605.0,7453.73,0,Salaried,Group A,0
3165,2024-01,69425.11,0.08965,805.0,37916.86,0,Salaried,Group A,0
3173,2024-01,48078.12,0.09175,704.0,12047.61,0,Salaried,Group A,0
3178,2024-01,18465.61,0.3282,658.0,13588.45,0,Contract,Group A,0
3203,2024-01,60031.76,0.36574,544.0,42483.41,0,Salaried,Group B,1
3234,2024-01,24391.55,0.18674,690.0,26771.72,0,Salaried,Group A,0
3257,2024-01,56592.27,0.12476,709.0,16190.74,0,Salaried,Group B,0
3260,2024-01,137754.04,0.37485,669.0,4692.32,0,Salaried,Group A,0
3298,2024-01,18903.61,0.44145,586.0,20451.43,0,Salaried,Group B,1
3319,2024-01,17826.31,0.24977,699.0,21422.13,0,Salaried,Group B,0
3326,2024-01,82257.08,0.07001,657.0,7462.52,0,Salaried,Group B,0
3332,2024-01,69134.36,0.45355,625.0,14375.79,0,Salaried,Group A,1
3341,2024-01,215073.03,0.27758,645.0,23099.42,0,Salaried,Group A,0
3370,2024-01,53109.23,0.06307,639.0,54459.35,0,Salaried,Group B,0
3378,2024-01,57568.06,0.54957,584.0,7715.84,0,Self employed,Group B,0
3432,2024-01,37607.69,0.1095,724.0,16996.52,0,Self employed,Group B,0
3435,2024-01,21706.31,0.22928,531.0,22397.43,0,Salaried,Group B,1
3438,2024-01,77349.85,0.39316,700.0,16498.57,0,Salaried,Group B,0
3462,2024-01,68737.97,0.32501,838.0,10151.98,0,Salaried,Group A,0
3474,2024-01,118760.84,0.03454,664.0,17412.45,0,Salaried,Group B,0
3509,2024-01,43249.07,0.14464,612.0,11663.91,0,Contract,Group B,0
3519,2024-01,61382.53,0.35319,672.0,10750.58,0,Salaried,Group A,0
3526,2024-01,49137.2,0.27652,711.0,17220.68,0,Contract,Group B,0
3605,2024-01,91801.24,0.46636,699.0,11597.27,0,Salaried,Group B,0
3626,2024-01,38900.6,0.39654,635.0,3876.81,0,Self employed,Group B,0
3664,2024-01,47228.97,0.28092,658.0,25984.17,0,Salaried,Group B,0
3693,2024-01,48453.79,0.14044,850.0,14958.95,1,Salaried,Group B,0
3723,2024-01,39845.07,0.19552,606.0,26731.16,0,Contract,Group B,0
3758,2024-01,21209.3,0.39824,556.0,26592.8,0,Salaried,Group A,1
3770,2024-01,91510.8,0.24263,605.0,23409.44,0,Salaried,Group A,0
3779,2024-01,48443.1,0.36546,578.0,5686.95,0,Self employed,Group B,1
3800,2024-01,26261.09,0.51043,789.0,7756.34,0,Salaried,Group A,0
3830,2024-01,69773.65,0.34588,616.0,13009.37,1,Self employed,Group B,1
3843,2024-01,39165.65,0.03992,720.0,7057.52,0,Contract,Group A,0
3852,2024-01,49896.74,0.17551,642.0,39087.0,0,Salaried,Group A,1
3901,2024-01,158216.75,0.42141,580.0,31728.59,0,Self employed,Group B,0
3923,2024-01,34582.5,0.20863,528.0,29706.63,1,Salaried,Group B,1
3935,2024-01,54315.05,0.1863,654.0,8353.86,0,Contract,Group A,0
3951,2024-01,40296.12,0.40549,603.0,11749.02,1,Salaried,Group B,1
3965,2024-01,51356.07,0.41164,688.0,18562.05,2,Self employed,Group B,0
3971,2024-01,104824.04,0.41543,625.0,42729.25,0,Salaried,Group A,1
3972,2024-01,34386.27,0.73812,670.0,7316.26,0,Salaried,Group A,1
3979,2024-01,71584.34,0.52298,782.0,21569.25,0,Self employed,Group B,0
4079,2024-01,82663.07,0.07627,647.0,9925.33,1,Salaried,Group A,1
4097,2024-01,45436.72,0.35859,787.0,19461.42,1,Salaried,Group A,0
4104,2024-01,26610.7,0.20284,634.0,9296.47,0,Self employed,Group B,0
4130,2024-01,43222.7,0.256,850.0,7405.45,0,Salaried,Group A,0
4131,2024-01,69579.58,0.08889,633.0,11046.5,0,Salaried,Group B,0
4134,2024-01,66631.59,0.48171,684.0,4374.14,0,Salaried,Group B,0
4151,2024-01,29748.61,0.22128,660.0,25068.83,0,Salaried,Group B,0
4195,2024-01,85002.8,0.35544,746.0,4980.01,0,Self employed,Group B,0
4216,2024-01,98872.98,0.31944,686.0,14385.07,1,Salaried,Group A,0
4220,2024-01,28357.21,0.05312,763.0,4593.57,1,Self employed,Group B,0
4223,2024-01,174714.89,0.21176,668.0,28820.76,0,Contract,Group B,1
4236,2024-01,85909.23,0.20352,662.0,20127.82,0,Salaried,Group B,0
4244,2024-01,49159.65,0.19048,583.0,22846.95,1,Contract,Group B,1
4253,2024-01,42257.02,0.34527,598.0,38090.34,1,Salaried,Group B,1
4286,2024-01,30215.89,0.36562,656.0,10492.09,0,Contract,Group B,1
4302,2024-01,46905.23,0.38572,647.0,7074.25,2,Salaried,Group A,0
4318,2024-01,30218.01,0.24912,796.0,21179.12,1,Contract,Group A,0
4346,2024-01,80230.38,0.14561,607.0,4877.71,0,Contract,Group A,0
4362,2024-01,63922.8,0.36581,674.0,16042.67,0,Salaried,Group B,0
4386,2024-01,32932.65,0.63292,630.0,18149.01,0,Salaried,Group B,0
4418,2024-01,38287.78,0.32307,713.0,14759.63,0,Salaried,Group A,0
4438,2024-01,55536.29,0.08718,765.0,17234.5,0,Salaried,Group A,0
4439,2024-01,36262.79,0.41251,671.0,6315.04,1,Salaried,Group B,0
4441,2024-01,64167.79,0.42208,634.0,8004.17,0,Salaried,Group B,0
4442,2024-01,63532.41,0.28635,763.0,6480.8,0,Salaried,Group B,0
4470,2024-01,46271.78,0.30354,641.0,37053.62,1,Self employed,Group A,0
4482,2024-01,33177.61,0.37761,544.0,28588.13,0,Contract,Group B,0
4495,2024-01,43365.66,0.14669,667.0,44130.6,0,Contract,Group A,1
4505,2024-01,42868.97,0.44788,595.0,55395.3,0,Self employed,Group B,1
4513,2024-01,178177.21,0.27899,605.0,10886.93,1,Self employed,Group A,0
4541,2024-01,45013.76,0.4615,685.0,34496.88,1,Salaried,Group B,1
4542,2024-01,38178.0,0.34463,719.0,6579.91,0,Self employed,Group A,0
4560,2024-01,45367.09,0.32643,648.0,4313.85,0,Salaried,Group A,0
4586,2024-01,52948.57,0.23321,674.0,13466.37,1,Salaried,Group B,0
4607,2024-01,48117.96,0.18454,721.0,13058.56,0,Contract,Group B,0
4611,2024-01,84231.47,0.21685,585.0,4640.72,0,Salaried,Group A,0
4646,2024-01,40598.9,0.03645,616.0,11538.06,0,Salaried,Group B,0
4660,2024-01,33127.05,0.41984,629.0,6617.04,0,Salaried,Group A,1
4663,2024-01,43172.4,0.54862,622.0,12938.8,0,Salaried,Group A,0
4683,2024-01,48696.65,0.06111,750.0,15813.53,0,Salaried,Group B,0
4747,2024-01,41423.75,0.12963,701.0,12147.19,0,Salaried,Group A,0
4749,2024-01,236519.24,0.42591,739.0,12458.02,1,Salaried,Group A,0
4846,2024-01,72120.19,0.11012,562.0,6656.64,0,Self employed,Group B,0
4884,2024-01,86428.59,0.27538,656.0,42733.0,1,Salaried,Group B,0
4915,2024-01,99670.75,0.11225,625.0,4667.47,0,Salaried,Group A,0
4919,2024-01,127588.83,0.47148,683.0,7707.7,0,Salaried,Group B,0
4921,2024-01,52876.82,0.21678,654.0,8879.01,0,Salaried,Group A,0
4932,2024-01,65594.51,0.23901,747.0,7171.64,0,Salaried,Group A,0
4954,2024-01,47654.06,0.43055,726.0,12476.5,0,Salaried,Group B,1
4971,2024-01,52716.0,0.04256,724.0,14219.85,0,Salaried,Group A,0
5003,2024-01,76558.88,0.17335,714.0,31990.4,0,Salaried,Group A,0
5021,2024-01,38315.37,0.18453,562.0,34264.07,1,Salaried,Group B,1
5025,2024-01,35096.94,0.29664,708.0,8549.58,1,Salaried,Group A,0
5049,2024-01,63456.09,0.05294,525.0,6920.26,1,Contract,Group A,1
5068,2024-01,49795.96,0.11986,603.0,9945.68,0,Contract,Group B,0
5078,2024-01,45387.46,0.22917,689.0,17859.57,0,Salaried,Group B,0
5082,2024-01,45076.51,0.20616,631.0,8655.95,0,Self employed,Group B,0
5091,2024-01,62358.95,0.17681,714.0,12626.87,0,Salaried,Group B,0
5108,2024-01,23819.92,0.21114,597.0,9454.53,0,Salaried,Group A,0
5112,2024-01,53743.55,0.46119,794.0,15168.27,2,Salaried,Group B,0
5116,2024-01,70979.59,0.28262,743.0,12329.2,0,Salaried,Group A,1
5122,2024-01,23042.78,0.35003,652.0,7913.94,0,Contract,Group B,0
5144,2024-01,50134.79,0.22381,736.0,9689.41,0,Contract,Group A,1
5146,2024-01,55267.43,0.09525,669.0,19968.92,0,Contract,Group B,0
5163,2024-01,101990.53,0.33438,734.0,24604.7,0,Salaried,Group A,0
5176,2024-01,57516.42,0.42061,692.0,28649.34,0,Salaried,Group B,1
5186,2024-01,85124.39,0.33384,631.0,10866.78,0,Salaried,Group B,0
5191,2024-01,55687.27,0.27403,564.0,15585.5,1,Salaried,Group A,1
5196,2024-01,80676.26,0.37097,593.0,14022.1,0,Salaried,Group A,1
5234,2024-01,30061.86,0.37284,551.0,5251.57,0,Salaried,Group B,0
5259,2024-01,48041.17,0.41773,634.0,24367.15,0,Contract,Group A,1
5264,2024-01,28926.02,0.2489,647.0,27451.19,0,Salaried,Group A,0
5278,2024-01,64690.78,0.05736,609.0,18359.6,1,Contract,Group B,0
5294,2024-01,129490.17,0.2614,631.0,18567.38,0,Salaried,Group A,0
5298,2024-01,25887.54,0.09237,594.0,19800.05,0,Contract,Group A,0
5307,2024-01,147918.93,0.09133,637.0,18428.95,0,Self employed,Group A,0
5326,2024-01,66874.9,0.07228,639.0,18238.41,1,Salaried,Group A,0
5344,2024-01,38586.39,0.08751,710.0,23062.98,0,Self employed,Group B,0
5358,2024-01,88363.45,0.3245,626.0,6641.31,0,Salaried,Group A,0
5374,2024-01,65485.44,0.32404,706.0,21403.11,2,Contract,Group B,0
5423,2024-01,37247.94,0.09567,657.0,17935.38,1,Salaried,Group B,0
5425,2024-01,27537.81,0.23271,713.0,14593.61,0,Salaried,Group A,0
5461,2024-01,35702.29,0.35046,699.0,6611.0,0,Self employed,Group A,0
5464,2024-01,22478.74,0.37696,729.0,28788.14,0,Salaried,Group A,0
5471,2024-01,53853.5,0.37016,672.0,16746.11,0,Salaried,Group B,0
5492,2024-01,112678.78,0.23,653.0,23519.44,0,Self employed,Group A,1
5498,2024-01,250000.0,0.48734,738.0,11175.94,0,Self employed,Group A,0
5534,2024-01,21557.1,0.17209,694.0,4959.56,0,Salaried,Group B,0
5562,2024-01,62530.05,0.10627,684.0,7754.86,1,Self employed,Group B,0
5586,2024-01,,0.56823,709.0,18413.24,0,Salaried,Group A,0
5628,2024-01,39584.59,0.74453,738.0,6133.42,0,Salaried,Group A,0
5700,2024-01,24874.36,0.04861,628.0,16561.72,0,Salaried,Group B,0
5715,2024-01,39369.53,0.46717,739.0,10838.42,0,Salaried,Group A,0
5748,2024-01,74754.35,0.32169,689.0,20277.57,0,Self employed,Group A,0
5771,2024-01,28363.9,0.39361,606.0,29591.69,1,Salaried,Group B,1
5807,2024-01,56482.12,0.42286,572.0,11178.37,0,Salaried,Group A,1
5849,2024-01,90821.78,0.31028,700.0,75000.0,0,Contract,Group B,0
5862,2024-01,38252.93,0.28455,850.0,16157.8,0,Contract,Group B,0
5944,2024-01,33239.23,0.05089,717.0,19756.79,0,Self employed,Group B,0
5970,2024-01,44644.25,0.21444,729.0,34913.33,0,Self employed,Group B,0
5986,2024-01,37940.68,0.35933,611.0,13795.29,1,Salaried,Group A,1
5996,2024-01,48228.4,0.23711,727.0,18364.66,0,Salaried,Group A,0
6006,2024-01,54652.8,0.07557,673.0,3436.57,1,Contract,Group A,1
6041,2024-01,44055.65,0.7608,682.0,8501.09,0,Contract,Group A,1
6068,2024-01,17754.88,0.10179,613.0,22134.32,0,Salaried,Group B,1
6073,2024-01,23044.82,0.20998,747.0,11998.68,1,Contract,Group B,0
6127,2024-01,40472.82,0.34354,714.0,20016.44,0,Self employed,Group A,0
6132,2024-01,44384.97,0.01028,653.0,16503.53,0,Self employed,Group A,0
6147,2024-01,88301.56,0.53002,783.0,38872.44,0,Self employed,Group B,0
6148,2024-01,108372.24,0.29524,627.0,6844.46,1,Self employed,Group A,0
6171,2024-01,45139.99,0.49177,650.0,13992.06,0,Salaried,Group B,0
6191,2024-01,31102.48,0.14475,663.0,27866.08,0,Salaried,Group B,0
6229,2024-01,120469.99,0.0885,726.0,5792.58,0,Salaried,Group A,0
6265,2024-01,92367.11,0.50338,654.0,51048.27,0,Salaried,Group A,0
6278,2024-01,62666.79,0.1311,659.0,19288.52,0,Salaried,Group A,0
6292,2024-01,62130.1,0.38574,718.0,10642.05,0,Salaried,Group A,1
6310,2024-01,72863.62,0.04149,679.0,20898.09,0,Salaried,Group A,0
6315,2024-01,48883.45,0.21786,798.0,9432.98,0,Salaried,Group A,0
6322,2024-01,39624.55,0.22757,708.0,6811.61,0,Salaried,Group A,0
6341,2024-01,64148.16,0.19502,652.0,9859.3,0,Salaried,Group A,0
6370,2024-01,37247.84,0.49496,716.0,15516.76,0,Salaried,Group B,0
6396,2024-01,59956.51,0.15046,686.0,8666.84,0,Salaried,Group B,0
6399,2024-01,73407.78,0.15955,631.0,75000.0,3,Contract,Group B,1
6419,2024-01,50652.78,0.32466,585.0,27469.17,0,Salaried,Group B,1
6449,2024-01,41792.83,0.27897,771.0,13259.65,0,Salaried,Group A,0
6474,2024-01,34639.69,0.39533,778.0,20825.64,0,Salaried,Group B,0
6524,2024-01,79442.83,0.3544,650.0,10906.04,0,Contract,Group B,0
6536,2024-01,55793.02,0.14481,578.0,31221.39,0,Salaried,Group A,0
6550,2024-01,59634.51,0.05517,613.0,7125.45,0,Salaried,Group B,0
6564,2024-01,95852.82,0.18221,772.0,8715.59,0,Salaried,Group A,0
6588,2024-01,65774.92,0.42849,709.0,5223.5,1,Salaried,Group B,0
6608,2024-01,62378.8,0.17493,546.0,8668.58,0,Salaried,Group B,0
6611,2024-01,30400.35,0.31212,711.0,32760.8,1,Salaried,Group A,1
6617,2024-01,76261.11,0.2818,597.0,5589.42,0,Contract,Group B,0
6636,2024-01,85883.16,0.22179,627.0,9496.53,0,Self employed,Group B,1
6637,2024-01,39771.07,0.13481,674.0,27960.85,1,Salaried,Group B,0
6646,2024-01,68054.07,0.45021,610.0,7813.96,0,Salaried,Group A,0
6656,2024-01,26662.68,0.2981,695.0,19969.49,0,Salaried,Group A,0
6657,2024-01,46005.73,0.19,608.0,39267.11,0,Salaried,Group A,0
6686,2024-01,62944.53,0.05993,794.0,15745.24,0,Salaried,Group A,0
6704,2024-01,36094.18,0.65794,582.0,16450.43,0,Salaried,Group A,0
6722,2024-01,51653.75,0.35397,637.0,4890.83,0,Salaried,Group B,0
6725,2024-01,90488.71,0.14521,649.0,11938.54,1,Salaried,Group B,0
6744,2024-01,67365.24,0.29174,690.0,41749.0,1,Self employed,Group B,0
6748,2024-01,68544.18,0.50399,596.0,11896.33,1,Salaried,Group B,0
6780,2024-01,54667.06,0.50036,726.0,6777.4,0,Self employed,Group A,0
6793,2024-01,37785.22,0.33015,660.0,67186.47,1,Self employed,Group A,0
6835,2024-01,92370.95,0.44696,684.0,16652.97,1,Salaried,Group A,1
6857,2024-01,56138.22,0.08498,665.0,27637.71,0,Salaried,Group A,0
6905,2024-01,20777.04,0.19505,583.0,12886.52,0,Salaried,Group A,0
6908,2024-01,26869.84,0.19097,637.0,23437.76,0,Salaried,Group B,0
6928,2024-01,87929.38,0.44662,656.0,9161.1,0,Contract,Group A,0
6994,2024-01,91908.96,0.12021,796.0,8140.95,0,Self employed,Group B,0
7019,2024-01,45129.89,0.41787,603.0,66213.44,0,Contract,Group A,1
7151,2024-01,61253.23,0.32862,665.0,10733.38,0,Contract,Group B,0
7157,2024-01,73630.3,0.2868,526.0,48430.85,0,Self employed,Group B,0
7164,2024-01,45518.59,0.22114,706.0,17442.96,0,Salaried,Group A,0
7174,2024-01,41057.96,0.41545,557.0,33658.14,0,Salaried,Group B,0
7189,2024-01,64354.56,0.49673,726.0,16024.62,0,Contract,Group B,0
7237,2024-01,60801.02,0.03237,683.0,24471.17,0,Contract,Group B,1
7255,2024-01,50077.68,0.12416,742.0,17363.54,0,Self employed,Group A,0
7279,2024-01,60821.91,0.32955,620.0,3095.54,0,Salaried,Group B,1
7297,2024-01,33132.11,0.3106,716.0,16514.37,0,Salaried,Group A,0
7355,2024-01,,0.31746,607.0,28222.96,1,Salaried,Group A,0
7366,2024-01,95856.27,0.05523,649.0,21482.22,2,Salaried,Group A,0
7377,2024-01,151695.97,0.04013,589.0,25094.76,1,Salaried,Group A,0
7387,2024-01,128625.6,0.09487,719.0,8322.42,1,Salaried,Group B,1
7393,2024-01,82257.03,0.69734,637.0,11478.41,1,Contract,Group B,1
7413,2024-01,35886.46,0.15436,726.0,9278.3,2,Salaried,Group A,0
7423,2024-01,27510.21,0.35132,719.0,17384.27,0,Salaried,Group A,0
7452,2024-01,112956.88,0.27508,546.0,9559.43,0,Self employed,Group B,0
7472,2024-01,42253.78,0.1422,526.0,5819.88,0,Contract,Group A,1
7528,2024-01,38123.25,0.11247,713.0,16691.97,0,Salaried,Group A,0
7532,2024-01,34718.62,0.17813,711.0,16110.05,0,Contract,Group A,0
7600,2024-01,86600.06,0.39938,580.0,2463.01,1,Salaried,Group B,1
7613,2024-01,52922.0,0.04041,616.0,16135.51,1,Salaried,Group A,0
7656,2024-01,54435.58,0.19008,699.0,26568.35,1,Contract,Group A,0
7662,2024-01,42589.56,0.17442,613.0,12819.85,0,Salaried,Group A,0
7703,2024-01,28445.87,0.46509,790.0,10380.77,0,Salaried,Group A,0
7734,2024-01,45569.22,0.25745,658.0,17386.37,0,Salaried,Group A,0
7790,2024-01,38880.23,0.23854,653.0,15595.41,0,Salaried,Group B,0
7838,2024-01,108423.17,0.19422,705.0,13525.91,0,Salaried,Group A,0
7871,2024-01,40322.3,0.38145,674.0,4839.36,1,Contract,Group A,0
7943,2024-01,36397.58,0.52074,566.0,29256.19,0,Salaried,Group B,1
7944,2024-01,40592.23,0.44636,714.0,17861.34,0,Contract,Group B,0
8007,2024-01,44387.32,0.44895,824.0,4279.43,0,Salaried,Group A,0
8083,2024-01,41269.92,0.34236,638.0,8342.68,0,Salaried,Group B,0
8117,2024-01,25643.01,0.40443,683.0,25560.81,0,Contract,Group B,1
8150,2024-01,46662.65,0.19614,685.0,16594.51,1,Salaried,Group A,0
8154,2024-01,64263.07,0.15626,546.0,23566.57,1,Salaried,Group B,1
8175,2024-01,52513.4,0.35182,737.0,5744.16,0,Salaried,Group A,1
8194,2024-01,34202.71,0.36205,621.0,10531.0,1,Salaried,Group B,0
8264,2024-01,46022.42,0.2146,769.0,48183.66,0,Salaried,Group A,0
8282,2024-01,21503.05,0.27039,698.0,7398.88,0,Salaried,Group A,0
8311,2024-01,111139.66,0.15404,690.0,7980.59,0,Salaried,Group B,0
8324,2024-01,79232.07,0.33558,614.0,24589.26,0,Salaried,Group A,1
8329,2024-01,,0.21074,656.0,15735.39,0,Salaried,Group A,0
8343,2024-01,48189.75,0.47187,654.0,18450.34,0,Self employed,Group A,0
8356,2024-01,39264.07,0.20038,628.0,13974.64,0,Self employed,Group A,0
8413,2024-01,28521.71,0.34898,632.0,23394.71,0,Contract,Group B,1
8437,2024-01,21208.77,0.02891,726.0,48535.04,1,Salaried,Group B,0
8457,2024-01,27995.39,0.21781,677.0,9060.07,0,Salaried,Group A,0
8472,2024-01,78093.57,0.09097,656.0,3990.61,1,Salaried,Group B,0
8499,2024-01,52258.06,0.48322,707.0,9693.81,1,Contract,Group B,0
8510,2024-01,86857.95,0.20952,696.0,11715.1,0,Salaried,Group A,0
8512,2024-01,21110.62,0.20823,646.0,44634.82,0,Contract,Group A,0
8513,2024-01,64148.73,0.33836,567.0,31535.23,1,Salaried,Group A,0
8520,2024-01,46153.1,0.23,710.0,11271.87,0,Salaried,Group B,0
8543,2024-01,40885.55,0.16151,600.0,5073.62,0,Salaried,Group A,1
8626,2024-01,85526.61,0.0665,617.0,10913.76,0,Salaried,Group A,0
8630,2024-01,26720.67,0.14381,614.0,31182.28,0,Salaried,Group A,1
8725,2024-01,61026.1,0.20625,754.0,7326.34,0,Self employed,Group A,0
8732,2024-01,53558.23,0.18854,829.0,20794.93,1,Salaried,Group B,0
8754,2024-01,117724.82,0.14923,607.0,18060.22,0,Salaried,Group B,1
8768,2024-01,23293.81,0.40797,684.0,17286.04,0,Salaried,Group A,0
8801,2024-01,67508.72,0.38088,713.0,13287.27,0,Salaried,Group B,0
8805,2024-01,41353.68,0.04671,679.0,15007.26,2,Salaried,Group B,0
8823,2024-01,65501.85,0.16989,609.0,5236.96,0,Salaried,Group B,1
8835,2024-01,65923.48,0.35317,696.0,6104.98,0,Salaried,Group A,0
8837,2024-01,50149.49,0.14768,650.0,8620.59,0,Salaried,Group B,0
8857,2024-01,29480.36,0.07636,616.0,19875.4,0,Salaried,Group A,1
8864,2024-01,54354.47,0.12257,661.0,14703.94,0,Salaried,Group B,0
8876,2024-01,152760.4,0.23432,569.0,3010.91,0,Self employed,Group B,0
8942,2024-01,63281.63,0.34268,649.0,41512.52,0,Salaried,Group A,1
8952,2024-01,59468.06,0.22339,717.0,37596.26,0,Self employed,Group B,0
8957,2024-01,43553.48,0.5391,608.0,14299.49,1,Salaried,Group B,1
8964,2024-01,80538.7,0.26302,590.0,24347.91,1,Self employed,Group A,0
8983,2024-01,44561.97,0.13894,605.0,19849.8,1,Salaried,Group B,0
8997,2024-01,38364.95,0.09038,640.0,14095.89,0,Self employed,Group A,0
8998,2024-01,31866.89,0.5336,697.0,10080.58,0,Salaried,Group A,0
9001,2024-01,29131.64,0.40396,675.0,9254.35,0,Self employed,Group A,0
9026,2024-01,19511.34,0.22576,727.0,11609.59,0,Salaried,Group A,0
9050,2024-01,64112.05,0.1705,648.0,24459.8,1,Salaried,Group B,0
9070,2024-01,44402.67,0.12513,724.0,7002.49,0,Salaried,Group B,0
9077,2024-01,101173.43,0.20364,583.0,10657.28,0,Self employed,Group B,0
9098,2024-01,86344.66,0.02551,627.0,23660.3,1,Contract,Group A,0
9100,2024-01,60119.63,0.35792,754.0,36085.63,0,Salaried,Group B,0
9101,2024-01,48714.59,0.59055,626.0,15664.84,1,Salaried,Group B,0
9116,2024-01,175894.76,0.40734,668.0,7228.35,2,Salaried,Group B,1
9119,2024-01,47693.18,0.35017,726.0,34307.09,1,Self employed,Group A,1
9178,2024-01,102859.22,0.13192,617.0,15598.85,0,Self employed,Group A,0
9290,2024-01,87747.4,0.07977,688.0,10680.45,1,Salaried,Group A,0
9295,2024-01,53760.54,0.14281,629.0,7983.4,0,Salaried,Group B,0
9397,2024-01,61575.72,0.54846,596.0,21980.84,0,Salaried,Group A,0
9430,2024-01,30826.21,0.66226,558.0,16815.6,0,Self employed,Group A,0
9469,2024-01,52116.12,0.33906,626.0,12895.3,0,Salaried,Group A,0
9475,2024-01,42484.52,0.58798,620.0,75000.0,0,Contract,Group B,1
9484,2024-01,82001.61,0.05166,722.0,8964.62,0,Contract,Group A,1
9486,2024-01,250000.0,0.15078,630.0,9507.2,0,Salaried,Group B,0
9498,2024-01,52633.83,0.26717,721.0,5858.65,0,Salaried,Group A,0
9511,2024-01,58104.97,0.06823,743.0,21092.66,0,Salaried,Group A,0
9651,2024-01,27032.46,0.13768,703.0,4498.32,0,Salaried,Group A,0
9668,2024-01,66351.96,0.61554,628.0,27204.67,0,Salaried,Group A,1
9676,2024-01,103053.45,0.07514,732.0,8226.43,0,Self employed,Group A,0
9680,2024-01,61968.96,0.41752,612.0,12165.86,2,Self employed,Group B,1
9713,2024-01,24197.66,0.33562,689.0,8198.3,1,Salaried,Group A,0
9746,2024-01,38276.58,0.41945,713.0,27183.09,1,Salaried,Group A,0
9762,2024-01,52842.76,0.16982,602.0,27462.16,0,Salaried,Group B,0
9799,2024-01,77931.75,0.16426,695.0,5997.24,0,Contract,Group B,0
9889,2024-01,92514.58,0.30686,718.0,14211.48,0,Salaried,Group A,0
9908,2024-01,15000.0,0.23359,718.0,13862.46,0,Salaried,Group A,0
9942,2024-01,59662.52,0.24067,668.0,17188.89,1,Salaried,Group A,0
9974,2024-01,57672.01,0.23376,790.0,10637.85,2,Contract,Group B,0
9983,2024-01,51692.18,0.14681,586.0,5085.22,0,Self employed,Group B,0
9986,2024-01,30739.78,0.49326,687.0,51793.09,1,Contract,Group A,1
29,2024-02,35298.98,0.55158,664.0,16762.69,0,Salaried,Group A,0
84,2024-02,34948.12,0.53288,615.0,17861.2,0,Self employed,Group A,1
87,2024-02,,0.54677,672.0,5099.83,1,Self employed,Group B,1
115,2024-02,39241.41,0.38882,741.0,11153.11,0,Salaried,Group A,0
154,2024-02,35310.57,0.11608,618.0,9659.11,0,Salaried,Group B,0
160,2024-02,30752.23,0.24095,655.0,28954.74,0,Salaried,Group A,1
167,2024-02,41987.09,0.62314,557.0,39493.26,0,Salaried,Group A,1
185,2024-02,48943.36,0.08545,553.0,5036.12,1,Salaried,Group A,0
259,2024-02,33944.1,0.22107,596.0,6320.84,0,Salaried,Group A,1
292,2024-02,79201.4,0.09467,647.0,29634.26,1,Salaried,Group B,0
312,2024-02,80093.12,0.47238,615.0,9291.24,0,Salaried,Group A,0
347,2024-02,37314.99,0.41342,716.0,36952.02,0,Self employed,Group A,0
385,2024-02,76619.64,0.2721,619.0,27052.74,1,Salaried,Group B,0
396,2024-02,128782.48,0.21628,766.0,22227.22,0,Salaried,Group A,0
417,2024-02,37696.87,0.23058,771.0,18166.43,0,Contract,Group A,0
446,2024-02,35737.65,0.35157,573.0,6377.8,1,Salaried,Group A,1
469,2024-02,29530.89,0.08311,616.0,14454.33,0,Salaried,Group A,0
477,2024-02,43636.97,0.14838,611.0,26732.23,0,Salaried,Group A,1
506,2024-02,53863.71,0.1928,635.0,33316.59,0,Salaried,Group A,1
530,2024-02,89729.47,0.27925,630.0,16636.98,1,Salaried,Group B,0
562,2024-02,36300.3,0.20597,629.0,28819.65,1,Salaried,Group A,0
633,2024-02,29897.31,0.09576,735.0,30906.87,0,Contract,Group A,0
655,2024-02,80340.73,0.45101,690.0,18424.65,0,Contract,Group B,0
666,2024-02,27303.6,0.30946,728.0,32010.57,0,Salaried,Group A,0
683,2024-02,40187.6,0.2687,642.0,18684.51,1,Salaried,Group B,0
734,2024-02,57352.55,0.34928,563.0,18160.46,1,Salaried,Group A,0
755,2024-02,40873.66,0.51696,541.0,20161.65,0,Salaried,Group A,1
778,2024-02,37244.28,0.34785,734.0,5634.2,0,Salaried,Group B,0
804,2024-02,50835.74,0.0779,679.0,33993.74,2,Salaried,Group A,0
817,2024-02,67775.95,0.26621,657.0,13856.21,1,Self employed,Group A,0
834,2024-02,57137.39,0.2596,705.0,7469.86,1,Self employed,Group A,0
848,2024-02,29624.76,0.31569,601.0,7975.79,1,Salaried,Group A,0
869,2024-02,63051.23,0.69204,628.0,22436.08,0,Salaried,Group B,1
870,2024-02,64833.94,0.41763,778.0,10511.95,0,Salaried,Group A,0
874,2024-02,47845.87,0.21258,787.0,54104.12,1,Salaried,Group B,0
901,2024-02,61021.57,0.5575,683.0,21551.6,0,Salaried,Group B,0
908,2024-02,67168.48,0.22496,795.0,15938.72,1,Salaried,Group B,0
918,2024-02,31924.35,0.10751,580.0,6985.28,0,Self employed,Group A,0
962,2024-02,82529.09,0.14134,627.0,19208.87,0,Self employed,Group B,0
982,2024-02,46123.25,0.0862,604.0,25983.68,0,Salaried,Group B,0
1015,2024-02,62977.73,0.41418,684.0,10851.42,0,Salaried,Group A,1
1020,2024-02,35718.56,0.51549,688.0,7105.29,0,Self employed,Group B,1
1040,2024-02,57336.54,0.33882,683.0,30225.81,2,Self employed,Group B,0
1051,2024-02,61447.28,0.20865,518.0,12642.51,0,Contract,Group B,1
1058,2024-02,19447.13,0.07895,710.0,25833.73,0,Salaried,Group A,0
1083,2024-02,30893.58,0.52377,648.0,10692.87,0,Salaried,Group B,0
1100,2024-02,93105.47,0.51352,751.0,27101.62,0,Self employed,Group A,0
1182,2024-02,46656.05,0.44322,572.0,35435.64,2,Salaried,Group A,0
1209,2024-02,34319.9,0.63013,701.0,2980.78,0,Salaried,Group B,0
1235,2024-02,15000.0,0.30527,739.0,18548.57,0,Salaried,Group A,0
1257,2024-02,130734.3,0.18094,683.0,5633.85,1,Salaried,Group A,0
1271,2024-02,62699.61,0.24766,709.0,5812.74,0,Salaried,Group A,0
1284,2024-02,58912.65,0.39771,603.0,21814.16,0,Self employed,Group B,0
1287,2024-02,53913.74,0.05236,632.0,8004.24,0,Self employed,Group A,0
1293,2024-02,34430.71,0.2528,707.0,37256.42,0,Salaried,Group A,0
1327,2024-02,80560.21,0.35118,717.0,22196.64,1,Salaried,Group B,1
1337,2024-02,56772.63,0.25443,612.0,13505.48,0,Salaried,Group A,1
1341,2024-02,40205.46,0.67052,741.0,11008.87,0,Salaried,Group B,0
1342,2024-02,51572.23,0.44073,680.0,28146.47,0,Contract,Group B,0
1349,2024-02,115043.88,0.3281,746.0,10001.87,1,Salaried,Group A,0
1374,2024-02,80464.91,0.11005,651.0,19673.16,0,Salaried,Group B,0
1433,2024-02,40501.38,0.3072,675.0,24459.01,0,Salaried,Group B,0
1441,2024-02,32045.41,0.367,762.0,40107.08,0,Self employed,Group A,0
1457,2024-02,94384.19,0.35106,580.0,9313.39,0,Contract,Group A,1
1477,2024-02,80844.35,0.5137,665.0,6289.84,0,Salaried,Group A,0
1495,2024-02,91069.81,0.32339,631.0,7610.66,0,Salaried,Group A,0
1558,2024-02,55988.21,0.16616,663.0,23475.75,0,Salaried,Group B,0
1573,2024-02,37334.07,0.28924,643.0,35173.31,0,Salaried,Group A,1
1579,2024-02,123949.07,0.42898,764.0,11777.95,0,Contract,Group A,0
1594,2024-02,79988.99,0.24877,675.0,8279.95,0,Salaried,Group A,0
1624,2024-02,60680.44,0.39784,716.0,12838.9,1,Contract,Group B,0
1655,2024-02,58661.66,0.59004,716.0,23123.93,0,Salaried,Group A,0
1667,2024-02,79010.43,0.25019,755.0,15512.27,1,Salaried,Group B,0
1724,2024-02,108716.49,0.0906,707.0,26049.92,1,Self employed,Group B,0
1774,2024-02,75346.49,0.39237,709.0,10632.49,0,Salaried,Group A,0
1775,2024-02,47070.34,0.24632,710.0,11125.75,0,Salaried,Group B,0
1779,2024-02,30402.83,0.23924,748.0,25802.93,1,Salaried,Group B,0
1796,2024-02,141425.83,0.44465,724.0,17709.02,0,Salaried,Group B,1
1812,2024-02,76059.28,0.22097,667.0,4966.85,0,Contract,Group B,0
1821,2024-02,51888.35,0.37545,679.0,29280.85,0,Self employed,Group B,0
1838,2024-02,59069.14,0.2023,459.0,22750.93,0,Salaried,Group A,1
1850,2024-02,144239.95,0.41846,706.0,9630.42,0,Salaried,Group A,0
1863,2024-02,32025.28,0.40871,637.0,14067.74,1,Contract,Group B,1
1864,2024-02,67241.43,0.03669,645.0,12058.22,0,Salaried,Group A,1
1868,2024-02,27862.82,0.50662,624.0,13431.43,0,Salaried,Group B,0
1885,2024-02,78032.07,0.34108,694.0,10007.25,0,Salaried,Group A,0
1893,2024-02,115973.36,0.07042,566.0,14231.09,1,Salaried,Group A,0
1910,2024-02,121592.52,0.43991,679.0,9524.96,0,Self employed,Group B,0
1942,2024-02,84641.97,0.06368,673.0,4531.73,0,Salaried,Group B,0
1945,2024-02,127790.92,0.28133,695.0,9903.15,0,Salaried,Group A,0
1970,2024-02,48792.16,0.51914,677.0,18538.73,0,Salaried,Group B,0
1996,2024-02,29972.46,0.14108,645.0,8448.96,0,Contract,Group B,0
2000,2024-02,53523.69,0.52801,591.0,15193.37,0,Salaried,Group A,1
2096,2024-02,31114.14,0.55905,797.0,65317.04,1,Contract,Group B,0
2148,2024-02,85403.59,0.3508,623.0,11704.27,0,Salaried,Group B,0
2171,2024-02,104518.1,0.24205,566.0,3083.35,0,Salaried,Group B,0
2190,2024-02,36193.4,0.2351,679.0,4718.35,0,Salaried,Group B,1
2191,2024-02,45110.36,0.09611,643.0,9162.03,1,Salaried,Group A,0
2215,2024-02,66258.81,0.55234,652.0,18929.6,3,Salaried,Group A,0
2220,2024-02,61756.73,0.31481,694.0,18307.84,0,Salaried,Group A,0
2279,2024-02,37042.32,0.02316,685.0,15957.19,0,Self employed,Group A,0
2322,2024-02,45750.85,0.27042,645.0,39134.59,0,Salaried,Group A,0
2343,2024-02,71423.68,0.4895,601.0,14450.91,1,Self employed,Group A,1
2369,2024-02,24733.82,0.02307,791.0,16056.54,0,Self employed,Group A,0
2417,2024-02,55274.05,0.14928,712.0,5986.4,0,Salaried,Group B,0
2436,2024-02,18191.8,0.75744,606.0,19775.04,0,Salaried,Group B,0
2449,2024-02,29129.4,0.04043,678.0,16019.57,0,Self employed,Group B,0
2456,2024-02,27540.94,0.35565,644.0,20346.55,0,Salaried,Group A,1
2535,2024-02,24756.67,0.24509,644.0,17182.93,1,Self employed,Group A,0
2611,2024-02,50146.56,0.02151,690.0,21045.89,2,Salaried,Group A,0
2624,2024-02,126334.21,0.5945,582.0,22365.41,0,Salaried,Group B,1
2631,2024-02,42470.4,0.10641,695.0,44808.24,0,Salaried,Group A,0
2665,2024-02,58151.65,0.16843,760.0,6852.57,0,Salaried,Group B,0
2670,2024-02,48767.32,0.12196,721.0,7446.83,0,Salaried,Group B,1
2750,2024-02,64365.55,0.23604,653.0,10123.09,1,Contract,Group B,1
2788,2024-02,21305.4,0.20866,745.0,13783.38,2,Self employed,Group B,0
2925,2024-02,33940.86,0.39774,696.0,24431.07,0,Salaried,Group B,0
2943,2024-02,81742.36,0.51972,704.0,12708.54,0,Salaried,Group A,0
2948,2024-02,27071.19,0.37361,721.0,50583.93,0,Salaried,Group A,0
2964,2024-02,88355.43,0.22209,660.0,14469.08,0,Self employed,Group B,1
2966,2024-02,38105.66,0.49981,661.0,31579.31,0,Contract,Group A,1
3092,2024-02,58684.41,0.36087,712.0,18483.12,0,Contract,Group B,0
3220,2024-02,36092.09,0.03735,713.0,28883.84,0,Self employed,Group B,0
3252,2024-02,58360.04,0.74942,681.0,12253.27,0,Salaried,Group B,1
3264,2024-02,20419.25,0.0696,777.0,17251.86,0,Salaried,Group B,0
3312,2024-02,28632.22,0.10477,630.0,32145.73,0,Salaried,Group B,0
3324,2024-02,54596.44,0.48782,694.0,12778.66,0,Self employed,Group B,0
3325,2024-02,22694.67,0.20949,697.0,22109.9,0,Salaried,Group A,0
3388,2024-02,37657.73,0.17076,721.0,26149.64,1,Salaried,Group A,0
3423,2024-02,49946.97,0.08577,714.0,5061.37,1,Salaried,Group A,0
3448,2024-02,30104.52,0.1743,694.0,22024.98,0,Salaried,Group B,0
3451,2024-02,33426.24,0.12856,673.0,16141.7,0,Self employed,Group B,0
3465,2024-02,28187.53,0.45001,688.0,27048.02,0,Salaried,Group B,1
3492,2024-02,89640.32,0.04329,699.0,20704.26,0,Salaried,Group A,0
3498,2024-02,,0.29939,843.0,14649.45,0,Salaried,Group B,0
3513,2024-02,53876.33,0.08033,637.0,14694.99,1,Salaried,Group B,0
3583,2024-02,71508.21,0.40513,537.0,17705.29,0,Salaried,Group A,1
3663,2024-02,75704.65,0.03935,655.0,19818.84,0,Salaried,Group A,0
3667,2024-02,112281.24,0.1665,646.0,8768.39,1,Salaried,Group B,0
3683,2024-02,61664.48,0.26011,755.0,7140.81,0,Salaried,Group B,0
3705,2024-02,130611.39,0.3011,588.0,13052.88,0,Salaried,Group A,0
3715,2024-02,83185.66,0.15167,782.0,22076.06,0,Salaried,Group A,0
3729,2024-02,35475.33,0.57346,541.0,44696.83,0,Salaried,Group B,1
3731,2024-02,51631.31,0.4829,644.0,24486.36,1,Self employed,Group B,1
3803,2024-02,91147.11,0.71467,627.0,6565.96,1,Salaried,Group B,0
3809,2024-02,28055.37,0.27654,726.0,14756.1,1,Self employed,Group A,1
3872,2024-02,53047.7,0.31568,757.0,12173.41,0,Self employed,Group A,0
3878,2024-02,86279.64,0.2351,558.0,16679.78,1,Contract,Group A,1
3879,2024-02,35582.35,0.22459,778.0,22162.22,1,Self employed,Group A,0
3922,2024-02,62400.51,0.31288,580.0,11697.41,0,Contract,Group B,1
3927,2024-02,62896.38,0.43839,573.0,21432.32,0,Contract,Group B,0
4008,2024-02,22459.18,0.18364,714.0,20197.15,0,Self employed,Group A,0
4012,2024-02,53307.23,0.45433,634.0,24778.33,0,Contract,Group B,1
4037,2024-02,36766.31,0.26703,768.0,21469.75,2,Salaried,Group A,0
4044,2024-02,62118.74,0.05005,710.0,27107.2,0,Self employed,Group A,0
4062,2024-02,138991.97,0.25313,606.0,9387.62,0,Self employed,Group B,1
4069,2024-02,36618.68,0.54811,661.0,18718.04,0,Contract,Group A,1
4080,2024-02,39314.5,0.15927,684.0,16316.51,0,Contract,Group A,0
4085,2024-02,96383.6,0.2237,722.0,6374.22,2,Self employed,Group A,0
4159,2024-02,106026.46,0.32704,736.0,25956.87,0,Salaried,Group A,0
4173,2024-02,163988.69,0.35623,668.0,42209.66,0,Self employed,Group B,0
4175,2024-02,74551.55,0.05842,686.0,63006.93,0,Salaried,Group B,0
4209,2024-02,96685.1,0.10583,641.0,5979.42,1,Salaried,Group B,0
4257,2024-02,43135.01,0.18517,665.0,28969.47,1,Contract,Group A,1
4280,2024-02,29365.87,0.31348,557.0,15698.17,0,Salaried,Group A,0
4290,2024-02,48018.27,0.37197,803.0,5568.16,0,Salaried,Group B,0
4301,2024-02,58219.66,0.06548,681.0,11736.56,0,Salaried,Group A,0
4314,2024-02,56495.78,0.25275,680.0,10823.97,0,Salaried,Group B,0
4368,2024-02,99852.1,0.68151,601.0,9168.74,0,Salaried,Group A,0
4389,2024-02,37477.49,0.24534,807.0,13367.9,2,Self employed,Group B,0
4394,2024-02,66479.21,0.37481,649.0,13411.43,0,Salaried,Group B,0
4473,2024-02,51338.95,0.2294,618.0,15776.91,0,Salaried,Group A,0
4489,2024-02,95217.05,0.16947,718.0,12938.18,0,Salaried,Group B,0
4490,2024-02,22135.66,0.1608,694.0,6837.57,0,Salaried,Group A,0
4514,2024-02,20861.62,0.08707,609.0,31844.09,1,Salaried,Group A,1
4587,2024-02,56445.92,0.26369,660.0,14733.87,0,Contract,Group A,1
4600,2024-02,78119.32,0.17075,783.0,21494.38,0,Self employed,Group A,0
4640,2024-02,34800.03,0.37361,515.0,7910.31,1,Salaried,Group B,0
4687,2024-02,61824.59,0.06435,696.0,30042.03,0,Salaried,Group B,0
4714,2024-02,97745.33,0.18735,690.0,9585.22,0,Salaried,Group A,0
4772,2024-02,50140.88,0.15755,769.0,4242.31,0,Salaried,Group B,0
4776,2024-02,116998.76,0.35724,587.0,15271.27,0,Self employed,Group A,1
4779,2024-02,142858.7,0.56348,761.0,56497.86,1,Contract,Group B,0
4802,2024-02,36853.16,0.26129,528.0,18679.01,0,Salaried,Group B,1
4849,2024-02,74046.53,0.08961,671.0,9929.81,0,Salaried,Group A,0
4886,2024-02,70889.89,0.08986,710.0,6373.83,0,Salaried,Group B,0
4891,2024-02,60654.8,0.1376,638.0,42725.54,0,Salaried,Group B,0
4927,2024-02,99268.14,0.09938,666.0,23682.02,0,Contract,Group A,1
4943,2024-02,54936.59,0.11262,759.0,8356.36,1,Salaried,Group B,0
4950,2024-02,31054.12,0.02273,757.0,27098.26,0,Contract,Group A,0
4966,2024-02,25085.85,0.40313,668.0,10699.68,0,Salaried,Group A,0
4978,2024-02,44276.68,0.02409,537.0,5032.27,0,Salaried,Group A,1
5007,2024-02,123274.64,0.56078,691.0,11515.54,0,Salaried,Group B,0
5036,2024-02,121654.29,0.26883,588.0,12877.28,0,Contract,Group B,1
5094,2024-02,71631.19,0.13676,665.0,15259.88,0,Salaried,Group B,0
5106,2024-02,32056.22,0.33884,711.0,17926.02,1,Salaried,Group B,0
5114,2024-02,121271.61,0.24357,656.0,7421.04,0,Salaried,Group A,0
5153,2024-02,,0.24623,722.0,5297.28,0,Contract,Group A,0
5167,2024-02,44181.31,0.47388,604.0,13832.7,0,Salaried,Group A,1
5189,2024-02,52653.89,0.19923,677.0,11648.13,0,Salaried,Group A,0
5215,2024-02,92045.39,0.49397,642.0,12044.12,0,Salaried,Group A,1
5245,2024-02,51167.46,0.13267,741.0,5385.73,0,Self employed,Group B,0
5382,2024-02,90266.36,0.36256,684.0,17729.18,0,Contract,Group A,0
5384,2024-02,26909.32,0.31805,680.0,19983.51,1,Salaried,Group B,0
5389,2024-02,62185.22,0.32945,683.0,19201.92,0,Contract,Group A,0
5406,2024-02,73105.11,0.19651,654.0,75000.0,0,Self employed,Group A,0
5409,2024-02,250000.0,0.48335,769.0,35317.5,0,Self employed,Group A,0
5428,2024-02,133547.27,0.37241,654.0,10087.18,1,Contract,Group B,0
5446,2024-02,28608.15,0.33882,696.0,13316.35,0,Salaried,Group A,0
5476,2024-02,87324.2,0.51696,641.0,5883.72,1,Salaried,Group B,0
5493,2024-02,60645.35,0.0814,784.0,17576.02,0,Contract,Group A,0
5501,2024-02,31099.26,0.64743,734.0,22558.89,0,Salaried,Group A,0
5514,2024-02,95089.32,0.43596,619.0,29617.28,0,Salaried,Group B,0
5548,2024-02,84419.71,0.30472,755.0,15670.47,0,Salaried,Group A,0
5551,2024-02,44931.35,0.43165,718.0,18875.21,1,Salaried,Group B,0
5587,2024-02,87709.34,0.19318,704.0,4819.34,0,Salaried,Group B,0
5604,2024-02,64537.29,0.0346,697.0,14578.55,0,Salaried,Group B,0
5683,2024-02,56476.22,0.09338,733.0,24028.63,0,Self employed,Group A,0
5691,2024-02,78235.9,0.1311,609.0,30754.39,1,Self employed,Group A,0
5703,2024-02,24472.45,0.19671,694.0,27980.49,0,Contract,Group B,0
5820,2024-02,26508.66,0.27752,557.0,20112.07,0,Salaried,Group A,0
5852,2024-02,74283.27,0.34786,615.0,33800.93,1,Salaried,Group A,1
5856,2024-02,54649.74,0.58917,681.0,17939.98,0,Salaried,Group B,0
5883,2024-02,61194.72,0.08959,609.0,15220.2,0,Self employed,Group A,0
5953,2024-02,100602.65,0.05545,659.0,19743.47,1,Salaried,Group B,0
5972,2024-02,28323.2,0.20827,648.0,30356.31,0,Salaried,Group B,0
5981,2024-02,38275.09,0.525,727.0,13990.74,0,Salaried,Group B,0
6012,2024-02,65078.17,0.15009,712.0,6621.23,0,Self employed,Group B,0
6018,2024-02,60268.7,0.40101,768.0,18027.91,0,Salaried,Group B,0
6030,2024-02,37128.97,0.15369,775.0,17414.87,0,Salaried,Group B,0
6053,2024-02,52707.89,0.51578,684.0,15909.06,0,Salaried,Group A,0
6094,2024-02,108921.71,0.27553,737.0,13345.48,0,Salaried,Group B,0
6098,2024-02,61288.63,0.31172,662.0,75000.0,0,Salaried,Group A,0
6102,2024-02,87763.86,0.16162,519.0,10593.1,0,Contract,Group B,0
6110,2024-02,15258.05,0.29459,710.0,19832.19,0,Salaried,Group B,0
6130,2024-02,45145.55,0.68036,716.0,18513.13,0,Self employed,Group A,1
6136,2024-02,63283.7,0.36378,632.0,7639.93,0,Salaried,Group B,0
6137,2024-02,41092.41,0.25319,674.0,18858.24,0,Self employed,Group B,0
6195,2024-02,51372.07,0.29957,639.0,18540.96,0,Self employed,Group B,0
6224,2024-02,43376.75,0.41544,647.0,14580.41,0,Self employed,Group A,1
6254,2024-02,46364.59,0.03245,689.0,11025.53,0,Salaried,Group A,0
6269,2024-02,50760.46,0.28891,623.0,9966.08,0,Salaried,Group A,0
6309,2024-02,39791.83,0.10613,797.0,23616.72,1,Contract,Group B,0
6321,2024-02,65075.93,0.0654,700.0,4450.07,1,Salaried,Group B,0
6343,2024-02,56209.56,0.04577,711.0,15053.54,0,Salaried,Group B,0
6354,2024-02,81465.87,0.32895,713.0,15265.49,0,Contract,Group B,0
6390,2024-02,49151.56,0.0396,606.0,9494.56,0,Salaried,Group A,0
6492,2024-02,49435.7,0.10807,781.0,14975.39,0,Salaried,Group A,0
6499,2024-02,96830.28,0.31289,560.0,21559.96,1,Salaried,Group A,0
6502,2024-02,185383.19,0.21682,669.0,30770.49,0,Salaried,Group B,0
6517,2024-02,91388.72,0.13519,715.0,16358.29,1,Contract,Group B,0
6545,2024-02,73550.88,0.38785,601.0,18218.92,1,Salaried,Group A,1
6578,2024-02,42378.33,0.47038,580.0,10329.05,0,Salaried,Group B,0
6591,2024-02,141376.46,0.78576,588.0,16179.07,0,Salaried,Group A,0
6593,2024-02,59936.46,0.31143,689.0,6167.64,0,Salaried,Group B,0
6628,2024-02,43045.73,0.35546,727.0,6803.45,1,Contract,Group A,0
6629,2024-02,128455.27,0.20189,731.0,13975.41,0,Salaried,Group B,0
6648,2024-02,46677.52,0.35286,681.0,37311.38,1,Self employed,Group A,0
6660,2024-02,108814.26,0.35832,647.0,15662.73,1,Salaried,Group A,1
6694,2024-02,62961.43,0.38774,608.0,15154.81,0,Salaried,Group B,0
6697,2024-02,25223.26,0.13572,702.0,11915.01,1,Self employed,Group B,1
6711,2024-02,46677.39,0.85057,770.0,12657.29,0,Contract,Group A,1
6746,2024-02,53484.76,0.35003,683.0,3186.79,0,Salaried,Group B,1
6805,2024-02,81653.18,0.5474,675.0,14449.65,0,Salaried,Group A,0
6825,2024-02,111567.53,0.32559,578.0,3416.55,0,Salaried,Group B,0
6836,2024-02,78374.69,0.57785,770.0,3762.44,0,Salaried,Group B,0
6847,2024-02,41264.36,0.37269,645.0,17451.05,1,Contract,Group B,1
6850,2024-02,44779.72,0.25973,664.0,9299.45,0,Self employed,Group A,0
6868,2024-02,64254.44,0.2826,699.0,6138.91,1,Salaried,Group B,0
6882,2024-02,24418.5,0.18048,652.0,38381.05,1,Contract,Group B,1
6888,2024-02,55444.6,0.11621,630.0,48587.1,1,Contract,Group A,0
6909,2024-02,54154.16,0.15974,495.0,6505.55,0,Salaried,Group A,1
6921,2024-02,29332.32,0.21981,660.0,24023.24,0,Salaried,Group A,0
6927,2024-02,59763.04,0.29151,697.0,11821.92,0,Salaried,Group A,0
6959,2024-02,80511.43,0.48627,593.0,15768.89,2,Salaried,Group A,0
6977,2024-02,42557.99,0.03093,575.0,13074.69,0,Self employed,Group A,0
6980,2024-02,27021.32,0.41859,762.0,3574.25,1,Salaried,Group B,0
7006,2024-02,36554.26,0.48162,706.0,18887.36,0,Salaried,Group B,0
7035,2024-02,45827.12,0.19814,588.0,7763.39,0,Salaried,Group A,0
7061,2024-02,47587.65,0.50394,754.0,6490.01,0,Salaried,Group A,0
7092,2024-02,75473.65,0.29032,732.0,19253.7,0,Salaried,Group B,0
7097,2024-02,102120.39,0.4038,686.0,8321.39,1,Salaried,Group B,1
7123,2024-02,55561.87,0.18419,705.0,18658.12,0,Salaried,Group A,0
7134,2024-02,30779.98,0.38297,723.0,8598.77,0,Salaried,Group A,0
7142,2024-02,41571.15,0.33758,733.0,42494.05,0,Salaried,Group A,0
7143,2024-02,37539.86,0.31531,645.0,2759.64,0,Self employed,Group B,1
7213,2024-02,32780.24,0.31791,593.0,12702.44,0,Self employed,Group A,0
7216,2024-02,86908.8,0.52088,639.0,9419.23,1,Salaried,Group B,1
7238,2024-02,31549.04,0.13801,626.0,4845.33,1,Salaried,Group B,0
7252,2024-02,43714.02,0.32815,665.0,11288.87,0,Salaried,Group B,1
7282,2024-02,65330.5,0.37382,670.0,26509.32,1,Salaried,Group A,1
7302,2024-02,23183.3,0.25392,769.0,35843.36,0,Salaried,Group A,0
7304,2024-02,72181.05,0.23016,818.0,13276.33,0,Salaried,Group B,0
7307,2024-02,43773.55,0.77245,631.0,7776.48,0,Self employed,Group A,0
7321,2024-02,75501.74,0.14512,644.0,20664.69,0,Self employed,Group A,0
7345,2024-02,56100.47,0.28373,688.0,25319.45,0,Salaried,Group B,0
7347,2024-02,185386.67,0.18913,651.0,3572.36,1,Self employed,Group B,0
7364,2024-02,51556.28,0.36867,472.0,22904.95,1,Salaried,Group B,1
7385,2024-02,66091.01,0.50268,766.0,49655.38,0,Self employed,Group B,0
7390,2024-02,23046.39,0.23672,751.0,20613.14,0,Salaried,Group B,0
7410,2024-02,56290.86,0.11657,618.0,9978.59,0,Self employed,Group B,1
7411,2024-02,31622.26,0.47495,760.0,18247.28,2,Contract,Group A,0
7449,2024-02,71390.0,0.22108,683.0,18350.17,0,Salaried,Group B,0
7462,2024-02,43700.29,0.1127,663.0,42618.4,1,Salaried,Group B,0
7465,2024-02,89782.44,0.42851,794.0,24894.98,0,Self employed,Group A,0
7487,2024-02,29075.83,0.00876,644.0,19096.02,0,Salaried,Group A,0
7494,2024-02,41336.1,0.4202,718.0,19856.97,1,Contract,Group A,0
7502,2024-02,29004.71,0.20512,674.0,12507.33,1,Salaried,Group B,0
7569,2024-02,36291.86,0.19984,733.0,2974.96,0,Self employed,Group A,0
7577,2024-02,129583.15,0.34005,604.0,17286.67,0,Salaried,Group A,1
7598,2024-02,28639.33,0.44149,669.0,41382.64,1,Salaried,Group B,0
7639,2024-02,31778.68,0.26354,641.0,32320.81,0,Contract,Group A,0
7657,2024-02,50853.99,0.04261,834.0,23649.82,0,Salaried,Group A,0
7665,2024-02,62156.11,0.40632,599.0,25282.02,0,Salaried,Group B,1
7680,2024-02,114585.38,0.32055,613.0,12077.14,0,Salaried,Group A,1
7705,2024-02,119498.93,0.40854,664.0,33341.52,0,Salaried,Group B,0
7713,2024-02,74145.72,0.39439,679.0,26640.61,3,Salaried,Group A,0
7738,2024-02,83741.85,0.21905,650.0,6285.74,0,Self employed,Group A,0
7763,2024-02,66104.93,0.20418,687.0,7075.69,0,Salaried,Group B,0
7776,2024-02,35199.94,0.08133,648.0,49339.67,0,Salaried,Group A,0
7799,2024-02,175943.53,0.24147,615.0,9963.91,1,Self employed,Group A,0
7819,2024-02,97729.09,0.16076,639.0,9093.47,1,Salaried,Group B,0
7855,2024-02,40183.87,0.40939,834.0,9220.47,0,Salaried,Group A,0
7906,2024-02,92403.06,0.18559,727.0,13514.41,0,Salaried,Group A,0
7908,2024-02,65321.97,0.13946,647.0,3131.51,1,Salaried,Group B,0
7956,2024-02,64115.75,0.10963,642.0,11556.99,0,Contract,Group B,0
7959,2024-02,110822.9,0.33916,627.0,17456.11,0,Salaried,Group B,0
8002,2024-02,62355.19,0.36306,665.0,42447.38,1,Salaried,Group A,0
8015,2024-02,15000.0,0.21228,731.0,22362.64,0,Salaried,Group A,0
8018,2024-02,27866.84,0.36577,670.0,7202.96,1,Contract,Group A,1
8033,2024-02,57292.22,0.47913,771.0,22854.46,0,Contract,Group A,0
8039,2024-02,79542.01,0.17123,736.0,26633.2,0,Self employed,Group A,0
8048,2024-02,96634.37,0.05413,691.0,7724.46,1,Salaried,Group A,0
8051,2024-02,86159.53,0.29297,661.0,11247.32,0,Salaried,Group A,1
8060,2024-02,74843.55,0.19548,714.0,18418.48,1,Salaried,Group B,0
8067,2024-02,69475.66,0.06029,706.0,15205.82,1,Salaried,Group A,0
8153,2024-02,45068.5,0.44327,634.0,32215.76,0,Self employed,Group A,0
8162,2024-02,112357.31,0.12439,695.0,11309.8,0,Salaried,Group A,1
8212,2024-02,36382.93,0.3453,652.0,17483.07,1,Self employed,Group B,0
8235,2024-02,66584.44,0.45344,596.0,27187.67,1,Contract,Group A,1
8244,2024-02,28546.47,0.17149,667.0,6979.18,0,Salaried,Group A,0
8322,2024-02,47660.01,0.34288,602.0,18044.42,0,Salaried,Group B,0
8367,2024-02,49781.74,0.41345,670.0,12738.56,1,Self employed,Group A,0
8384,2024-02,81750.08,0.09582,759.0,10247.06,1,Salaried,Group A,0
8399,2024-02,120110.46,0.23356,702.0,45939.5,3,Salaried,Group B,0
8429,2024-02,88964.87,0.49653,648.0,9647.87,0,Salaried,Group B,0
8434,2024-02,57534.16,0.26118,683.0,16674.31,0,Contract,Group B,0
8470,2024-02,96406.8,0.4006,746.0,21832.71,1,Salaried,Group B,0
8522,2024-02,56459.07,0.14583,641.0,23348.83,0,Salaried,Group B,0
8547,2024-02,16900.2,0.17045,646.0,16595.75,1,Salaried,Group A,1
8578,2024-02,72855.25,0.23316,569.0,13642.46,0,Salaried,Group B,1
8591,2024-02,101643.56,0.4062,678.0,23268.71,1,Salaried,Group B,1
8596,2024-02,54953.8,0.12973,621.0,16721.26,1,Self employed,Group B,0
8618,2024-02,34250.34,0.67213,690.0,35962.41,0,Salaried,Group B,0
8635,2024-02,85238.98,0.50127,551.0,31350.29,0,Self employed,Group B,1
8645,2024-02,46593.29,0.25356,624.0,13935.4,0,Contract,Group B,0
8654,2024-02,81535.71,0.40919,517.0,11383.84,0,Contract,Group A,1
8657,2024-02,50675.27,0.65303,618.0,22278.1,0,Salaried,Group A,0
8672,2024-02,29874.48,0.73836,696.0,5201.63,0,Self employed,Group A,1
8707,2024-02,62713.16,0.4165,689.0,10395.22,0,Salaried,Group B,1
8743,2024-02,,0.39026,657.0,46097.31,0,Self employed,Group A,0
8786,2024-02,32646.16,0.20376,566.0,12483.1,0,Salaried,Group B,0
8806,2024-02,75992.99,0.29539,731.0,22718.65,2,Contract,Group B,0
8940,2024-02,40619.96,0.40843,569.0,15231.26,0,Self employed,Group B,1
8993,2024-02,64905.04,0.26814,567.0,11382.32,0,Salaried,Group A,0
9025,2024-02,97424.62,0.24222,686.0,33920.15,0,Contract,Group A,0
9029,2024-02,,0.05234,724.0,38244.06,0,Salaried,Group A,0
9034,2024-02,72951.85,0.46849,603.0,12307.98,0,Salaried,Group B,0
9044,2024-02,52446.03,0.24352,714.0,6478.23,0,Self employed,Group A,0
9046,2024-02,46192.43,0.1025,672.0,3053.82,0,Salaried,Group A,0
9072,2024-02,56277.78,0.73164,655.0,11628.42,0,Salaried,Group A,0
9150,2024-02,41559.92,0.16636,674.0,6438.34,0,Contract,Group A,1
9192,2024-02,38176.55,0.07397,712.0,10502.26,0,Salaried,Group B,0
9211,2024-02,170349.97,0.04643,702.0,5721.28,0,Salaried,Group B,0
9213,2024-02,85491.8,0.23174,694.0,19790.51,0,Salaried,Group B,0
9249,2024-02,24706.26,0.14396,664.0,15254.01,0,Salaried,Group B,0
9271,2024-02,64430.75,0.08529,737.0,14626.86,0,Self employed,Group B,0
9293,2024-02,92065.67,0.15124,631.0,13042.86,0,Salaried,Group B,0
9294,2024-02,52609.16,0.27007,662.0,11318.29,0,Salaried,Group A,0
9341,2024-02,71636.15,0.15664,618.0,12294.43,1,Self employed,Group A,1
9342,2024-02,33897.89,0.33696,491.0,7214.07,0,Salaried,Group A,1
9344,2024-02,45155.8,0.31235,665.0,23950.81,0,Salaried,Group A,0
9374,2024-02,59869.76,0.15067,777.0,18738.96,0,Salaried,Group A,0
9384,2024-02,92498.59,0.32975,697.0,5456.11,0,Salaried,Group B,0
9436,2024-02,45125.52,0.2757,723.0,5022.2,0,Salaried,Group B,0
9437,2024-02,61250.56,0.20501,560.0,8354.07,0,Self employed,Group A,0
9443,2024-02,54793.97,0.42927,702.0,71932.06,0,Salaried,Group A,0
9446,2024-02,26781.57,0.04788,666.0,15320.39,0,Self employed,Group A,0
9448,2024-02,106381.18,0.20739,679.0,13550.27,1,Salaried,Group A,0
9500,2024-02,95246.92,0.36866,710.0,21099.75,0,Salaried,Group A,0
9543,2024-02,92626.79,0.47389,604.0,24039.16,0,Salaried,Group B,0
9548,2024-02,36977.46,0.09274,623.0,15457.35,0,Self employed,Group A,0
9557,2024-02,90953.11,0.10582,535.0,13591.14,0,Self employed,Group B,0
9567,2024-02,46893.95,0.53997,659.0,29010.6,0,Salaried,Group A,0
9572,2024-02,58290.35,0.27157,592.0,6515.03,0,Salaried,Group B,1
9598,2024-02,,0.15478,662.0,30913.08,1,Salaried,Group B,0
9706,2024-02,53782.93,0.18716,697.0,7130.71,0,Salaried,Group B,0
9720,2024-02,246848.86,0.34749,702.0,4974.97,0,Contract,Group B,0
9721,2024-02,48672.78,0.44326,696.0,27962.15,0,Salaried,Group B,0
9729,2024-02,37172.65,0.13742,593.0,23226.66,0,Self employed,Group B,1
9756,2024-02,38937.93,0.76231,764.0,6758.1,0,Self employed,Group B,0
9765,2024-02,81062.18,0.3846,766.0,6741.23,1,Self employed,Group A,0
9768,2024-02,,0.28635,606.0,5291.45,2,Contract,Group A,1
9771,2024-02,58273.41,0.35387,645.0,58130.94,0,Self employed,Group A,0
9774,2024-02,92467.57,0.43697,601.0,8753.0,0,Self employed,Group B,0
9788,2024-02,50323.16,0.20434,657.0,49107.01,1,Self employed,Group A,0
9806,2024-02,85000.85,0.49999,737.0,15428.02,0,Salaried,Group A,0
9847,2024-02,24851.88,0.27015,684.0,8815.56,0,Contract,Group A,1
9850,2024-02,137137.83,0.09829,631.0,15407.26,0,Contract,Group B,0
9890,2024-02,66294.14,0.31404,588.0,14499.52,0,Salaried,Group B,0
9903,2024-02,69397.28,0.26847,716.0,28699.72,1,Salaried,Group B,0
9911,2024-02,53326.47,0.11156,557.0,5219.81,0,Salaried,Group A,1
9912,2024-02,26717.12,0.14673,690.0,33221.21,0,Salaried,Group A,0
9914,2024-02,92324.81,0.54981,831.0,12832.5,0,Self employed,Group A,0
9922,2024-02,,0.31569,688.0,7467.81,1,Salaried,Group B,1
9962,2024-02,225996.01,0.13141,666.0,32276.25,0,Salaried,Group B,0
9972,2024-02,55066.79,0.51838,649.0,6828.69,0,Self employed,Group B,1
9985,2024-02,70002.37,0.42631,624.0,15572.26,1,Salaried,Group A,1
9993,2024-02,112201.42,0.08307,672.0,17350.54,0,Contract,Group B,0
9996,2024-02,35428.43,0.10087,613.0,17031.81,0,Salaried,Group A,0
35,2024-03,67405.98,0.377,671.0,15146.24,0,Contract,Group B,0
77,2024-03,70412.99,0.4597,781.0,21316.14,0,Contract,Group A,0
118,2024-03,41155.3,0.21817,706.0,15410.08,0,Contract,Group B,0
142,2024-03,50960.85,0.3101,695.0,9908.26,1,Salaried,Group B,1
164,2024-03,40085.07,0.64097,685.0,14887.55,0,Salaried,Group A,0
169,2024-03,99288.47,0.27692,725.0,30605.54,0,Self employed,Group A,0
178,2024-03,45341.47,0.4096,699.0,16964.19,0,Salaried,Group A,0
261,2024-03,111268.03,0.29188,720.0,11328.8,0,Salaried,Group A,0
313,2024-03,51535.93,0.46737,609.0,22415.85,0,Salaried,Group A,1
338,2024-03,33489.81,0.22336,634.0,13964.65,2,Salaried,Group B,1
355,2024-03,52938.44,0.20427,595.0,6688.17,0,Salaried,Group B,0
360,2024-03,45162.43,0.23975,665.0,9061.33,0,Salaried,Group B,0
361,2024-03,60350.38,0.15131,654.0,25516.89,0,Self employed,Group B,0
362,2024-03,44020.25,0.47746,620.0,6717.35,0,Contract,Group A,0
367,2024-03,105809.45,0.09339,616.0,13586.67,1,Salaried,Group A,1
398,2024-03,25571.19,0.13299,667.0,14360.52,0,Salaried,Group A,0
405,2024-03,32346.02,0.10996,613.0,26492.75,1,Salaried,Group A,0
421,2024-03,57820.16,0.15011,634.0,29488.36,0,Salaried,Group B,0
426,2024-03,29311.97,0.35585,737.0,16009.26,0,Salaried,Group B,0
459,2024-03,76357.5,0.24151,684.0,6464.47,1,Salaried,Group A,0
472,2024-03,54653.97,0.55097,676.0,5701.38,0,Self employed,Group A,0
486,2024-03,104085.43,0.11085,609.0,75000.0,0,Salaried,Group B,1
505,2024-03,58927.92,0.1031,598.0,28672.41,0,Salaried,Group A,0
561,2024-03,47484.95,0.34297,553.0,13395.08,0,Salaried,Group B,1
581,2024-03,71464.71,0.62111,692.0,14174.13,0,Contract,Group A,1
597,2024-03,94862.19,0.14792,662.0,11678.44,1,Salaried,Group A,0
609,2024-03,23172.9,0.57537,622.0,12149.46,0,Contract,Group A,1
620,2024-03,90789.71,0.14905,671.0,11115.8,0,Salaried,Group A,1
650,2024-03,60010.31,0.22886,602.0,12402.37,0,Contract,Group A,0
686,2024-03,35427.97,0.25149,590.0,9948.29,0,Self employed,Group A,0
697,2024-03,64102.72,0.4324,627.0,9455.45,0,Salaried,Group A,0
700,2024-03,95379.07,0.02059,729.0,6290.19,0,Self employed,Group A,0
706,2024-03,36795.79,0.39496,546.0,2056.97,1,Salaried,Group A,1
713,2024-03,64272.83,0.12906,621.0,14644.65,0,Salaried,Group A,1
714,2024-03,46456.14,0.05361,507.0,44576.27,0,Self employed,Group B,1
782,2024-03,31689.1,0.57843,752.0,14572.03,0,Salaried,Group A,0
792,2024-03,49158.32,0.38724,707.0,9155.27,0,Self employed,Group A,0
801,2024-03,30116.63,0.24128,678.0,41020.85,0,Salaried,Group B,0
819,2024-03,32955.46,0.56511,551.0,26248.51,0,Salaried,Group A,1
831,2024-03,35662.62,0.65961,638.0,10008.55,2,Salaried,Group A,1
871,2024-03,41652.17,0.52281,707.0,16385.37,1,Salaried,Group A,0
872,2024-03,50004.71,0.07858,570.0,16236.75,0,Salaried,Group A,0
898,2024-03,68529.05,0.10594,658.0,3833.93,0,Self employed,Group A,0
899,2024-03,141619.2,0.12703,662.0,28658.87,1,Contract,Group B,0
912,2024-03,59819.46,0.16405,678.0,15705.49,0,Salaried,Group B,0
976,2024-03,60369.68,0.04272,708.0,10440.82,0,Self employed,Group A,0
995,2024-03,50478.77,0.39591,613.0,6716.8,0,Salaried,Group A,0
1003,2024-03,59144.07,0.16811,646.0,11861.28,1,Salaried,Group A,0
1113,2024-03,31613.12,0.13849,643.0,8560.83,0,Salaried,Group A,0
1154,2024-03,35114.15,0.26738,745.0,7889.02,0,Salaried,Group A,0
1177,2024-03,70181.54,0.70006,748.0,4050.37,0,Salaried,Group B,0
1192,2024-03,80278.01,0.4446,561.0,9327.67,1,Salaried,Group B,0
1207,2024-03,94283.19,0.36446,628.0,28210.78,0,Self employed,Group B,1
1226,2024-03,131799.5,0.3545,745.0,19309.44,0,Self employed,Group B,0
1230,2024-03,88364.06,0.18469,705.0,10722.68,0,Salaried,Group B,0
1300,2024-03,34814.83,0.21125,787.0,21145.31,0,Salaried,Group B,0
1331,2024-03,121856.7,0.41098,628.0,17385.19,1,Salaried,Group B,0
1350,2024-03,55773.06,0.51813,653.0,12422.26,0,Salaried,Group A,0
1353,2024-03,69718.89,0.1179,672.0,20386.32,0,Salaried,Group A,0
1354,2024-03,60749.1,0.1705,702.0,15460.88,0,Salaried,Group B,0
1400,2024-03,43112.6,0.51943,783.0,11797.51,0,Salaried,Group B,0
1427,2024-03,100464.24,0.05345,654.0,23509.76,0,Salaried,Group B,0
1471,2024-03,65708.72,0.22396,612.0,15149.39,1,Salaried,Group B,0
1483,2024-03,109242.66,0.26601,660.0,26038.34,0,Salaried,Group A,0
1487,2024-03,28266.83,0.48772,737.0,31038.52,0,Salaried,Group B,1
1497,2024-03,89944.24,0.04765,633.0,15536.42,1,Salaried,Group A,0
1510,2024-03,33276.85,0.27492,618.0,7378.47,0,Salaried,Group A,0
1513,2024-03,62894.92,0.03794,739.0,11744.23,0,Contract,Group B,1
1554,2024-03,86922.75,0.18873,652.0,9663.1,1,Self employed,Group A,0
1581,2024-03,44817.59,0.13474,695.0,21073.33,0,Salaried,Group A,0
1592,2024-03,51573.4,0.47012,718.0,11054.62,1,Salaried,Group A,0
1595,2024-03,60288.35,0.31695,583.0,19057.24,1,Salaried,Group A,0
1596,2024-03,58843.73,0.27775,649.0,48459.51,2,Salaried,Group B,0
1605,2024-03,59535.03,0.83843,581.0,8399.16,0,Contract,Group A,1
1625,2024-03,95221.88,0.12814,657.0,24390.44,0,Salaried,Group B,0
1642,2024-03,61678.76,0.56363,546.0,17613.68,1,Salaried,Group B,1
1659,2024-03,21670.16,0.09078,774.0,11521.87,0,Self employed,Group B,0
1663,2024-03,35116.86,0.08947,639.0,7153.95,0,Salaried,Group A,0
1699,2024-03,59040.37,0.75066,561.0,7803.39,0,Contract,Group B,1
1750,2024-03,46145.44,0.27641,796.0,19117.11,0,Contract,Group A,0
1833,2024-03,53962.99,0.08513,627.0,9927.63,1,Salaried,Group B,0
1841,2024-03,16228.2,0.41641,732.0,7733.56,0,Salaried,Group B,0
1857,2024-03,48500.04,0.30965,585.0,14740.94,0,Salaried,Group A,0
1874,2024-03,92741.47,0.31359,615.0,21570.37,0,Self employed,Group B,0
1880,2024-03,31559.98,0.19759,594.0,7620.25,0,Salaried,Group A,0
1884,2024-03,55238.15,0.07973,544.0,19762.15,0,Self employed,Group B,1
1896,2024-03,68044.1,0.31207,703.0,75000.0,0,Salaried,Group A,0
1926,2024-03,46124.44,0.50108,698.0,5547.77,0,Salaried,Group A,0
1928,2024-03,47642.59,0.30523,752.0,4648.76,0,Contract,Group A,0
1938,2024-03,42265.27,0.01907,660.0,20807.07,0,Salaried,Group B,0
1962,2024-03,51955.46,0.22297,678.0,56674.17,0,Salaried,Group A,0
1979,2024-03,,0.51309,615.0,13203.09,0,Salaried,Group B,1
1984,2024-03,71434.65,0.55513,639.0,5307.78,1,Salaried,Group B,1
1992,2024-03,47555.05,0.10838,720.0,14819.03,0,Salaried,Group A,0
2020,2024-03,140172.0,0.10158,746.0,10425.35,0,Self employed,Group B,0
2055,2024-03,,0.47259,601.0,14502.32,0,Salaried,Group B,1
2073,2024-03,43525.74,0.61222,615.0,16437.97,0,Salaried,Group B,1
2105,2024-03,36009.97,0.14782,632.0,32056.05,0,Salaried,Group B,0
2114,2024-03,48739.34,0.4535,629.0,6208.15,0,Contract,Group B,0
2117,2024-03,24335.82,0.60022,660.0,8244.75,0,Salaried,Group B,0
2120,2024-03,42541.56,0.34662,765.0,23760.66,1,Salaried,Group A,0
2173,2024-03,58692.75,0.29892,723.0,30218.28,1,Self employed,Group A,0
2179,2024-03,149206.61,0.14517,676.0,13545.84,0,Salaried,Group B,0
2189,2024-03,46331.88,0.16158,670.0,11128.54,2,Salaried,Group A,0
2209,2024-03,38251.75,0.14291,673.0,9105.85,0,Salaried,Group A,0
2211,2024-03,63540.19,0.31896,650.0,6722.28,0,Self employed,Group A,1
2218,2024-03,63872.84,0.59921,611.0,15891.69,0,Salaried,Group A,0
2286,2024-03,47950.22,0.41768,701.0,12095.71,0,Salaried,Group B,0
2346,2024-03,28167.46,0.21376,739.0,5754.73,1,Salaried,Group B,0
2352,2024-03,131847.13,0.31258,718.0,9761.63,0,Salaried,Group A,0
2362,2024-03,78675.93,0.40121,662.0,29522.82,3,Self employed,Group A,1
2366,2024-03,48773.28,0.26334,671.0,17827.11,0,Self employed,Group B,0
2376,2024-03,43143.53,0.26792,657.0,36182.0,0,Self employed,Group B,1
2385,2024-03,38848.52,0.20706,635.0,30235.18,1,Salaried,Group A,0
2394,2024-03,36262.92,0.35365,737.0,16751.59,2,Contract,Group A,0
2408,2024-03,42057.32,0.04527,617.0,12027.16,0,Self employed,Group A,0
2444,2024-03,35901.06,0.34756,677.0,4142.09,0,Self employed,Group B,1
2498,2024-03,48477.48,0.58627,711.0,6828.83,0,Self employed,Group A,0
2525,2024-03,52161.33,0.50037,619.0,11474.85,0,Salaried,Group B,1
2528,2024-03,72723.68,0.53908,584.0,21773.21,0,Contract,Group B,1
2541,2024-03,29791.22,0.03125,720.0,10866.63,0,Self employed,Group B,0
2547,2024-03,16914.58,0.05603,698.0,26147.53,0,Salaried,Group B,0
2565,2024-03,86226.95,0.15219,696.0,4491.51,0,Salaried,Group B,0
2637,2024-03,36527.78,0.2903,685.0,11339.62,1,Salaried,Group A,0
2660,2024-03,37929.22,0.35222,599.0,7205.71,1,Salaried,Group A,1
2685,2024-03,45639.85,0.30623,652.0,19115.46,0,Salaried,Group B,0
2726,2024-03,63225.02,0.47939,693.0,8557.42,1,Salaried,Group A,1
2744,2024-03,39234.24,0.35551,663.0,5257.09,0,Salaried,Group A,0
2780,2024-03,36605.41,0.32951,606.0,14345.16,0,Salaried,Group A,0
2784,2024-03,111486.31,0.2407,671.0,29888.92,0,Salaried,Group A,0
2821,2024-03,62010.97,0.37002,686.0,6036.06,0,Salaried,Group A,0
2825,2024-03,73194.97,0.14821,707.0,21875.19,0,Self employed,Group B,0
2846,2024-03,70805.16,0.51402,728.0,15277.3,1,Salaried,Group B,1
2872,2024-03,61873.82,0.15991,702.0,4298.09,0,Self employed,Group A,0
2885,2024-03,55295.43,0.07271,669.0,67090.38,0,Salaried,Group A,0
2898,2024-03,,0.09113,560.0,15457.38,0,Self employed,Group B,0
2910,2024-03,35264.35,0.30171,748.0,27434.25,0,Salaried,Group A,0
2922,2024-03,22379.18,0.26205,723.0,11212.04,0,Contract,Group A,0
2957,2024-03,64427.26,0.10754,661.0,26831.99,0,Contract,Group B,1
2978,2024-03,48172.25,0.67259,621.0,15788.55,1,Salaried,Group B,1
3057,2024-03,54147.43,0.16236,709.0,7947.1,0,Self employed,Group A,0
3099,2024-03,85463.79,0.44482,673.0,14997.41,0,Salaried,Group B,0
3113,2024-03,51666.07,0.28364,750.0,27514.06,0,Self employed,Group B,0
3121,2024-03,67768.24,0.29753,717.0,20014.29,0,Self employed,Group A,0
3216,2024-03,46131.56,0.38107,624.0,21883.81,0,Salaried,Group A,0
3275,2024-03,99866.71,0.28517,681.0,21363.33,0,Contract,Group B,0
3283,2024-03,49925.86,0.07461,718.0,5370.76,0,Self employed,Group B,0
3295,2024-03,74437.63,0.34597,696.0,6707.82,0,Salaried,Group B,0
3321,2024-03,56600.89,0.25346,689.0,32038.27,1,Contract,Group A,0
3354,2024-03,69026.15,0.23092,673.0,7407.66,1,Salaried,Group B,0
3369,2024-03,97610.52,0.24317,596.0,11329.3,0,Salaried,Group B,0
3411,2024-03,42659.73,0.73983,664.0,20284.03,1,Self employed,Group B,1
3414,2024-03,27618.6,0.38981,571.0,9297.6,0,Contract,Group B,1
3439,2024-03,70751.65,0.09101,688.0,6945.35,0,Salaried,Group A,0
3499,2024-03,44266.02,0.5405,720.0,17967.86,0,Self employed,Group B,1
3510,2024-03,75480.81,0.49529,588.0,46951.6,0,Salaried,Group B,1
3545,2024-03,35832.44,0.23029,674.0,51075.09,0,Salaried,Group A,0
3553,2024-03,58750.68,0.50726,647.0,13921.86,2,Salaried,Group A,1
3559,2024-03,50805.23,0.24367,671.0,18880.26,0,Salaried,Group A,0
3564,2024-03,52612.77,0.3048,685.0,9771.88,1,Salaried,Group A,1
3572,2024-03,,0.38808,666.0,8701.8,0,Salaried,Group A,0
3589,2024-03,50119.6,0.24863,670.0,8441.2,0,Self employed,Group A,0
3616,2024-03,53294.02,0.23997,622.0,10962.97,0,Self employed,Group B,1
3627,2024-03,109585.58,0.38861,648.0,5002.16,0,Self employed,Group A,1
3647,2024-03,74316.79,0.22939,746.0,16580.31,0,Contract,Group A,0
3650,2024-03,86261.55,0.14236,615.0,5257.99,0,Self employed,Group B,0
3652,2024-03,121824.51,0.2974,636.0,9168.22,1,Self employed,Group B,0
3706,2024-03,56861.77,0.11405,708.0,29041.69,1,Contract,Group A,0
3717,2024-03,63320.78,0.4693,664.0,18605.15,0,Salaried,Group B,0
3721,2024-03,27277.95,0.12996,710.0,14248.65,0,Self employed,Group A,0
3751,2024-03,32524.52,0.46188,611.0,9709.38,1,Salaried,Group B,0
3782,2024-03,24542.34,0.41374,637.0,13291.4,0,Salaried,Group A,0
3824,2024-03,47638.1,0.05695,751.0,22579.59,0,Salaried,Group A,0
3841,2024-03,62607.34,0.16065,750.0,6915.88,0,Salaried,Group A,0
3863,2024-03,72221.71,0.13767,685.0,11685.5,0,Contract,Group B,0
3874,2024-03,76500.95,0.02339,641.0,2761.78,0,Self employed,Group B,0
3924,2024-03,37400.51,0.45851,623.0,5398.23,2,Salaried,Group B,1
4004,2024-03,62849.92,0.52642,655.0,50658.92,1,Salaried,Group A,1
4068,2024-03,42301.71,0.06395,731.0,21162.94,2,Salaried,Group B,1
4077,2024-03,44724.63,0.31264,729.0,13410.13,0,Salaried,Group B,0
4116,2024-03,61112.59,0.36946,572.0,3003.89,2,Salaried,Group A,1
4264,2024-03,49981.64,0.20768,582.0,8114.49,0,Salaried,Group A,1
4274,2024-03,40973.17,0.53745,669.0,32839.31,1,Salaried,Group B,1
4278,2024-03,75922.4,0.23894,549.0,11377.59,1,Salaried,Group A,0
4285,2024-03,54654.87,0.4883,600.0,18712.56,0,Salaried,Group A,0
4313,2024-03,57602.26,0.42233,665.0,12338.68,1,Salaried,Group B,0
4342,2024-03,30741.67,0.05543,663.0,22378.83,0,Self employed,Group A,1
4382,2024-03,47592.46,0.07894,493.0,32016.68,0,Self employed,Group B,0
4444,2024-03,105064.86,0.26225,611.0,23910.76,0,Contract,Group A,0
4448,2024-03,41395.75,0.23734,636.0,10843.32,0,Self employed,Group A,0
4480,2024-03,63047.72,0.14237,649.0,15221.41,0,Self employed,Group A,0
4578,2024-03,43778.36,0.06799,746.0,14050.56,0,Salaried,Group B,0
4591,2024-03,52147.44,0.17803,756.0,5011.52,0,Salaried,Group B,0
4593,2024-03,41141.8,0.47853,650.0,18925.56,1,Salaried,Group A,0
4599,2024-03,143424.28,0.14704,650.0,24139.6,2,Salaried,Group A,1
4617,2024-03,51035.96,0.26406,724.0,16908.66,0,Salaried,Group B,0
4627,2024-03,23810.78,0.36467,678.0,31612.23,0,Salaried,Group B,0
4676,2024-03,76491.31,0.57489,806.0,11785.0,0,Contract,Group B,0
4740,2024-03,33717.87,0.32851,689.0,13754.06,0,Salaried,Group B,0
4766,2024-03,117534.22,0.39323,612.0,6469.79,0,Self employed,Group A,0
4773,2024-03,63847.16,0.32936,664.0,19325.19,0,Salaried,Group A,0
4878,2024-03,69995.48,0.59228,653.0,32539.96,0,Salaried,Group A,0
4905,2024-03,65780.43,0.35208,770.0,10987.4,1,Contract,Group B,0
4934,2024-03,70981.36,0.27246,594.0,12345.23,0,Salaried,Group B,0
4938,2024-03,50779.75,0.44849,657.0,14411.35,2,Contract,Group A,1
4984,2024-03,21681.34,0.0169,761.0,33320.8,1,Self employed,Group B,0
4992,2024-03,46641.33,0.29873,706.0,47938.13,0,Salaried,Group B,0
4996,2024-03,102628.97,0.1714,685.0,9326.15,0,Salaried,Group B,0
5076,2024-03,58833.89,0.29036,769.0,11919.67,0,Contract,Group A,1
5103,2024-03,34222.79,0.18845,585.0,8572.3,0,Salaried,Group B,0
5111,2024-03,53168.58,0.42281,592.0,18548.59,1,Salaried,Group A,1
5187,2024-03,36500.87,0.04041,593.0,18271.78,1,Self employed,Group A,1
5210,2024-03,84684.74,0.27501,563.0,28744.33,0,Self employed,Group B,1
5225,2024-03,64887.17,0.40187,644.0,29102.74,0,Salaried,Group B,0
5227,2024-03,83189.64,0.17639,787.0,10964.13,0,Salaried,Group B,0
5243,2024-03,79979.96,0.04335,762.0,14744.65,0,Salaried,Group B,0
5290,2024-03,54761.12,0.31196,666.0,30232.35,0,Self employed,Group B,0
5295,2024-03,29337.41,0.11322,632.0,14337.24,0,Salaried,Group B,0
5312,2024-03,76128.99,0.00192,683.0,17813.2,0,Self employed,Group B,1
5329,2024-03,43493.59,0.4148,599.0,11186.47,0,Salaried,Group A,0
5341,2024-03,106571.44,0.60033,577.0,32784.81,0,Salaried,Group A,0
5375,2024-03,32040.23,0.32927,640.0,8885.87,0,Contract,Group A,1
5393,2024-03,58283.1,0.3258,592.0,7831.55,1,Salaried,Group A,0
5401,2024-03,40587.17,0.18858,642.0,3417.27,0,Salaried,Group B,0
5408,2024-03,39032.41,0.27842,566.0,12228.83,0,Salaried,Group B,0
5433,2024-03,95315.99,0.19832,577.0,28557.45,0,Salaried,Group B,0
5469,2024-03,38702.6,0.06218,687.0,42510.72,1,Contract,Group A,0
5482,2024-03,22460.85,0.24921,665.0,18028.47,0,Salaried,Group A,0
5503,2024-03,49871.19,0.66302,736.0,8814.69,0,Contract,Group B,1
5516,2024-03,90834.86,0.08487,747.0,21346.43,1,Salaried,Group B,0
5535,2024-03,31047.86,0.08183,731.0,11767.41,0,Salaried,Group A,1
5537,2024-03,37699.94,0.42281,586.0,8033.43,0,Self employed,Group A,1
5538,2024-03,69868.26,0.05529,670.0,14443.21,0,Salaried,Group A,0
5569,2024-03,67330.16,0.25166,741.0,2757.97,0,Salaried,Group B,0
5641,2024-03,55935.34,0.14423,750.0,7272.85,1,Self employed,Group B,0
5644,2024-03,64052.83,0.26304,682.0,6077.39,0,Self employed,Group B,0
5658,2024-03,45719.31,0.12369,695.0,20952.79,1,Salaried,Group A,0
5723,2024-03,56906.38,0.65337,667.0,5541.82,0,Salaried,Group A,0
5724,2024-03,53194.32,0.07909,583.0,24886.39,1,Self employed,Group A,0
5735,2024-03,188448.3,0.11354,642.0,20835.52,2,Salaried,Group A,1
5739,2024-03,51622.51,0.22693,647.0,12515.9,0,Salaried,Group B,1
5763,2024-03,126684.34,0.48463,739.0,16096.4,0,Salaried,Group A,0
5816,2024-03,102395.38,0.53856,610.0,7689.3,0,Salaried,Group A,1
5831,2024-03,91904.8,0.29088,772.0,47032.08,0,Salaried,Group B,0
5847,2024-03,54394.74,0.50517,640.0,20193.14,1,Salaried,Group A,1
5875,2024-03,42447.23,0.11584,651.0,9225.86,0,Salaried,Group B,0
5896,2024-03,30586.5,0.67941,725.0,27423.08,0,Salaried,Group A,0
5914,2024-03,131818.92,0.31419,688.0,6516.17,0,Salaried,Group A,0
5915,2024-03,21178.03,0.16958,661.0,5470.17,0,Salaried,Group B,0
5967,2024-03,98448.06,0.06893,815.0,16184.34,0,Salaried,Group B,0
6043,2024-03,49743.53,0.33271,635.0,17149.93,0,Self employed,Group A,1
6088,2024-03,128471.13,0.21624,683.0,9296.69,0,Salaried,Group A,0
6150,2024-03,88389.07,0.171,693.0,30569.31,1,Salaried,Group B,0
6202,2024-03,70460.55,0.05346,618.0,6322.82,0,Salaried,Group A,0
6212,2024-03,73741.36,0.07272,694.0,22995.96,0,Salaried,Group B,0
6237,2024-03,111632.54,0.08802,593.0,29155.95,2,Self employed,Group B,1
6243,2024-03,61667.58,0.07095,742.0,25098.68,0,Self employed,Group A,0
6281,2024-03,30082.11,0.28087,759.0,4166.14,0,Self employed,Group B,0
6291,2024-03,173224.42,0.43585,679.0,24929.44,0,Salaried,Group A,1
6313,2024-03,31983.36,0.24369,651.0,36937.52,1,Salaried,Group A,1
6361,2024-03,65125.96,0.2016,749.0,9180.03,0,Salaried,Group A,0
6422,2024-03,63829.8,0.36658,727.0,28235.04,0,Contract,Group A,1
6428,2024-03,49377.19,0.50861,667.0,21529.29,0,Salaried,Group B,0
6448,2024-03,31544.71,0.041,708.0,20147.5,0,Salaried,Group A,0
6450,2024-03,52603.13,0.26989,780.0,19695.13,0,Self employed,Group A,0
6461,2024-03,36758.14,0.02299,785.0,40773.35,0,Contract,Group B,0
6574,2024-03,58613.62,0.10498,633.0,15509.62,0,Salaried,Group B,0
6596,2024-03,20170.06,0.20141,717.0,31006.43,1,Salaried,Group B,0
6620,2024-03,64937.34,0.25403,537.0,14026.81,0,Salaried,Group A,1
6624,2024-03,60090.11,0.20847,697.0,36754.82,0,Self employed,Group A,0
6631,2024-03,65888.1,0.29062,610.0,10826.94,0,Salaried,Group B,1
6638,2024-03,76253.84,0.27587,686.0,9760.09,3,Contract,Group A,1
6680,2024-03,25979.62,0.21407,712.0,22065.22,1,Salaried,Group B,1
6710,2024-03,54782.21,0.71102,685.0,15301.3,0,Salaried,Group A,1
6734,2024-03,67117.94,0.37525,677.0,7842.28,0,Self employed,Group A,0
6738,2024-03,119221.61,0.28059,715.0,15715.93,0,Salaried,Group B,0
6764,2024-03,57227.47,0.19111,602.0,30702.67,0,Self employed,Group A,0
6765,2024-03,36978.81,0.44186,599.0,7471.74,1,Salaried,Group A,1
6785,2024-03,232018.42,0.42046,642.0,12281.23,0,Contract,Group A,1
6801,2024-03,59899.3,0.18156,672.0,39978.27,0,Self employed,Group B,0
6802,2024-03,35780.61,0.16322,682.0,13139.68,0,Salaried,Group B,0
6808,2024-03,41099.37,0.38444,675.0,25289.73,1,Salaried,Group A,0
6854,2024-03,64334.53,0.0948,616.0,7714.19,0,Salaried,Group A,0
6859,2024-03,59565.19,0.16066,687.0,9127.22,0,Self employed,Group A,0
6877,2024-03,28784.56,0.7114,660.0,19410.6,0,Salaried,Group A,1
6896,2024-03,52346.6,0.21238,700.0,9910.81,0,Salaried,Group A,0
6924,2024-03,65982.78,0.1305,771.0,7545.51,1,Self employed,Group B,0
6962,2024-03,28228.35,0.14152,591.0,18626.64,0,Salaried,Group A,0
6986,2024-03,56214.02,0.35934,586.0,14869.56,0,Self employed,Group B,0
7038,2024-03,,0.30645,677.0,4743.22,0,Salaried,Group B,0
7050,2024-03,87194.51,0.34579,579.0,45563.65,0,Salaried,Group B,0
7074,2024-03,43135.63,0.35906,681.0,14608.71,0,Salaried,Group A,0
7118,2024-03,81508.59,0.46227,638.0,11493.75,0,Salaried,Group A,1
7129,2024-03,96743.2,0.12152,718.0,14372.83,1,Salaried,Group A,0
7196,2024-03,131473.58,0.24929,640.0,9523.99,0,Salaried,Group A,1
7231,2024-03,41622.55,0.37231,664.0,18424.22,0,Salaried,Group A,1
7259,2024-03,62972.16,0.27774,643.0,10209.41,0,Salaried,Group A,0
7262,2024-03,82448.67,0.25988,741.0,19258.14,0,Salaried,Group B,0
7289,2024-03,105232.55,0.21016,650.0,60534.55,0,Self employed,Group B,0
7294,2024-03,43114.86,0.29207,790.0,27033.21,0,Salaried,Group B,0
7300,2024-03,15000.0,0.23791,648.0,19493.18,0,Contract,Group B,0
7309,2024-03,52800.1,0.3229,577.0,31624.57,0,Self employed,Group B,1
7322,2024-03,128597.04,0.56183,568.0,12010.86,1,Salaried,Group B,0
7358,2024-03,27401.3,0.26479,633.0,33229.46,0,Salaried,Group A,1
7422,2024-03,35527.41,0.14943,684.0,18589.94,1,Self employed,Group B,0
7427,2024-03,50490.7,0.36869,658.0,26548.53,0,Salaried,Group A,0
7431,2024-03,54993.74,0.20552,733.0,7899.99,0,Contract,Group A,0
7434,2024-03,36475.74,0.40259,632.0,31311.59,0,Contract,Group A,1
7439,2024-03,63573.22,0.36219,560.0,42745.53,0,Salaried,Group B,0
7447,2024-03,68871.98,0.36614,630.0,15365.39,0,Salaried,Group A,0
7448,2024-03,80921.39,0.21492,750.0,75000.0,0,Self employed,Group B,0
7454,2024-03,126848.22,0.11203,683.0,5954.78,0,Salaried,Group A,0
7539,2024-03,53261.78,0.26109,628.0,5690.39,0,Self employed,Group A,0
7549,2024-03,31973.53,0.25517,671.0,19717.06,0,Self employed,Group B,0
7591,2024-03,111662.35,0.33359,553.0,17048.35,0,Salaried,Group B,1
7609,2024-03,38915.27,0.13507,836.0,23293.07,2,Salaried,Group A,1
7698,2024-03,68350.5,0.5012,782.0,24884.18,0,Contract,Group B,0
7737,2024-03,63484.43,0.4563,634.0,8890.87,0,Salaried,Group B,1
7748,2024-03,62569.07,0.34529,626.0,11824.78,0,Salaried,Group B,0
7768,2024-03,38290.85,0.15217,741.0,47604.42,0,Salaried,Group B,1
7803,2024-03,37702.42,0.34822,565.0,17841.32,0,Salaried,Group B,1
7817,2024-03,66708.43,0.22504,659.0,8124.71,0,Salaried,Group B,0
7839,2024-03,,0.45765,739.0,14841.35,0,Salaried,Group A,0
7869,2024-03,27306.56,0.4083,662.0,19631.87,0,Salaried,Group A,1
7915,2024-03,110035.37,0.16918,663.0,12726.6,1,Salaried,Group B,1
7921,2024-03,77739.91,0.34692,648.0,30733.09,0,Salaried,Group B,0
7933,2024-03,21166.85,0.21007,698.0,25675.84,1,Salaried,Group B,0
7936,2024-03,21103.39,0.07167,668.0,16340.72,0,Salaried,Group B,0
7938,2024-03,29392.73,0.06995,728.0,11673.06,0,Salaried,Group B,0
7941,2024-03,59465.94,0.41605,646.0,18189.51,0,Salaried,Group A,0
7968,2024-03,33803.01,0.2471,710.0,11523.31,0,Contract,Group A,0
7975,2024-03,52716.3,0.34722,798.0,5809.3,1,Self employed,Group A,0
7990,2024-03,47149.05,0.13316,673.0,9552.22,0,Salaried,Group A,0
8000,2024-03,41129.41,0.14379,710.0,5057.08,1,Salaried,Group A,0
8026,2024-03,37107.36,0.45252,743.0,10391.07,1,Contract,Group A,0
8102,2024-03,118601.68,0.21023,715.0,29361.74,0,Contract,Group B,0
8128,2024-03,48187.96,0.06961,717.0,5183.16,1,Salaried,Group B,0
8192,2024-03,33943.42,0.33475,596.0,6155.38,0,Salaried,Group B,0
8215,2024-03,23987.45,0.16946,682.0,18030.79,1,Salaried,Group B,0
8230,2024-03,59003.21,0.48886,629.0,25687.56,0,Contract,Group B,0
8233,2024-03,59669.84,0.34697,645.0,12358.74,0,Salaried,Group B,1
8291,2024-03,93697.33,0.19885,531.0,6591.35,0,Salaried,Group A,1
8365,2024-03,42083.38,0.29509,686.0,14443.97,0,Salaried,Group B,0
8370,2024-03,44750.26,0.36053,687.0,12635.53,0,Salaried,Group A,1
8371,2024-03,35622.38,0.29753,628.0,39712.17,0,Self employed,Group A,0
8410,2024-03,44159.58,0.08272,714.0,3877.06,0,Salaried,Group B,0
8425,2024-03,55047.38,0.31039,787.0,9807.68,0,Salaried,Group B,0
8551,2024-03,73126.46,0.09693,544.0,10363.64,0,Salaried,Group A,1
8564,2024-03,108419.63,0.41514,731.0,6676.64,0,Salaried,Group B,0
8573,2024-03,88723.35,0.22674,586.0,6643.99,0,Contract,Group B,0
8574,2024-03,38205.59,0.28058,719.0,8507.57,0,Contract,Group A,0
8583,2024-03,168841.73,0.40257,635.0,13411.57,0,Salaried,Group A,0
8609,2024-03,25798.46,0.31425,612.0,13556.72,1,Self employed,Group A,1
8633,2024-03,58250.42,0.10699,641.0,11588.87,1,Contract,Group A,1
8639,2024-03,80381.58,0.60935,548.0,33654.1,0,Self employed,Group B,1
8675,2024-03,122145.16,0.68882,620.0,7531.82,1,Self employed,Group B,0
8677,2024-03,20568.07,0.36704,680.0,14776.36,0,Contract,Group A,0
8711,2024-03,73318.13,0.45486,510.0,44238.23,0,Salaried,Group A,1
8728,2024-03,33955.48,0.17895,697.0,8187.31,0,Contract,Group B,0
8730,2024-03,46566.89,0.29754,597.0,21839.07,0,Self employed,Group A,1
8734,2024-03,59620.79,0.37244,717.0,13054.29,0,Salaried,Group B,0
8739,2024-03,40342.76,0.26332,614.0,20239.96,0,Contract,Group B,0
8789,2024-03,56811.54,0.23227,629.0,6669.55,0,Self employed,Group A,0
8802,2024-03,74456.52,0.31867,703.0,7811.14,1,Salaried,Group A,0
8812,2024-03,30717.39,0.32091,647.0,7980.02,0,Self employed,Group B,1
8890,2024-03,63277.23,0.42648,558.0,20452.55,1,Salaried,Group A,1
8901,2024-03,36881.69,0.27397,685.0,7667.92,0,Salaried,Group A,0
8903,2024-03,32370.56,0.22845,590.0,7259.27,0,Salaried,Group A,0
8921,2024-03,33307.04,0.34938,623.0,17575.26,0,Salaried,Group B,0
8935,2024-03,40173.51,0.48542,558.0,12257.97,0,Salaried,Group A,1
8962,2024-03,20376.83,0.19147,595.0,9540.63,0,Salaried,Group B,0
8969,2024-03,90488.89,0.54903,678.0,9644.04,0,Self employed,Group A,0
8978,2024-03,63941.06,0.22152,716.0,26583.2,0,Salaried,Group A,0
9019,2024-03,48758.66,0.61006,648.0,4908.06,0,Salaried,Group A,0
9027,2024-03,69393.86,0.09549,666.0,9328.97,0,Contract,Group A,1
9082,2024-03,31438.82,0.15705,631.0,4217.62,0,Salaried,Group A,0
9144,2024-03,55176.27,0.35991,672.0,10403.67,0,Contract,Group B,1
9177,2024-03,53883.54,0.17897,553.0,18504.38,0,Salaried,Group A,1
9203,2024-03,48134.86,0.18616,759.0,63311.71,0,Salaried,Group A,1
9250,2024-03,51863.64,0.27936,689.0,64388.46,0,Salaried,Group A,0
9298,2024-03,54496.14,0.31802,802.0,14769.87,0,Salaried,Group A,0
9299,2024-03,,0.37305,593.0,7504.28,0,Salaried,Group A,1
9310,2024-03,72860.59,0.14597,597.0,4298.96,0,Salaried,Group A,0
9363,2024-03,34053.25,0.23012,438.0,5341.07,1,Salaried,Group B,0
9388,2024-03,65352.41,0.30483,744.0,18373.12,0,Salaried,Group B,0
9400,2024-03,45688.87,0.12549,700.0,19353.42,1,Self employed,Group B,1
9408,2024-03,56254.57,0.43933,723.0,14161.53,0,Salaried,Group B,0
9414,2024-03,51422.02,0.12202,732.0,8486.03,1,Salaried,Group A,0
9470,2024-03,27337.75,0.35737,644.0,25298.08,0,Salaried,Group A,0
9477,2024-03,22921.54,0.11649,642.0,27009.65,0,Salaried,Group B,0
9488,2024-03,18279.64,0.21058,713.0,48451.15,0,Self employed,Group B,0
9497,2024-03,55668.13,0.24139,666.0,11760.94,0,Contract,Group A,0
9525,2024-03,15000.0,0.41207,601.0,12728.01,0,Salaried,Group B,1
9551,2024-03,50102.69,0.29311,612.0,9240.15,0,Salaried,Group A,1
9552,2024-03,128919.79,0.25863,705.0,14008.37,0,Salaried,Group B,0
9574,2024-03,65985.49,0.25486,581.0,18929.08,0,Salaried,Group B,0
9613,2024-03,83066.33,0.22931,707.0,32462.96,1,Salaried,Group A,0
9615,2024-03,91184.6,0.5218,621.0,6047.72,0,Contract,Group B,0
9625,2024-03,31575.51,0.19404,630.0,37497.98,1,Salaried,Group A,0
9628,2024-03,37086.77,0.13219,733.0,52677.74,0,Salaried,Group A,0
9655,2024-03,40255.99,0.63308,626.0,24989.98,0,Salaried,Group A,0
9661,2024-03,61410.86,0.14478,608.0,8495.41,0,Salaried,Group A,0
9709,2024-03,62624.7,0.28089,555.0,7573.58,0,Salaried,Group A,0
9726,2024-03,144186.68,0.24043,715.0,13953.18,0,Salaried,Group A,0
9748,2024-03,44654.27,0.40334,638.0,26418.44,0,Contract,Group B,0
9752,2024-03,40067.61,0.39406,687.0,12775.67,1,Salaried,Group B,0
9807,2024-03,19000.29,0.08543,606.0,16372.69,1,Contract,Group A,1
9822,2024-03,34163.16,0.47192,567.0,22123.22,1,Salaried,Group A,1
9828,2024-03,105356.95,0.49969,656.0,11081.93,1,Contract,Group A,0
9830,2024-03,70696.57,0.27829,524.0,35365.28,1,Salaried,Group A,0
9836,2024-03,35961.43,0.15946,745.0,21578.26,1,Self employed,Group B,0
9846,2024-03,58218.82,0.23435,771.0,4929.72,1,Salaried,Group A,0
9853,2024-03,74879.44,0.37712,698.0,10343.06,0,Salaried,Group B,0
9907,2024-03,48812.23,0.17335,662.0,43395.98,0,Self employed,Group A,0
63,2024-04,98305.59,0.30734,660.0,10534.71,1,Salaried,Group A,0
69,2024-04,47364.98,0.5306,612.0,9553.53,1,Salaried,Group B,0
100,2024-04,46075.61,0.20711,742.0,22946.15,1,Self employed,Group A,0
112,2024-04,93844.98,0.09262,630.0,40916.66,1,Salaried,Group B,0
146,2024-04,42357.25,0.2473,637.0,16131.57,0,Salaried,Group A,1
159,2024-04,43090.35,0.29036,666.0,15805.58,0,Salaried,Group B,0
181,2024-04,47316.21,0.18911,692.0,27902.81,0,Salaried,Group B,0
229,2024-04,96146.52,0.08058,662.0,17399.56,0,Salaried,Group A,0
243,2024-04,67173.42,0.095,688.0,29544.8,0,Contract,Group B,1
245,2024-04,38053.23,0.43273,567.0,11784.12,0,Salaried,Group B,0
255,2024-04,201478.02,0.26279,653.0,8156.92,3,Salaried,Group A,1
258,2024-04,53055.87,0.33325,687.0,17057.85,0,Salaried,Group A,0
276,2024-04,102440.39,0.29172,663.0,26724.99,0,Salaried,Group B,0
309,2024-04,21147.14,0.2565,699.0,17073.47,0,Salaried,Group A,0
322,2024-04,16963.79,0.27005,727.0,13410.81,0,Self employed,Group B,0
337,2024-04,45526.98,0.03109,654.0,11882.62,0,Salaried,Group A,0
390,2024-04,31348.48,0.16072,681.0,14952.2,0,Salaried,Group A,0
480,2024-04,36621.42,0.62006,637.0,15271.84,0,Contract,Group A,0
489,2024-04,64906.9,0.1715,606.0,32064.02,0,Contract,Group A,0
497,2024-04,,0.09553,802.0,23972.43,2,Contract,Group B,0
521,2024-04,59739.65,0.49162,699.0,14643.7,0,Self employed,Group A,0
605,2024-04,73406.85,0.24065,675.0,39847.87,1,Salaried,Group A,0
640,2024-04,30996.27,0.14741,579.0,43162.1,0,Salaried,Group A,1
643,2024-04,87021.49,0.36249,650.0,5648.38,0,Self employed,Group B,1
703,2024-04,94493.18,0.16725,630.0,26142.82,0,Salaried,Group B,1
753,2024-04,78413.11,0.14252,658.0,8702.61,0,Salaried,Group A,0
789,2024-04,44972.19,0.50285,771.0,23930.06,0,Self employed,Group A,0
794,2024-04,79790.78,0.03369,743.0,18303.05,0,Self employed,Group A,0
797,2024-04,39747.59,0.06235,789.0,19774.84,0,Salaried,Group B,0
810,2024-04,30986.8,0.22848,687.0,10312.03,0,Salaried,Group A,0
820,2024-04,210737.1,0.14464,654.0,10958.56,1,Self employed,Group B,0
825,2024-04,91796.82,0.3145,729.0,8773.85,1,Self employed,Group B,1
838,2024-04,63509.27,0.2967,795.0,7685.45,0,Self employed,Group A,0
851,2024-04,75000.77,0.28667,678.0,9918.93,0,Salaried,Group A,1
852,2024-04,46218.03,0.20374,684.0,10651.42,0,Salaried,Group A,0
858,2024-04,27315.32,0.60886,543.0,24555.78,1,Self employed,Group A,1
903,2024-04,63621.61,0.36223,816.0,21118.26,1,Salaried,Group A,0
931,2024-04,93859.2,0.45402,650.0,9115.51,0,Self employed,Group A,0
941,2024-04,121583.28,0.19955,737.0,11462.47,0,Salaried,Group A,0
947,2024-04,83932.14,0.61019,664.0,10971.18,0,Salaried,Group A,0
977,2024-04,78626.88,0.24676,741.0,14930.44,2,Self employed,Group A,0
992,2024-04,67017.18,0.42993,737.0,6983.14,0,Salaried,Group A,1
1031,2024-04,46156.05,0.15968,679.0,7275.7,0,Salaried,Group A,0
1043,2024-04,55649.68,0.21092,708.0,13356.7,0,Salaried,Group A,0
1067,2024-04,53021.25,0.1861,681.0,30844.7,0,Salaried,Group B,0
1071,2024-04,49384.54,0.28357,661.0,20988.37,0,Self employed,Group A,0
1076,2024-04,66625.77,0.41282,591.0,10388.63,1,Self employed,Group A,0
1092,2024-04,158354.61,0.231,543.0,33386.99,1,Self employed,Group B,0
1111,2024-04,64594.14,0.28098,649.0,21815.31,1,Contract,Group B,0
1127,2024-04,56897.72,0.16223,834.0,19494.71,2,Salaried,Group A,0
1139,2024-04,51835.31,0.73209,602.0,13025.6,0,Salaried,Group B,0
1145,2024-04,49320.96,0.27519,722.0,15665.31,0,Salaried,Group A,0
1180,2024-04,118200.37,0.15039,530.0,29251.82,0,Self employed,Group A,0
1202,2024-04,34873.77,0.1016,766.0,7074.14,0,Self employed,Group A,0
1210,2024-04,64274.0,0.4469,758.0,44082.88,0,Salaried,Group A,0
1212,2024-04,39059.98,0.25528,750.0,10590.18,1,Salaried,Group A,0
1263,2024-04,40399.36,0.24552,716.0,15037.13,0,Salaried,Group B,1
1268,2024-04,56187.19,0.17616,652.0,6941.56,0,Salaried,Group B,0
1275,2024-04,39852.71,0.11487,583.0,14162.86,0,Contract,Group A,0
1288,2024-04,26676.86,0.4009,732.0,52065.98,0,Self employed,Group A,0
1289,2024-04,40938.19,0.2876,713.0,27516.34,0,Salaried,Group A,0
1332,2024-04,28147.89,0.26678,689.0,19356.45,0,Salaried,Group A,0
1399,2024-04,109216.51,0.37361,572.0,25186.22,0,Salaried,Group A,1
1419,2024-04,34966.49,0.22646,572.0,15373.82,1,Self employed,Group A,1
1443,2024-04,40063.19,0.19262,635.0,15141.69,0,Salaried,Group A,0
1455,2024-04,51356.12,0.13447,666.0,9732.15,1,Salaried,Group B,0
1458,2024-04,53844.59,0.26257,788.0,8490.42,0,Self employed,Group B,0
1461,2024-04,51223.39,0.62227,690.0,19428.1,0,Salaried,Group B,0
1475,2024-04,39563.4,0.34315,829.0,9531.84,0,Contract,Group A,0
1491,2024-04,32347.93,0.2217,633.0,8757.47,1,Salaried,Group B,0
1523,2024-04,50516.74,0.47639,730.0,6703.4,1,Salaried,Group A,0
1609,2024-04,89631.53,0.29522,692.0,17595.8,1,Salaried,Group A,0
1610,2024-04,32170.68,0.14119,780.0,8379.93,0,Salaried,Group A,0
1618,2024-04,23447.2,0.3014,677.0,12574.08,0,Contract,Group B,0
1627,2024-04,65811.05,0.1501,678.0,7098.8,0,Salaried,Group A,0
1666,2024-04,51084.53,0.20152,734.0,24536.34,1,Salaried,Group A,0
1669,2024-04,100127.95,0.0939,705.0,10097.09,0,Salaried,Group A,0
1670,2024-04,44444.7,0.17385,717.0,8086.74,0,Salaried,Group B,0
1702,2024-04,147167.44,0.16423,709.0,12134.62,0,Salaried,Group A,0
1719,2024-04,35607.92,0.29401,672.0,9044.19,2,Salaried,Group A,1
1739,2024-04,89190.04,0.40286,708.0,11997.74,0,Contract,Group A,0
1757,2024-04,33955.11,0.06483,655.0,11610.08,1,Salaried,Group B,0
1759,2024-04,50603.59,0.56966,709.0,9207.92,0,Salaried,Group A,0
1760,2024-04,44711.55,0.02054,596.0,25019.52,0,Salaried,Group B,0
1764,2024-04,19874.01,0.03706,637.0,10795.03,1,Salaried,Group B,0
1786,2024-04,124914.09,0.28384,679.0,4555.98,2,Contract,Group A,1
1810,2024-04,102238.6,0.30393,646.0,28281.5,0,Self employed,Group A,1
1818,2024-04,44773.22,0.37705,645.0,23683.46,0,Salaried,Group A,0
1855,2024-04,49090.38,0.42852,664.0,52444.13,0,Self employed,Group A,1
1865,2024-04,31316.94,0.20996,739.0,18216.2,1,Salaried,Group A,1
1877,2024-04,52537.6,0.29262,647.0,13373.28,0,Salaried,Group A,0
1918,2024-04,63502.46,0.3699,721.0,15431.42,0,Salaried,Group A,0
1931,2024-04,53492.19,0.45916,678.0,17940.82,0,Salaried,Group A,0
1953,2024-04,72176.93,0.24804,741.0,34547.61,0,Salaried,Group B,0
2011,2024-04,21668.62,0.39508,648.0,48649.07,0,Salaried,Group B,0
2038,2024-04,30811.17,0.10284,657.0,25666.56,0,Salaried,Group A,1
2085,2024-04,36057.43,0.10031,686.0,9604.34,0,Salaried,Group A,0
2119,2024-04,98526.54,0.28718,732.0,20231.7,0,Self employed,Group B,0
2139,2024-04,89433.24,0.57967,581.0,14590.09,0,Self employed,Group B,1
2152,2024-04,31675.02,0.02305,681.0,14824.1,1,Self employed,Group B,0
2155,2024-04,54234.35,0.34298,695.0,19578.69,1,Contract,Group B,0
2227,2024-04,71571.02,0.31576,586.0,12822.67,0,Salaried,Group A,1
2232,2024-04,103598.24,0.48378,662.0,5948.08,0,Self employed,Group B,0
2240,2024-04,41554.34,0.24372,611.0,8201.43,0,Self employed,Group B,1
2254,2024-04,83605.93,0.03037,662.0,26783.23,0,Contract,Group A,0
2312,2024-04,43774.89,0.18061,775.0,9769.63,0,Salaried,Group B,0
2317,2024-04,73203.73,0.41487,700.0,9158.74,0,Self employed,Group B,0
2348,2024-04,29059.38,0.20179,655.0,6821.58,0,Self employed,Group B,0
2354,2024-04,38078.61,0.04812,692.0,16223.82,0,Salaried,Group A,0
2363,2024-04,46563.72,0.08871,712.0,5955.14,0,Salaried,Group A,0
2396,2024-04,38649.6,0.57659,679.0,24113.28,1,Self employed,Group B,1
2403,2024-04,82290.63,0.2228,720.0,28192.39,0,Contract,Group A,0
2434,2024-04,73749.95,0.1587,667.0,8841.58,1,Contract,Group A,0
2435,2024-04,65040.11,0.33455,713.0,7896.24,0,Salaried,Group A,0
2441,2024-04,54218.64,0.50957,641.0,19715.78,0,Salaried,Group A,0
2458,2024-04,26201.82,0.07476,674.0,7290.92,0,Salaried,Group B,0
2512,2024-04,32211.66,0.14032,695.0,9279.66,1,Salaried,Group B,0
2549,2024-04,26938.63,0.28564,644.0,15594.25,0,Self employed,Group B,0
2570,2024-04,67162.87,0.20868,603.0,46271.66,0,Contract,Group B,0
2606,2024-04,68001.06,0.57708,652.0,48086.39,2,Contract,Group A,1
2641,2024-04,120951.04,0.47389,714.0,11914.86,0,Salaried,Group A,0
2680,2024-04,71945.49,0.48107,773.0,10804.63,0,Salaried,Group A,0
2694,2024-04,27887.17,0.24252,760.0,12780.65,1,Salaried,Group B,0
2703,2024-04,125893.24,0.23425,614.0,52811.82,0,Salaried,Group A,0
2729,2024-04,41941.37,0.59392,720.0,36396.09,0,Salaried,Group A,0
2746,2024-04,27925.67,0.16722,694.0,16159.62,0,Salaried,Group A,0
2747,2024-04,28916.67,0.14273,750.0,6152.9,0,Salaried,Group A,0
2748,2024-04,85821.18,0.39538,647.0,25886.86,0,Self employed,Group B,0
2785,2024-04,62428.33,0.14888,687.0,6449.44,0,Salaried,Group B,0
2806,2024-04,40965.53,0.30132,677.0,3179.0,0,Salaried,Group B,0
2812,2024-04,84706.78,0.44682,539.0,28284.83,0,Salaried,Group B,0
2820,2024-04,83293.33,0.1916,509.0,3753.36,0,Self employed,Group A,0
2841,2024-04,63273.34,0.17717,712.0,24135.56,1,Contract,Group B,0
2845,2024-04,70498.25,0.50578,708.0,21832.71,0,Salaried,Group A,0
2851,2024-04,32529.24,0.10679,666.0,4591.64,1,Self employed,Group B,0
2866,2024-04,52319.02,0.05026,628.0,16736.63,1,Salaried,Group A,0
2918,2024-04,97749.52,0.34288,722.0,14098.39,0,Salaried,Group A,0
2919,2024-04,150154.06,0.3743,681.0,17960.86,0,Salaried,Group A,0
2929,2024-04,26510.54,0.32408,629.0,10788.44,1,Salaried,Group B,0
2947,2024-04,46613.52,0.33098,732.0,27817.69,0,Salaried,Group A,0
2951,2024-04,38857.37,0.3942,737.0,39107.28,0,Salaried,Group A,1
3006,2024-04,82829.19,0.332,618.0,28372.81,1,Salaried,Group B,0
3011,2024-04,83035.01,0.06308,536.0,5910.89,0,Salaried,Group A,0
3126,2024-04,68114.56,0.28222,647.0,28208.84,0,Salaried,Group B,0
3138,2024-04,69319.81,0.40986,762.0,11826.74,1,Salaried,Group A,0
3217,2024-04,47442.45,0.58772,583.0,38012.87,1,Contract,Group B,1
3230,2024-04,41016.58,0.25325,533.0,14800.13,2,Salaried,Group A,1
3262,2024-04,106877.33,0.13153,638.0,15689.92,0,Salaried,Group B,0
3297,2024-04,61045.95,0.09829,630.0,7260.53,0,Salaried,Group B,0
3328,2024-04,73948.65,0.4008,758.0,11592.85,0,Salaried,Group B,0
3344,2024-04,77713.94,0.43519,709.0,25120.05,0,Self employed,Group B,0
3352,2024-04,130218.91,0.14329,638.0,20010.08,1,Contract,Group B,0
3359,2024-04,75609.88,0.06185,660.0,21033.8,1,Self employed,Group A,1
3383,2024-04,48475.65,0.05332,701.0,34258.39,0,Contract,Group A,0
3428,2024-04,56336.47,0.3739,473.0,16979.65,0,Contract,Group A,0
3434,2024-04,128055.8,0.18531,607.0,11869.73,0,Salaried,Group A,0
3447,2024-04,25355.06,0.55346,714.0,13487.93,1,Salaried,Group B,0
3453,2024-04,68793.73,0.45516,560.0,8760.1,0,Salaried,Group A,1
3470,2024-04,45486.31,0.72817,689.0,5605.29,0,Salaried,Group A,0
3489,2024-04,49538.43,0.28358,720.0,6551.52,1,Salaried,Group A,0
3531,2024-04,75770.41,0.37858,641.0,8990.89,1,Salaried,Group B,0
3550,2024-04,33369.29,0.23834,671.0,14406.24,0,Salaried,Group A,1
3554,2024-04,45377.21,0.23368,834.0,26091.96,2,Salaried,Group A,0
3594,2024-04,141996.85,0.083,602.0,16990.93,0,Contract,Group A,0
3763,2024-04,84389.6,0.49474,596.0,12036.22,1,Salaried,Group B,0
3774,2024-04,58576.99,0.41846,672.0,14307.45,0,Self employed,Group B,0
3789,2024-04,57385.21,0.24179,729.0,7608.88,1,Salaried,Group B,0
3797,2024-04,36814.31,0.17461,719.0,13717.52,1,Salaried,Group B,0
3798,2024-04,57996.84,0.38085,696.0,10868.99,0,Salaried,Group B,0
3829,2024-04,42535.26,0.41779,789.0,7623.1,0,Self employed,Group A,1
3836,2024-04,22795.46,0.24509,735.0,24683.58,1,Salaried,Group B,0
3840,2024-04,91813.33,0.31558,669.0,12631.7,1,Salaried,Group A,0
3864,2024-04,198207.11,0.68924,646.0,4762.1,0,Self employed,Group A,1
3880,2024-04,72252.16,0.19672,580.0,4214.96,1,Self employed,Group A,0
3906,2024-04,41358.58,0.50742,699.0,29796.25,0,Contract,Group B,1
3925,2024-04,51071.36,0.14587,676.0,34719.71,0,Salaried,Group B,0
3986,2024-04,85153.39,0.06363,760.0,11113.03,0,Salaried,Group B,0
4048,2024-04,21854.83,0.18759,686.0,22313.45,0,Salaried,Group A,0
4061,2024-04,39205.85,0.19339,741.0,14609.15,0,Salaried,Group B,1
4084,2024-04,71405.42,0.54311,649.0,46568.57,0,Salaried,Group B,1
4108,2024-04,38816.51,0.07287,685.0,10642.26,0,Self employed,Group B,0
4110,2024-04,64001.26,0.50687,616.0,8203.43,0,Salaried,Group A,0
4122,2024-04,32193.8,0.1909,730.0,10616.12,0,Salaried,Group A,1
4124,2024-04,50723.05,0.28433,663.0,9996.82,0,Self employed,Group A,0
4154,2024-04,19503.03,0.22311,608.0,22690.89,1,Self employed,Group B,0
4169,2024-04,36946.71,0.26484,744.0,13906.22,1,Salaried,Group A,0
4206,2024-04,185764.65,0.12241,702.0,10830.75,0,Contract,Group B,0
4326,2024-04,99379.29,0.67692,620.0,8157.12,0,Salaried,Group A,0
4354,2024-04,77196.33,0.28308,676.0,19102.66,0,Salaried,Group B,0
4369,2024-04,26091.34,0.51317,774.0,29349.43,0,Self employed,Group A,0
4375,2024-04,57443.2,0.2302,719.0,12165.08,0,Salaried,Group B,0
4384,2024-04,54878.21,0.34241,626.0,6146.24,0,Self employed,Group B,1
4407,2024-04,77599.48,0.30273,692.0,16558.23,0,Self employed,Group B,1
4421,2024-04,97390.41,0.12403,691.0,11488.91,1,Salaried,Group A,0
4423,2024-04,44476.29,0.18402,628.0,11522.05,0,Contract,Group A,0
4434,2024-04,17036.77,0.28128,684.0,10374.2,1,Salaried,Group B,1
4545,2024-04,68842.06,0.22372,666.0,14277.05,0,Self employed,Group A,0
4552,2024-04,49378.92,0.1269,697.0,20072.31,0,Self employed,Group A,0
4588,2024-04,41189.32,0.17905,653.0,9613.73,0,Salaried,Group B,1
4590,2024-04,26600.78,0.42294,617.0,16444.0,0,Contract,Group A,1
4637,2024-04,79877.0,0.10202,573.0,28468.88,0,Salaried,Group B,0
4667,2024-04,46508.82,0.52054,645.0,11200.52,1,Salaried,Group B,0
4707,2024-04,105745.05,0.22694,701.0,25897.06,0,Salaried,Group B,0
4717,2024-04,69859.99,0.23989,713.0,7570.45,0,Salaried,Group A,0
4729,2024-04,63001.48,0.24209,657.0,16755.7,0,Salaried,Group A,0
4743,2024-04,21809.69,0.41764,707.0,7891.32,0,Salaried,Group A,1
4780,2024-04,22383.9,0.20995,696.0,9075.43,0,Salaried,Group A,0
4870,2024-04,37948.41,0.17588,850.0,11518.4,0,Salaried,Group A,0
4877,2024-04,15104.47,0.23502,610.0,50550.02,0,Salaried,Group A,1
4896,2024-04,85862.33,0.07023,726.0,15960.83,0,Salaried,Group B,0
4923,2024-04,74683.97,0.33012,723.0,15170.01,1,Salaried,Group B,0
4949,2024-04,33808.18,0.17055,721.0,12691.63,0,Salaried,Group B,0
4952,2024-04,48953.46,0.20537,610.0,10926.01,0,Salaried,Group B,1
4995,2024-04,31837.37,0.27511,716.0,12191.22,1,Salaried,Group B,0
5002,2024-04,77660.15,0.22062,586.0,6450.19,1,Self employed,Group B,0
5038,2024-04,63223.35,0.1662,669.0,75000.0,0,Salaried,Group A,0
5041,2024-04,48066.78,0.27862,681.0,11760.87,0,Salaried,Group A,0
5119,2024-04,54309.06,0.19447,605.0,11875.74,1,Salaried,Group B,0
5143,2024-04,51751.21,0.51137,577.0,8281.87,2,Contract,Group B,1
5198,2024-04,85417.54,0.48944,788.0,9739.45,0,Self employed,Group A,0
5216,2024-04,34253.56,0.14603,735.0,7864.13,0,Salaried,Group B,0
5266,2024-04,41574.55,0.30005,609.0,24620.35,0,Salaried,Group A,1
5269,2024-04,82903.45,0.39457,641.0,19206.5,0,Salaried,Group B,0
5277,2024-04,31104.82,0.06256,722.0,26001.62,0,Self employed,Group A,0
5308,2024-04,146611.18,0.06865,590.0,21759.22,0,Salaried,Group B,0
5317,2024-04,75204.45,0.13507,609.0,13957.93,0,Salaried,Group B,0
5355,2024-04,38181.22,0.39656,728.0,17363.64,1,Salaried,Group B,1
5396,2024-04,112895.0,0.11058,763.0,8744.96,0,Salaried,Group A,0
5418,2024-04,31701.87,0.18888,818.0,7452.69,0,Salaried,Group B,0
5451,2024-04,,0.11079,692.0,13514.75,2,Salaried,Group B,1
5454,2024-04,66084.43,0.47261,622.0,27039.87,0,Self employed,Group B,0
5491,2024-04,163850.27,0.18934,596.0,27950.48,1,Salaried,Group A,0
5522,2024-04,16457.13,0.28831,726.0,25618.51,0,Salaried,Group A,0
5578,2024-04,28452.7,0.33794,599.0,8815.92,1,Self employed,Group A,1
5629,2024-04,24851.95,0.37157,573.0,7566.38,0,Self employed,Group A,0
5654,2024-04,80172.82,0.2809,722.0,9227.95,1,Salaried,Group B,0
5682,2024-04,33252.55,0.14169,722.0,30043.47,0,Salaried,Group B,0
5705,2024-04,60603.49,0.35075,684.0,15297.3,0,Salaried,Group A,0
5720,2024-04,24784.11,0.36209,659.0,32524.24,0,Salaried,Group A,0
5788,2024-04,76490.22,0.14037,617.0,20118.23,0,Salaried,Group B,0
5814,2024-04,80893.73,0.21824,704.0,3826.62,1,Salaried,Group A,0
5826,2024-04,29830.64,0.32226,641.0,6524.68,0,Salaried,Group B,0
5858,2024-04,64327.75,0.49694,633.0,21288.01,1,Salaried,Group B,1
5887,2024-04,65623.14,0.37704,576.0,10689.97,0,Salaried,Group A,1
5888,2024-04,53518.92,0.06854,580.0,4772.35,1,Contract,Group B,1
5895,2024-04,46718.04,0.22327,611.0,18207.77,0,Salaried,Group B,0
5921,2024-04,39248.04,0.06088,661.0,29843.25,1,Salaried,Group A,1
5925,2024-04,48616.22,0.22893,725.0,26464.13,0,Salaried,Group A,0
6015,2024-04,92922.79,0.19618,681.0,30672.95,2,Salaried,Group B,0
6027,2024-04,84128.34,0.03333,742.0,8626.88,0,Salaried,Group B,0
6031,2024-04,39333.36,0.5345,588.0,10452.99,0,Salaried,Group B,1
6054,2024-04,63972.92,0.39606,676.0,7289.02,0,Salaried,Group A,0
6056,2024-04,58674.22,0.28832,596.0,33667.81,1,Salaried,Group A,1
6079,2024-04,90067.97,0.34484,616.0,11825.79,0,Salaried,Group A,0
6105,2024-04,126963.17,0.56541,613.0,7676.75,0,Salaried,Group B,1
6156,2024-04,61695.57,0.3222,620.0,22277.87,0,Salaried,Group A,0
6198,2024-04,71946.75,0.47644,758.0,21545.78,1,Salaried,Group B,0
6227,2024-04,38795.54,0.24799,710.0,6706.1,0,Salaried,Group B,1
6264,2024-04,60476.3,0.735,625.0,11848.52,0,Salaried,Group B,1
6304,2024-04,65162.64,0.32172,627.0,13616.66,0,Contract,Group A,0
6353,2024-04,54748.81,0.10766,788.0,21619.97,0,Self employed,Group A,0
6363,2024-04,75926.98,0.46573,663.0,75000.0,1,Self employed,Group B,1
6366,2024-04,38203.45,0.68854,690.0,24048.31,0,Contract,Group A,0
6371,2024-04,110852.41,0.00597,568.0,24164.67,0,Salaried,Group B,0
6372,2024-04,38447.71,0.16942,525.0,7161.93,0,Self employed,Group B,1
6377,2024-04,54455.33,0.35483,681.0,18165.25,1,Salaried,Group A,0
6383,2024-04,56678.68,0.13278,589.0,13143.54,0,Salaried,Group B,1
6431,2024-04,55738.44,0.28384,646.0,5964.26,1,Salaried,Group A,0
6445,2024-04,56609.71,0.20578,687.0,18004.19,0,Self employed,Group A,0
6476,2024-04,28288.1,0.17583,766.0,59252.49,1,Salaried,Group A,1
6497,2024-04,26980.57,0.2535,693.0,14489.43,0,Salaried,Group B,0
6501,2024-04,84987.74,0.08144,705.0,14618.17,0,Contract,Group A,0
6556,2024-04,39494.59,0.25913,779.0,12470.89,0,Salaried,Group A,0
6594,2024-04,41788.85,0.06798,640.0,31039.61,0,Salaried,Group B,0
6654,2024-04,52964.75,0.17147,710.0,17126.27,0,Self employed,Group A,0
6676,2024-04,18250.39,0.20368,735.0,20957.7,0,Contract,Group A,1
6751,2024-04,47337.46,0.4653,546.0,25013.42,0,Salaried,Group B,1
6761,2024-04,24996.98,0.41441,743.0,10803.8,0,Self employed,Group A,0
6791,2024-04,36433.09,0.17867,524.0,10491.52,0,Self employed,Group A,1
6807,2024-04,52585.77,0.22831,761.0,24681.23,0,Salaried,Group B,0
6815,2024-04,89770.3,0.37778,556.0,18685.17,0,Salaried,Group B,1
6830,2024-04,72905.97,0.22078,718.0,10659.55,0,Salaried,Group B,0
6842,2024-04,47676.47,0.32443,744.0,7391.53,0,Salaried,Group B,0
6890,2024-04,40939.81,0.18597,675.0,20980.87,0,Salaried,Group A,0
6916,2024-04,72572.85,0.49862,562.0,34650.81,0,Salaried,Group A,0
6976,2024-04,56053.2,0.43214,711.0,11407.81,0,Contract,Group B,0
7010,2024-04,47941.87,0.19523,796.0,14960.44,0,Salaried,Group A,1
7015,2024-04,74713.28,0.22287,697.0,31789.53,0,Salaried,Group B,0
7017,2024-04,56374.99,0.04263,736.0,10521.73,0,Salaried,Group B,1
7065,2024-04,95675.21,0.70822,718.0,11318.77,1,Contract,Group B,0
7077,2024-04,76886.08,0.28245,744.0,11651.19,0,Self employed,Group A,0
7095,2024-04,79431.55,0.191,562.0,23948.06,0,Self employed,Group B,1
7121,2024-04,,0.33901,713.0,10969.62,0,Contract,Group B,0
7166,2024-04,24211.1,0.27512,718.0,33579.47,0,Salaried,Group B,0
7168,2024-04,38709.66,0.21848,708.0,20517.04,0,Salaried,Group B,0
7170,2024-04,21959.0,0.66003,638.0,12221.16,0,Self employed,Group A,0
7200,2024-04,42597.5,0.21514,607.0,26983.13,0,Salaried,Group A,1
7201,2024-04,36605.17,0.35418,572.0,14017.9,1,Salaried,Group A,1
7326,2024-04,84494.94,0.18808,706.0,11957.23,0,Contract,Group B,1
7362,2024-04,41723.12,0.3775,715.0,29010.68,0,Salaried,Group A,1
7470,2024-04,68370.9,0.47597,603.0,12081.43,0,Self employed,Group B,1
7481,2024-04,74584.23,0.3677,622.0,15026.6,0,Self employed,Group A,1
7483,2024-04,20293.98,0.16766,659.0,29105.36,0,Salaried,Group B,0
7486,2024-04,47654.87,0.28526,559.0,9670.77,0,Self employed,Group A,1
7488,2024-04,24909.7,0.16174,644.0,8931.65,0,Salaried,Group A,1
7508,2024-04,72772.31,0.10286,589.0,17726.38,0,Self employed,Group A,0
7538,2024-04,59482.92,0.34043,618.0,6712.03,1,Self employed,Group A,0
7567,2024-04,55074.43,0.23687,728.0,11492.92,0,Salaried,Group A,0
7570,2024-04,60562.52,0.30624,693.0,25714.93,0,Self employed,Group B,1
7640,2024-04,60938.57,0.35337,594.0,4370.77,0,Contract,Group A,0
7670,2024-04,169648.94,0.49469,634.0,8703.2,0,Salaried,Group B,0
7679,2024-04,24878.88,0.24154,651.0,35012.51,0,Salaried,Group B,1
7687,2024-04,49368.61,0.24684,757.0,11545.23,0,Salaried,Group B,0
7729,2024-04,28348.75,0.31886,634.0,12500.41,1,Salaried,Group A,1
7736,2024-04,33526.94,0.13069,621.0,15162.98,0,Salaried,Group A,0
7771,2024-04,39395.81,0.08601,698.0,12835.38,0,Salaried,Group A,0
7784,2024-04,50667.67,0.12849,784.0,14337.88,0,Self employed,Group B,0
7827,2024-04,102750.59,0.32047,725.0,19461.49,0,Salaried,Group A,0
7835,2024-04,47429.17,0.23975,611.0,17469.83,1,Salaried,Group A,0
7872,2024-04,68020.59,0.07273,811.0,15442.09,0,Self employed,Group A,0
7882,2024-04,25033.43,0.16594,725.0,12933.58,0,Salaried,Group B,0
7934,2024-04,75505.7,0.45433,587.0,7972.55,0,Salaried,Group B,1
7937,2024-04,57708.43,0.22924,610.0,11386.7,0,Salaried,Group B,0
7983,2024-04,25657.9,0.48431,603.0,21142.24,0,Salaried,Group B,0
7999,2024-04,170636.58,0.23606,671.0,21208.83,2,Salaried,Group B,1
8085,2024-04,91562.91,0.40503,638.0,15243.79,0,Salaried,Group A,0
8098,2024-04,98109.76,0.1215,766.0,12527.52,0,Salaried,Group A,0
8203,2024-04,82053.79,0.0914,802.0,24252.21,0,Salaried,Group B,0
8221,2024-04,54380.43,0.08605,606.0,11740.81,0,Self employed,Group B,0
8228,2024-04,23379.89,0.57099,622.0,67244.88,1,Salaried,Group A,1
8237,2024-04,44441.29,0.29458,757.0,43728.61,0,Self employed,Group A,0
8248,2024-04,44795.19,0.43488,737.0,20632.71,0,Salaried,Group B,0
8266,2024-04,34319.36,0.08108,734.0,49611.51,0,Salaried,Group B,0
8292,2024-04,106345.82,0.21171,660.0,8029.37,0,Contract,Group A,1
8331,2024-04,59291.95,0.19632,566.0,21583.64,0,Self employed,Group A,1
8359,2024-04,40187.41,0.33405,637.0,22315.32,0,Salaried,Group A,0
8428,2024-04,76693.09,0.2401,662.0,21915.51,0,Contract,Group A,0
8443,2024-04,56219.66,0.35933,656.0,8791.95,0,Salaried,Group B,0
8450,2024-04,107611.29,0.41575,764.0,7445.04,1,Salaried,Group A,0
8454,2024-04,118930.48,0.41784,656.0,13607.72,0,Salaried,Group B,0
8466,2024-04,98971.95,0.12685,685.0,18901.52,0,Salaried,Group A,0
8502,2024-04,60003.61,0.24583,695.0,7077.77,0,Self employed,Group A,0
8503,2024-04,63825.55,0.15435,811.0,8678.03,1,Salaried,Group B,0
8548,2024-04,107982.03,0.21432,711.0,10903.01,0,Self employed,Group B,0
8643,2024-04,56808.05,0.10528,724.0,33033.36,0,Contract,Group B,0
8651,2024-04,65624.51,0.14959,646.0,42384.58,1,Salaried,Group A,0
8674,2024-04,70381.22,0.02206,604.0,17044.71,0,Contract,Group B,0
8699,2024-04,84000.78,0.48812,695.0,17019.4,0,Self employed,Group B,0
8703,2024-04,115230.97,0.40377,732.0,8152.72,1,Salaried,Group A,0
8704,2024-04,71349.48,0.275,703.0,11201.97,0,Salaried,Group B,0
8715,2024-04,92138.79,0.55152,640.0,6242.43,0,Self employed,Group A,1
8746,2024-04,32732.2,0.20484,694.0,5679.76,1,Contract,Group A,0
8797,2024-04,48859.43,0.12249,635.0,24338.55,1,Salaried,Group B,0
8803,2024-04,27302.71,0.25773,670.0,17851.0,0,Salaried,Group B,0
8818,2024-04,62671.4,0.33604,718.0,11075.79,1,Salaried,Group B,0
8869,2024-04,62095.19,0.33498,672.0,29630.46,0,Salaried,Group A,0
8907,2024-04,40780.32,0.41747,696.0,16737.69,0,Salaried,Group B,0
8912,2024-04,32516.95,0.44838,592.0,4504.1,0,Salaried,Group B,1
8919,2024-04,62745.13,0.09015,755.0,26026.37,0,Contract,Group A,0
8946,2024-04,78625.07,0.22095,668.0,2831.65,1,Salaried,Group A,0
8963,2024-04,103206.13,0.51317,652.0,50838.73,1,Salaried,Group B,1
8965,2024-04,62636.73,0.02208,707.0,18359.63,0,Self employed,Group B,0
9017,2024-04,91180.41,0.38827,721.0,11334.81,0,Salaried,Group A,0
9023,2024-04,225313.13,0.30649,757.0,23016.5,3,Salaried,Group B,0
9039,2024-04,57623.01,0.38703,645.0,7193.35,0,Salaried,Group B,0
9045,2024-04,26941.53,0.20405,707.0,13717.88,0,Salaried,Group A,0
9053,2024-04,57365.97,0.22537,546.0,21138.92,0,Salaried,Group A,1
9092,2024-04,33632.99,0.3738,710.0,10223.83,0,Salaried,Group B,0
9149,2024-04,48177.1,0.46513,509.0,13587.11,0,Salaried,Group A,1
9183,2024-04,178199.85,0.02172,706.0,6634.3,0,Salaried,Group B,0
9187,2024-04,79478.79,0.32392,686.0,10614.69,1,Salaried,Group A,1
9233,2024-04,54892.55,0.21069,696.0,20254.92,0,Salaried,Group B,0
9258,2024-04,110614.41,0.20028,671.0,10610.57,0,Salaried,Group A,1
9378,2024-04,77686.01,0.29923,645.0,23130.91,0,Contract,Group B,0
9402,2024-04,51699.26,0.52548,744.0,8413.6,2,Salaried,Group A,1
9444,2024-04,108158.7,0.22638,780.0,33011.86,0,Contract,Group A,0
9489,2024-04,27552.23,0.12785,667.0,13880.78,1,Salaried,Group B,0
9516,2024-04,45119.94,0.23342,627.0,27146.69,0,Self employed,Group B,0
9571,2024-04,95761.35,0.2103,587.0,11478.94,0,Salaried,Group B,0
9582,2024-04,55031.47,0.01211,797.0,12235.38,0,Salaried,Group B,0
9583,2024-04,42991.4,0.2241,737.0,17597.07,0,Salaried,Group B,0
9597,2024-04,58212.67,0.31575,670.0,10536.34,0,Salaried,Group B,0
9666,2024-04,73581.15,0.2809,654.0,7179.83,0,Salaried,Group B,1
9677,2024-04,59542.42,0.41733,614.0,7251.3,1,Self employed,Group A,0
9695,2024-04,85143.6,0.07036,644.0,39957.12,1,Salaried,Group A,0
9779,2024-04,51969.1,0.62284,650.0,21093.75,0,Self employed,Group B,0
9804,2024-04,91040.89,0.10133,672.0,10230.74,0,Self employed,Group B,0
9834,2024-04,199795.8,0.10456,788.0,17605.87,0,Salaried,Group B,0
9859,2024-04,49141.28,0.61155,760.0,13877.83,0,Salaried,Group B,0
9869,2024-04,68733.65,0.40516,663.0,6891.93,1,Salaried,Group B,0
9881,2024-04,63418.5,0.23352,557.0,16613.67,0,Salaried,Group A,0
9916,2024-04,25961.78,0.08858,609.0,11926.65,0,Self employed,Group B,1
9920,2024-04,75542.17,0.22692,623.0,18469.91,1,Contract,Group A,0
9926,2024-04,32467.38,0.22927,765.0,10891.28,0,Salaried,Group B,0
9940,2024-04,64166.56,0.19506,680.0,12996.76,1,Self employed,Group B,0
9976,2024-04,31687.83,0.27669,776.0,10816.57,0,Salaried,Group B,0
9980,2024-04,136929.6,0.53197,656.0,17511.7,0,Self employed,Group B,1
9984,2024-04,112161.51,0.10522,551.0,15163.87,0,Self employed,Group B,0
9,2024-05,51340.52,0.16215,764.0,4034.28,0,Salaried,Group A,0
15,2024-05,38503.92,0.02076,694.0,7982.09,0,Self employed,Group A,0
45,2024-05,59049.0,0.59242,689.0,17006.57,1,Self employed,Group A,1
50,2024-05,43039.05,0.42632,609.0,14448.53,0,Contract,Group B,0
80,2024-05,64507.8,0.14091,706.0,15217.85,0,Self employed,Group B,0
89,2024-05,42920.92,0.16871,780.0,9112.76,1,Salaried,Group B,1
117,2024-05,16409.38,0.31993,668.0,10203.92,1,Salaried,Group A,0
170,2024-05,49915.77,0.68155,650.0,5871.41,0,Self employed,Group A,0
215,2024-05,40166.95,0.14095,673.0,14638.42,0,Salaried,Group B,0
227,2024-05,56655.63,0.79725,692.0,10736.03,1,Self employed,Group A,0
290,2024-05,134614.06,0.16087,695.0,22848.0,0,Salaried,Group A,0
301,2024-05,28719.94,0.09599,661.0,16540.14,0,Salaried,Group A,0
306,2024-05,41119.26,0.51429,601.0,21451.88,0,Self employed,Group A,1
314,2024-05,22679.22,0.26266,656.0,4053.37,0,Contract,Group A,0
348,2024-05,72138.87,0.14459,587.0,9109.99,2,Self employed,Group A,1
373,2024-05,37496.2,0.38225,648.0,5118.39,0,Contract,Group B,1
401,2024-05,125404.29,0.15494,610.0,5661.68,0,Salaried,Group B,0
468,2024-05,81016.77,0.39913,628.0,27028.78,0,Salaried,Group B,0
492,2024-05,36910.77,0.30096,564.0,46305.19,0,Salaried,Group B,1
502,2024-05,48545.0,0.46077,795.0,16427.97,0,Salaried,Group A,0
540,2024-05,29961.82,0.14193,639.0,7513.41,0,Contract,Group B,0
573,2024-05,,0.41543,606.0,18218.17,0,Self employed,Group A,0
719,2024-05,49552.1,0.21178,731.0,36109.58,0,Salaried,Group B,0
729,2024-05,33176.96,0.34864,827.0,7630.34,0,Salaried,Group B,0
741,2024-05,102461.05,0.16752,519.0,4086.95,0,Self employed,Group B,0
742,2024-05,87109.43,0.16373,564.0,4828.79,0,Salaried,Group A,0
743,2024-05,37439.78,0.0219,597.0,13114.51,0,Salaried,Group B,0
745,2024-05,17865.02,0.09528,708.0,7728.42,0,Self employed,Group B,0
748,2024-05,44593.38,0.484,667.0,10465.43,0,Salaried,Group B,1
767,2024-05,72700.16,0.09394,669.0,19697.64,0,Salaried,Group A,0
783,2024-05,62416.8,0.51354,692.0,19177.65,1,Salaried,Group A,1
818,2024-05,61466.27,0.14971,627.0,7204.0,1,Contract,Group B,0
835,2024-05,35233.01,0.29186,668.0,14258.43,1,Salaried,Group B,0
881,2024-05,58505.96,0.26726,611.0,27807.8,0,Salaried,Group A,1
900,2024-05,77654.61,0.02681,782.0,6074.52,0,Salaried,Group B,0
932,2024-05,33415.46,0.27925,692.0,9629.72,0,Contract,Group A,0
948,2024-05,40499.24,0.7048,704.0,28707.55,0,Self employed,Group B,0
955,2024-05,56984.06,0.01809,685.0,3153.7,1,Salaried,Group A,0
967,2024-05,76884.01,0.54279,795.0,13218.31,0,Salaried,Group A,0
970,2024-05,97719.56,0.40865,732.0,19441.04,0,Salaried,Group B,0
1019,2024-05,129985.53,0.13885,720.0,32843.58,0,Self employed,Group B,0
1026,2024-05,78972.92,0.31101,773.0,11032.91,0,Self employed,Group B,0
1033,2024-05,79876.05,0.50713,669.0,29800.57,0,Salaried,Group A,0
1041,2024-05,65978.57,0.39895,634.0,3602.5,0,Salaried,Group B,1
1047,2024-05,64060.09,0.14187,696.0,10130.1,0,Contract,Group B,0
1059,2024-05,42420.3,0.28768,696.0,12074.37,1,Salaried,Group B,0
1093,2024-05,58803.18,0.0186,603.0,38522.26,0,Salaried,Group B,1
1094,2024-05,62464.1,0.44953,577.0,34473.95,0,Salaried,Group A,0
1108,2024-05,50213.92,0.16115,751.0,42761.93,0,Salaried,Group A,0
1124,2024-05,64733.42,0.66771,705.0,42439.65,1,Salaried,Group A,0
1152,2024-05,58971.35,0.13629,748.0,27013.03,1,Salaried,Group A,0
1153,2024-05,82249.81,0.1047,717.0,24825.04,1,Self employed,Group B,0
1186,2024-05,37600.7,0.44145,699.0,9860.87,0,Salaried,Group A,0
1217,2024-05,39194.23,0.32884,708.0,4241.71,0,Salaried,Group A,0
1234,2024-05,50717.61,0.44891,708.0,35784.0,1,Salaried,Group B,0
1247,2024-05,41700.13,0.07257,781.0,6460.36,2,Salaried,Group A,0
1258,2024-05,76592.83,0.18111,748.0,9175.95,1,Self employed,Group B,0
1296,2024-05,93168.38,0.43953,623.0,17945.8,0,Salaried,Group B,1
1325,2024-05,72578.44,0.36599,709.0,19172.9,0,Contract,Group A,1
1346,2024-05,152418.81,0.46152,641.0,8446.35,0,Salaried,Group A,0
1373,2024-05,76712.99,0.09217,612.0,16061.16,0,Contract,Group A,0
1432,2024-05,30690.99,0.04594,628.0,6509.75,0,Salaried,Group A,0
1451,2024-05,24042.55,0.27176,706.0,44622.97,0,Salaried,Group B,0
1498,2024-05,55434.03,0.71905,744.0,7349.08,0,Salaried,Group B,0
1620,2024-05,40438.1,0.25882,696.0,10102.23,1,Self employed,Group B,0
1621,2024-05,37840.16,0.16394,727.0,8572.3,2,Salaried,Group A,0
1678,2024-05,99538.83,0.23574,650.0,26616.21,1,Salaried,Group B,1
1698,2024-05,148655.42,0.35066,607.0,15459.79,0,Self employed,Group A,0
1700,2024-05,22462.99,0.24932,596.0,4747.46,0,Salaried,Group A,1
1707,2024-05,53318.76,0.02914,767.0,13806.48,0,Salaried,Group A,0
1711,2024-05,94395.83,0.22898,767.0,23538.37,0,Salaried,Group A,0
1752,2024-05,109924.06,0.15308,653.0,28761.24,0,Salaried,Group A,0
1781,2024-05,55029.86,0.23344,521.0,11360.41,2,Contract,Group B,0
1814,2024-05,47871.89,0.16195,647.0,16693.0,0,Salaried,Group A,0
1826,2024-05,55783.92,0.24295,675.0,9742.71,0,Salaried,Group A,0
1829,2024-05,26770.41,0.36347,722.0,5925.9,0,Contract,Group B,0
1851,2024-05,35224.52,0.17869,850.0,10541.39,1,Salaried,Group B,0
1870,2024-05,29835.38,0.36346,675.0,5462.46,0,Contract,Group A,0
1907,2024-05,69366.86,0.23875,615.0,9181.17,0,Salaried,Group B,0
1923,2024-05,98494.88,0.15792,667.0,10960.1,0,Self employed,Group B,1
1947,2024-05,51680.29,0.0763,527.0,13897.99,0,Salaried,Group A,0
1966,2024-05,27221.71,0.41429,726.0,6293.58,1,Self employed,Group B,0
1968,2024-05,46750.07,0.1599,741.0,17419.03,0,Salaried,Group B,0
1978,2024-05,54710.66,0.1899,656.0,26315.93,0,Self employed,Group A,0
2015,2024-05,78297.89,0.39434,808.0,22734.04,0,Salaried,Group A,0
2018,2024-05,182081.17,0.41506,578.0,12728.29,0,Salaried,Group A,0
2032,2024-05,45252.28,0.20931,627.0,10648.17,0,Self employed,Group A,1
2046,2024-05,28582.32,0.21877,733.0,6473.11,0,Salaried,Group B,1
2051,2024-05,139525.62,0.50158,686.0,15100.08,0,Salaried,Group B,0
2057,2024-05,44757.64,0.53591,715.0,19563.12,1,Salaried,Group B,1
2075,2024-05,50096.79,0.55142,599.0,13443.95,0,Salaried,Group A,1
2163,2024-05,31162.52,0.07924,675.0,14888.79,0,Salaried,Group A,0
2223,2024-05,50267.5,0.48759,672.0,6913.64,0,Contract,Group B,1
2243,2024-05,87383.23,0.3031,662.0,54245.66,0,Salaried,Group A,0
2244,2024-05,38631.78,0.33189,810.0,72795.21,1,Salaried,Group A,0
2259,2024-05,36894.47,0.34029,764.0,22186.27,0,Contract,Group A,0
2321,2024-05,80466.66,0.24374,617.0,10848.78,0,Salaried,Group B,1
2333,2024-05,26316.08,0.20239,666.0,12271.05,1,Salaried,Group B,0
2355,2024-05,41918.62,0.29418,730.0,17908.48,0,Salaried,Group A,0
2388,2024-05,49590.76,0.24408,743.0,32720.32,0,Contract,Group A,0
2442,2024-05,136778.0,0.48185,635.0,45527.75,2,Contract,Group A,1
2485,2024-05,50946.41,0.27276,712.0,10458.75,1,Salaried,Group A,0
2505,2024-05,40611.87,0.49326,541.0,3582.0,0,Salaried,Group A,1
2543,2024-05,53227.59,0.10971,582.0,14975.64,0,Salaried,Group A,1
2559,2024-05,60410.21,0.04953,689.0,12043.44,0,Salaried,Group B,0
2560,2024-05,101640.05,0.14769,676.0,29069.08,0,Salaried,Group A,1
2573,2024-05,54855.54,0.4175,611.0,10521.93,0,Salaried,Group A,0
2582,2024-05,108666.45,0.18483,704.0,28525.42,0,Contract,Group B,0
2589,2024-05,22472.38,0.1841,576.0,33040.27,0,Salaried,Group B,1
2603,2024-05,57561.38,0.12555,602.0,20523.83,0,Salaried,Group A,0
2675,2024-05,68412.49,0.17948,749.0,14571.52,0,Salaried,Group A,0
2715,2024-05,124985.26,0.38225,770.0,5810.29,1,Salaried,Group B,0
2769,2024-05,55558.78,0.21353,677.0,16080.4,0,Salaried,Group B,0
2789,2024-05,137629.24,0.1791,642.0,15829.7,0,Self employed,Group A,0
2808,2024-05,31819.48,0.15841,552.0,32519.96,0,Salaried,Group A,0
2870,2024-05,23371.25,0.17886,534.0,11089.24,0,Self employed,Group A,1
2877,2024-05,27300.56,0.3387,645.0,11866.69,0,Self employed,Group A,0
2899,2024-05,58532.91,0.29261,829.0,6064.08,0,Self employed,Group A,0
2905,2024-05,158527.85,0.29503,673.0,4989.23,1,Salaried,Group B,0
2926,2024-05,34713.02,0.16603,558.0,4920.37,1,Salaried,Group A,1
2927,2024-05,70984.43,0.14534,677.0,18013.4,0,Salaried,Group A,0
2958,2024-05,46865.42,0.31379,707.0,13707.44,0,Salaried,Group A,0
2959,2024-05,33206.02,0.15473,672.0,30921.58,0,Salaried,Group B,1
2976,2024-05,49339.38,0.18511,622.0,10944.11,0,Salaried,Group A,0
3028,2024-05,48134.75,0.09957,637.0,14477.05,0,Salaried,Group A,0
3078,2024-05,31967.96,0.14655,715.0,12548.63,0,Self employed,Group A,0
3083,2024-05,95095.95,0.19962,736.0,32241.9,0,Contract,Group B,0
3107,2024-05,58984.41,0.46893,731.0,17962.87,0,Salaried,Group B,1
3119,2024-05,116454.6,0.31302,674.0,20671.88,0,Contract,Group A,0
3156,2024-05,45503.06,0.19822,637.0,7853.39,0,Salaried,Group B,0
3202,2024-05,57125.5,0.4923,743.0,13743.1,0,Salaried,Group A,1
3221,2024-05,119755.02,0.3402,666.0,11536.93,0,Self employed,Group B,1
3238,2024-05,27710.69,0.1065,709.0,12840.86,1,Salaried,Group A,0
3285,2024-05,65289.29,0.35688,631.0,13439.96,1,Salaried,Group A,0
3318,2024-05,81652.08,0.34469,618.0,8211.72,0,Salaried,Group A,1
3339,2024-05,50874.69,0.54622,594.0,10134.58,0,Salaried,Group A,0
3455,2024-05,50567.79,0.46766,739.0,5316.19,0,Self employed,Group B,0
3467,2024-05,173346.69,0.30198,764.0,22701.66,0,Salaried,Group A,1
3481,2024-05,35116.18,0.04369,635.0,16437.67,1,Contract,Group B,0
3512,2024-05,58369.01,0.42918,626.0,17277.33,0,Salaried,Group A,0
3529,2024-05,100996.91,0.28056,622.0,14422.79,0,Contract,Group B,0
3556,2024-05,107978.25,0.28027,590.0,2794.87,0,Salaried,Group B,1
3579,2024-05,33323.54,0.25969,561.0,6805.24,0,Contract,Group B,0
3595,2024-05,88864.35,0.52893,697.0,20260.32,0,Salaried,Group A,1
3599,2024-05,71008.97,0.55115,661.0,22964.42,0,Contract,Group B,1
3625,2024-05,32870.43,0.3397,650.0,6570.09,0,Contract,Group A,0
3637,2024-05,64154.7,0.10002,699.0,16083.58,0,Salaried,Group A,0
3704,2024-05,28638.3,0.36307,650.0,28349.91,1,Contract,Group A,1
3737,2024-05,59582.61,0.32333,665.0,13067.66,0,Salaried,Group A,0
3792,2024-05,89378.48,0.35352,653.0,30585.48,0,Self employed,Group A,0
3819,2024-05,68197.81,0.35281,693.0,29413.07,1,Contract,Group B,0
3849,2024-05,136515.54,0.1553,691.0,12637.62,0,Salaried,Group B,0
3893,2024-05,62986.71,0.28377,633.0,9723.84,0,Salaried,Group B,0
3900,2024-05,35634.41,0.76558,712.0,12619.77,0,Self employed,Group A,1
3911,2024-05,24968.31,0.25806,641.0,21294.88,0,Self employed,Group B,0
3929,2024-05,58555.19,0.14883,654.0,19102.05,0,Salaried,Group A,0
3977,2024-05,61171.54,0.26584,674.0,20253.13,0,Contract,Group A,0
3982,2024-05,78240.32,0.11113,697.0,18723.58,1,Contract,Group A,1
3984,2024-05,54962.73,0.37299,680.0,21373.16,0,Salaried,Group A,0
3987,2024-05,32037.65,0.76553,790.0,18695.53,0,Salaried,Group B,0
4013,2024-05,27866.7,0.52699,671.0,10141.87,0,Salaried,Group A,1
4054,2024-05,24918.8,0.39554,692.0,48051.12,1,Salaried,Group A,1
4088,2024-05,109785.74,0.30432,644.0,7886.69,0,Salaried,Group A,0
4107,2024-05,109658.77,0.63759,570.0,13367.32,0,Salaried,Group A,1
4120,2024-05,30857.42,0.36248,714.0,19028.45,0,Salaried,Group B,0
4176,2024-05,88843.33,0.03744,779.0,15989.88,1,Salaried,Group B,0
4187,2024-05,94743.52,0.2279,717.0,12122.69,1,Salaried,Group B,0
4190,2024-05,30175.52,0.27837,533.0,4154.88,0,Self employed,Group A,0
4203,2024-05,68246.78,0.57235,659.0,10571.88,0,Self employed,Group A,1
4241,2024-05,37438.81,0.53594,637.0,10627.55,2,Contract,Group A,1
4255,2024-05,48668.9,0.59751,573.0,21245.38,1,Self employed,Group A,0
4260,2024-05,68461.02,0.21298,737.0,24814.65,2,Salaried,Group A,0
4295,2024-05,64270.93,0.06138,686.0,15217.64,0,Self employed,Group B,0
4309,2024-05,140218.54,0.34949,680.0,35765.53,0,Self employed,Group A,0
4319,2024-05,58828.71,0.0494,594.0,25632.1,0,Contract,Group B,0
4334,2024-05,28965.51,0.13668,527.0,8994.34,2,Salaried,Group B,1
4355,2024-05,20748.81,0.29385,738.0,12521.8,1,Salaried,Group A,0
4370,2024-05,43142.79,0.27603,684.0,38328.87,0,Salaried,Group A,0
4395,2024-05,15624.74,0.37652,645.0,5300.76,0,Salaried,Group B,0
4406,2024-05,58661.56,0.38049,637.0,34183.93,0,Salaried,Group B,1
4457,2024-05,53655.8,0.15983,619.0,12185.42,0,Salaried,Group A,0
4469,2024-05,36350.37,0.07623,578.0,9462.84,1,Self employed,Group B,1
4506,2024-05,35784.98,0.22717,616.0,7028.62,0,Salaried,Group B,0
4518,2024-05,19612.38,0.42352,712.0,6472.88,0,Salaried,Group A,0
4572,2024-05,32135.01,0.68998,704.0,20538.22,0,Salaried,Group B,0
4575,2024-05,54213.07,0.26916,524.0,6096.58,1,Salaried,Group B,0
4577,2024-05,82445.75,0.38063,752.0,14220.87,0,Salaried,Group B,1
4605,2024-05,78585.91,0.09686,712.0,31874.61,0,Salaried,Group B,0
4622,2024-05,57624.28,0.3167,550.0,12955.83,0,Self employed,Group B,0
4626,2024-05,32471.36,0.32869,612.0,15277.26,1,Salaried,Group B,1
4670,2024-05,51148.63,0.31123,645.0,3505.77,2,Salaried,Group B,1
4691,2024-05,30863.8,0.24654,668.0,9246.24,0,Salaried,Group A,0
4722,2024-05,38610.91,0.33466,620.0,4909.9,0,Salaried,Group B,0
4742,2024-05,,0.05416,704.0,33307.99,0,Self employed,Group B,0
4750,2024-05,34404.52,0.48428,473.0,26252.98,0,Salaried,Group B,1
4759,2024-05,34908.53,0.29351,698.0,16572.37,0,Salaried,Group A,0
4764,2024-05,72877.67,0.33097,779.0,15183.92,0,Salaried,Group A,1
4833,2024-05,55887.46,0.39636,640.0,15762.64,0,Self employed,Group A,0
4873,2024-05,,0.15844,673.0,12752.67,0,Salaried,Group B,0
4889,2024-05,99487.58,0.31161,787.0,19314.6,1,Salaried,Group A,0
4899,2024-05,39729.38,0.09411,768.0,24114.4,0,Contract,Group B,0
4900,2024-05,49986.17,0.52973,582.0,12021.71,1,Salaried,Group A,0
4945,2024-05,52517.73,0.18925,529.0,11300.7,0,Salaried,Group B,0
4962,2024-05,49542.86,0.30342,619.0,25291.59,0,Salaried,Group A,1
4975,2024-05,25584.86,0.31137,627.0,43584.21,0,Salaried,Group A,1
5001,2024-05,15000.0,0.42328,627.0,16514.61,0,Salaried,Group B,1
5004,2024-05,65460.0,0.1208,641.0,15192.53,0,Self employed,Group A,0
5012,2024-05,83858.04,0.42579,628.0,13685.0,0,Salaried,Group A,1
5022,2024-05,45218.14,0.09746,716.0,24416.34,0,Self employed,Group B,0
5023,2024-05,35537.64,0.22203,573.0,21661.74,0,Salaried,Group B,0
5047,2024-05,59265.33,0.23672,664.0,64522.33,0,Salaried,Group B,0
5079,2024-05,108783.63,0.5304,676.0,23563.27,0,Salaried,Group A,0
5093,2024-05,44955.39,0.3004,588.0,5933.94,2,Self employed,Group A,0
5096,2024-05,44315.57,0.18149,665.0,9375.43,0,Salaried,Group A,0
5214,2024-05,85121.76,0.15473,727.0,11614.72,0,Salaried,Group A,1
5221,2024-05,37923.35,0.25321,810.0,7702.64,0,Salaried,Group A,0
5247,2024-05,113174.89,0.19487,673.0,29116.79,0,Salaried,Group B,1
5274,2024-05,18750.54,0.36715,683.0,14883.25,1,Salaried,Group A,1
5299,2024-05,250000.0,0.29869,635.0,10517.6,0,Salaried,Group A,1
5300,2024-05,33730.11,0.22373,597.0,10032.72,0,Contract,Group B,1
5320,2024-05,53316.65,0.54571,627.0,13761.97,0,Salaried,Group B,0
5343,2024-05,56773.31,0.37269,640.0,16713.99,0,Salaried,Group A,0
5345,2024-05,107028.31,0.21611,683.0,32789.37,0,Salaried,Group B,1
5380,2024-05,74278.16,0.13244,733.0,8453.05,1,Salaried,Group B,0
5398,2024-05,66060.95,0.23061,648.0,39618.23,0,Salaried,Group A,0
5404,2024-05,38789.06,0.3475,693.0,16797.51,0,Salaried,Group A,0
5407,2024-05,46223.71,0.44499,580.0,19707.82,1,Self employed,Group A,1
5437,2024-05,33586.39,0.38443,736.0,2929.54,0,Salaried,Group B,0
5441,2024-05,62585.93,0.38138,643.0,36094.49,0,Salaried,Group A,0
5442,2024-05,25738.1,0.21509,645.0,14065.09,0,Salaried,Group B,0
5470,2024-05,48460.68,0.32557,654.0,10086.39,1,Salaried,Group A,0
5478,2024-05,67576.73,0.37675,641.0,14053.12,0,Salaried,Group A,1
5480,2024-05,31270.86,0.40354,727.0,17806.81,0,Self employed,Group B,1
5497,2024-05,71276.68,0.30428,674.0,12037.29,1,Salaried,Group A,0
5609,2024-05,50767.93,0.13711,666.0,15616.89,0,Salaried,Group B,0
5624,2024-05,71314.62,0.24221,717.0,4104.62,0,Salaried,Group A,0
5640,2024-05,76315.58,0.15755,837.0,30453.43,1,Salaried,Group B,0
5663,2024-05,71446.49,0.17459,630.0,26931.22,0,Salaried,Group A,0
5734,2024-05,128127.15,0.25807,688.0,14255.65,0,Self employed,Group A,1
5764,2024-05,39615.07,0.0839,599.0,7158.42,0,Contract,Group B,0
5782,2024-05,38473.28,0.18353,676.0,18387.74,0,Salaried,Group A,0
5795,2024-05,41896.2,0.33931,700.0,9511.83,0,Salaried,Group B,0
5812,2024-05,58807.55,0.36008,608.0,28813.5,0,Salaried,Group A,1
5817,2024-05,49296.37,0.1656,821.0,6168.99,0,Salaried,Group A,0
5843,2024-05,51590.34,0.18434,754.0,5477.47,0,Salaried,Group A,0
5846,2024-05,39281.62,0.30418,626.0,9437.27,0,Salaried,Group B,0
5859,2024-05,65380.28,0.3969,695.0,26792.15,0,Salaried,Group A,0
5898,2024-05,69588.84,0.3057,729.0,12717.21,0,Salaried,Group B,0
5908,2024-05,89702.16,0.274,616.0,13832.52,1,Salaried,Group A,1
5916,2024-05,28638.81,0.51819,664.0,10931.8,0,Salaried,Group B,0
5932,2024-05,37656.38,0.23128,739.0,19946.09,0,Salaried,Group A,1
5933,2024-05,77547.19,0.31622,657.0,31750.46,0,Salaried,Group A,0
5948,2024-05,23350.65,0.2736,628.0,15237.43,0,Salaried,Group A,0
5977,2024-05,67926.6,0.18225,688.0,8564.46,0,Self employed,Group A,0
6000,2024-05,63925.34,0.65756,725.0,12603.66,0,Salaried,Group A,0
6019,2024-05,33938.64,0.0866,521.0,14591.85,1,Salaried,Group A,0
6059,2024-05,59986.77,0.06517,841.0,20723.97,0,Salaried,Group A,0
6082,2024-05,52395.5,0.13023,680.0,20404.47,0,Salaried,Group B,0
6101,2024-05,154780.22,0.47172,687.0,8737.73,0,Self employed,Group A,0
6119,2024-05,45903.62,0.18323,731.0,17112.29,0,Salaried,Group A,0
6121,2024-05,59807.61,0.34759,710.0,19622.37,0,Contract,Group B,0
6162,2024-05,28474.29,0.32245,783.0,11101.91,0,Salaried,Group A,0
6186,2024-05,44980.69,0.18428,597.0,16886.02,0,Salaried,Group A,0
6194,2024-05,40657.32,0.16066,645.0,8459.63,0,Self employed,Group A,1
6196,2024-05,89993.41,0.43765,645.0,13543.81,0,Salaried,Group B,0
6225,2024-05,63379.74,0.30772,738.0,9566.09,0,Self employed,Group B,0
6233,2024-05,53361.35,0.16337,754.0,17750.98,0,Salaried,Group B,0
6255,2024-05,33323.78,0.0443,679.0,18990.86,0,Self employed,Group B,0
6273,2024-05,73772.21,0.09917,850.0,27515.82,0,Self employed,Group B,0
6285,2024-05,87434.65,0.32246,614.0,6618.82,0,Contract,Group A,1
6288,2024-05,104787.01,0.39144,735.0,11438.34,2,Self employed,Group A,0
6305,2024-05,27531.7,0.08462,745.0,19088.28,0,Self employed,Group B,0
6331,2024-05,57075.26,0.22765,728.0,11753.57,1,Salaried,Group B,0
6334,2024-05,67248.91,0.2144,610.0,9889.12,0,Self employed,Group A,0
6387,2024-05,26295.99,0.26105,615.0,10449.84,3,Self employed,Group B,1
6429,2024-05,30413.49,0.44849,630.0,17213.02,0,Self employed,Group A,0
6452,2024-05,123929.2,0.14378,645.0,8736.63,0,Salaried,Group B,0
6486,2024-05,92511.76,0.08341,723.0,6711.95,0,Salaried,Group A,0
6511,2024-05,73426.32,0.26137,701.0,21132.33,0,Salaried,Group A,0
6520,2024-05,64949.51,0.52086,540.0,36878.64,0,Self employed,Group A,1
6523,2024-05,38336.74,0.39583,801.0,19619.57,0,Salaried,Group B,0
6530,2024-05,91301.39,0.18266,656.0,36466.56,1,Salaried,Group A,0
6565,2024-05,24683.26,0.42992,593.0,31144.78,0,Salaried,Group A,1
6581,2024-05,15000.0,0.04143,615.0,3486.4,0,Salaried,Group B,1
6623,2024-05,42758.3,0.20534,676.0,17658.62,1,Salaried,Group A,0
6649,2024-05,47720.66,0.12459,743.0,39864.37,0,Salaried,Group A,0
6652,2024-05,25030.13,0.17129,727.0,21786.54,0,Salaried,Group B,0
6665,2024-05,41795.17,0.25801,787.0,15405.92,1,Contract,Group A,0
6671,2024-05,78365.08,0.42801,655.0,4919.44,1,Salaried,Group A,1
6679,2024-05,76179.44,0.04409,724.0,39958.6,0,Salaried,Group A,0
6692,2024-05,30886.9,0.06903,696.0,27940.58,0,Salaried,Group A,0
6700,2024-05,29487.92,0.13387,582.0,17311.44,0,Salaried,Group B,1
6701,2024-05,60913.07,0.14312,644.0,15999.3,0,Salaried,Group B,0
6716,2024-05,60492.4,0.34508,655.0,3811.93,1,Salaried,Group A,0
6717,2024-05,41748.58,0.58262,607.0,6223.9,0,Salaried,Group B,1
6740,2024-05,31076.81,0.18079,738.0,15312.46,0,Salaried,Group A,0
6745,2024-05,185925.13,0.26176,721.0,11979.39,0,Salaried,Group B,1
6827,2024-05,87523.4,0.43316,673.0,17006.95,0,Self employed,Group A,1
6881,2024-05,116753.2,0.43162,614.0,5839.8,0,Salaried,Group B,0
6898,2024-05,40287.92,0.34214,695.0,44325.28,0,Salaried,Group B,0
6947,2024-05,114273.08,0.38439,586.0,13510.02,0,Salaried,Group A,1
6969,2024-05,37030.0,0.38818,647.0,13021.45,0,Salaried,Group B,1
6982,2024-05,52200.37,0.45958,720.0,24528.08,2,Salaried,Group B,1
6998,2024-05,57608.04,0.1859,634.0,12603.09,0,Contract,Group A,1
7046,2024-05,41163.52,0.39538,649.0,21746.94,0,Salaried,Group B,0
7068,2024-05,30925.98,0.45078,650.0,10714.71,0,Salaried,Group A,0
7117,2024-05,67922.76,0.22831,639.0,5571.16,0,Contract,Group A,1
7147,2024-05,29332.52,0.17589,724.0,8853.32,2,Salaried,Group A,0
7162,2024-05,29186.17,0.0968,791.0,29165.19,0,Salaried,Group A,0
7181,2024-05,67929.47,0.69502,581.0,21396.78,0,Salaried,Group A,0
7186,2024-05,121420.97,0.22464,668.0,10489.59,1,Salaried,Group B,1
7187,2024-05,45991.2,0.26389,609.0,40704.19,0,Salaried,Group B,0
7263,2024-05,33511.96,0.14601,658.0,34454.53,0,Contract,Group B,0
7280,2024-05,70157.51,0.05392,606.0,12523.76,2,Self employed,Group A,0
7332,2024-05,52124.15,0.06744,704.0,18153.05,0,Salaried,Group A,0
7403,2024-05,31268.69,0.1773,745.0,17655.88,0,Salaried,Group A,0
7471,2024-05,43310.68,0.39797,559.0,7981.92,2,Self employed,Group A,0
7507,2024-05,61369.5,0.51151,562.0,33810.45,0,Salaried,Group B,1
7509,2024-05,37109.96,0.31596,767.0,16123.64,0,Contract,Group B,0
7529,2024-05,69643.37,0.20823,683.0,23642.29,0,Self employed,Group B,0
7541,2024-05,46224.68,0.31898,623.0,33253.87,1,Salaried,Group A,1
7575,2024-05,39449.03,0.04873,547.0,7274.8,0,Contract,Group A,0
7673,2024-05,52447.83,0.47375,766.0,15279.8,0,Salaried,Group A,0
7749,2024-05,52041.2,0.22485,576.0,34548.81,0,Salaried,Group B,0
7818,2024-05,46423.28,0.29572,750.0,11131.07,0,Salaried,Group B,0
7859,2024-05,46264.72,0.15881,595.0,10689.73,0,Self employed,Group A,0
7875,2024-05,49010.59,0.41229,677.0,21906.0,0,Salaried,Group B,0
7889,2024-05,67594.0,0.07788,626.0,9218.81,0,Self employed,Group A,0
7890,2024-05,63775.91,0.18969,577.0,11335.54,0,Salaried,Group B,0
7892,2024-05,45256.63,0.25037,636.0,5724.03,0,Salaried,Group B,0
7907,2024-05,61986.68,0.07837,700.0,42821.61,1,Self employed,Group A,0
7930,2024-05,,0.23012,675.0,21132.54,1,Salaried,Group A,0
7958,2024-05,78963.38,0.08075,721.0,11708.87,0,Salaried,Group A,0
7960,2024-05,52464.14,0.23513,701.0,21520.75,0,Salaried,Group A,0
8024,2024-05,38554.26,0.3258,670.0,5165.76,0,Salaried,Group A,0
8076,2024-05,111214.93,0.4696,665.0,17578.76,0,Salaried,Group B,0
8082,2024-05,90917.97,0.09057,754.0,23380.45,1,Salaried,Group A,0
8111,2024-05,62878.44,0.4905,672.0,8893.01,0,Salaried,Group A,0
8112,2024-05,26571.56,0.41976,523.0,4985.97,0,Salaried,Group B,1
8129,2024-05,81530.1,0.11305,572.0,14023.07,1,Salaried,Group B,1
8152,2024-05,41345.56,0.29675,707.0,9960.95,1,Salaried,Group B,0
8163,2024-05,52360.58,0.24141,569.0,41253.02,1,Salaried,Group B,0
8176,2024-05,117709.72,0.37107,674.0,5412.28,0,Salaried,Group A,1
8182,2024-05,37451.68,0.05107,614.0,13002.61,0,Salaried,Group B,1
8222,2024-05,52670.92,0.18411,622.0,13572.06,0,Self employed,Group A,1
8229,2024-05,49958.02,0.10554,678.0,13248.91,1,Salaried,Group A,1
8246,2024-05,50245.24,0.21644,731.0,16576.14,1,Salaried,Group A,0
8250,2024-05,60679.57,0.25965,735.0,14007.35,0,Self employed,Group A,1
8284,2024-05,34131.73,0.64741,765.0,24294.96,0,Self employed,Group A,0
8323,2024-05,31437.79,0.27806,679.0,17485.36,0,Contract,Group B,0
8345,2024-05,55589.09,0.21029,732.0,75000.0,0,Salaried,Group B,0
8346,2024-05,46390.53,0.07339,713.0,29261.43,0,Salaried,Group B,0
8358,2024-05,53106.72,0.55644,592.0,13626.08,0,Contract,Group A,0
8417,2024-05,52411.53,0.06914,690.0,7519.23,1,Contract,Group A,1
8430,2024-05,26654.54,0.04973,624.0,7129.47,0,Salaried,Group A,0
8488,2024-05,53014.92,0.5049,605.0,30307.01,1,Contract,Group B,0
8616,2024-05,52468.28,0.27501,561.0,17419.22,0,Salaried,Group A,1
8617,2024-05,24866.02,0.26666,694.0,23284.0,0,Self employed,Group A,0
8620,2024-05,43616.77,0.42149,726.0,18898.27,0,Salaried,Group A,0
8664,2024-05,38606.24,0.22273,600.0,6972.47,0,Salaried,Group B,0
8666,2024-05,40510.46,0.44815,675.0,9361.5,1,Salaried,Group B,0
8667,2024-05,67069.72,0.42816,569.0,12628.42,2,Salaried,Group A,0
8686,2024-05,59359.59,0.35979,594.0,9966.8,0,Contract,Group B,1
8688,2024-05,37780.8,0.14711,771.0,27242.16,0,Contract,Group B,0
8691,2024-05,48792.38,0.46722,679.0,19345.57,0,Salaried,Group A,1
8719,2024-05,22066.07,0.0368,660.0,6167.64,0,Self employed,Group B,0
8724,2024-05,46329.08,0.29164,749.0,9398.53,0,Salaried,Group A,0
8759,2024-05,17652.35,0.3219,661.0,6734.27,0,Salaried,Group B,0
8767,2024-05,54099.22,0.10317,672.0,8556.79,0,Salaried,Group A,0
8770,2024-05,90720.79,0.27881,661.0,8731.37,1,Salaried,Group B,0
8778,2024-05,54367.6,0.81757,676.0,10223.75,0,Salaried,Group B,0
8798,2024-05,47067.28,0.36569,728.0,8295.5,1,Salaried,Group B,0
8813,2024-05,31698.34,0.45792,537.0,9414.99,0,Salaried,Group A,1
8854,2024-05,33852.09,0.34378,710.0,10087.77,0,Salaried,Group A,0
8860,2024-05,98072.85,0.46263,675.0,21341.78,0,Salaried,Group B,1
8878,2024-05,61661.83,0.13541,652.0,9391.97,1,Self employed,Group B,0
8915,2024-05,95606.64,0.24189,663.0,12989.37,0,Self employed,Group A,0
8918,2024-05,39972.64,0.10704,573.0,49774.3,2,Salaried,Group B,1
8923,2024-05,37986.03,0.29273,727.0,22777.39,0,Salaried,Group B,1
8989,2024-05,22098.03,0.5828,707.0,10073.27,0,Salaried,Group A,0
8992,2024-05,60629.67,0.00737,767.0,13776.66,0,Salaried,Group B,0
9090,2024-05,,0.44884,632.0,25268.02,0,Salaried,Group A,0
9099,2024-05,44055.47,0.53776,748.0,10033.66,1,Salaried,Group B,0
9130,2024-05,90349.29,0.17205,723.0,19282.22,0,Salaried,Group B,0
9164,2024-05,37179.61,0.19179,746.0,12464.94,0,Self employed,Group A,0
9186,2024-05,41150.84,0.40819,764.0,11467.48,0,Self employed,Group A,0
9190,2024-05,50056.49,0.02521,654.0,47521.45,1,Salaried,Group A,1
9257,2024-05,37637.9,0.46772,534.0,15669.32,3,Salaried,Group A,1
9296,2024-05,85733.45,0.25292,570.0,4761.07,0,Salaried,Group A,0
9304,2024-05,31975.33,0.53374,642.0,5106.59,1,Salaried,Group B,1
9349,2024-05,78673.27,0.40923,609.0,31365.69,0,Salaried,Group A,0
9474,2024-05,34474.82,0.31931,544.0,8212.8,0,Salaried,Group A,1
9492,2024-05,113473.45,0.39382,669.0,11647.23,0,Salaried,Group B,0
9507,2024-05,49492.25,0.21009,715.0,56256.53,0,Salaried,Group B,0
9521,2024-05,53731.83,0.21178,647.0,8332.62,0,Salaried,Group A,0
9540,2024-05,60674.69,0.12603,722.0,25335.36,0,Salaried,Group B,0
9542,2024-05,31445.37,0.21095,709.0,36933.97,0,Salaried,Group B,0
9576,2024-05,89662.87,0.18254,629.0,8628.21,0,Salaried,Group B,0
9580,2024-05,85414.07,0.2472,702.0,16874.94,1,Salaried,Group A,0
9653,2024-05,73338.64,0.27835,695.0,70734.06,0,Self employed,Group B,0
9685,2024-05,95801.47,0.0561,630.0,7737.24,2,Self employed,Group B,0
9704,2024-05,76073.46,0.26629,573.0,13024.38,0,Contract,Group A,1
9718,2024-05,22135.55,0.27403,674.0,3255.24,0,Salaried,Group A,1
9741,2024-05,35159.17,0.4896,741.0,6341.33,0,Salaried,Group A,1
9751,2024-05,57506.14,0.39751,630.0,13317.27,2,Salaried,Group B,0
9782,2024-05,58110.85,0.29099,607.0,1710.6,0,Contract,Group A,0
9787,2024-05,37908.41,0.04971,800.0,10700.61,1,Salaried,Group B,0
9791,2024-05,49960.42,0.09448,621.0,35014.73,2,Salaried,Group B,0
9811,2024-05,50088.98,0.22778,607.0,19513.47,1,Salaried,Group B,0
9817,2024-05,54549.5,0.29475,729.0,8804.98,0,Salaried,Group A,0
9837,2024-05,32120.5,0.31662,618.0,15150.18,0,Self employed,Group B,0
9868,2024-05,97003.99,0.40423,689.0,30070.5,0,Self employed,Group A,0
9870,2024-05,53083.18,0.23438,599.0,7038.1,1,Salaried,Group B,1
9879,2024-05,72609.63,0.49299,735.0,28806.08,1,Salaried,Group B,0
9886,2024-05,42747.59,0.28339,598.0,24904.65,0,Contract,Group A,1
9915,2024-05,39594.3,0.33209,560.0,12601.2,0,Contract,Group A,1
9918,2024-05,43521.77,0.23324,768.0,30848.29,0,Salaried,Group A,0
9935,2024-05,23322.76,0.17269,688.0,17723.09,0,Salaried,Group A,0
9982,2024-05,30193.73,0.01569,804.0,34615.9,1,Salaried,Group A,0
20,2024-06,51679.63,0.52586,527.0,15566.11,2,Salaried,Group A,0
28,2024-06,82742.97,0.54859,755.0,13035.93,0,Salaried,Group B,0
33,2024-06,52590.44,0.03024,656.0,11323.05,1,Salaried,Group B,0
78,2024-06,52775.93,0.43438,658.0,12968.89,0,Salaried,Group B,1
99,2024-06,51612.14,0.36522,771.0,14898.8,1,Salaried,Group A,0
147,2024-06,185025.78,0.23713,673.0,10815.83,1,Salaried,Group B,1
283,2024-06,43271.27,0.16843,693.0,13456.73,0,Salaried,Group A,0
289,2024-06,122566.38,0.58262,690.0,29109.17,1,Salaried,Group B,0
296,2024-06,85547.1,0.11337,664.0,3421.82,0,Salaried,Group B,0
321,2024-06,24222.68,0.45296,559.0,24084.91,0,Salaried,Group A,1
349,2024-06,66310.08,0.22737,628.0,19052.83,0,Self employed,Group B,1
380,2024-06,250000.0,0.26259,583.0,14480.56,0,Salaried,Group B,0
395,2024-06,85055.24,0.44691,632.0,15065.13,1,Contract,Group B,1
403,2024-06,72866.37,0.08048,577.0,5835.09,1,Salaried,Group A,0
412,2024-06,137365.09,0.27063,719.0,9514.79,0,Salaried,Group A,0
415,2024-06,97602.63,0.62335,637.0,13817.63,0,Salaried,Group B,1
432,2024-06,27483.55,0.16491,682.0,31495.31,0,Salaried,Group B,0
458,2024-06,116572.29,0.38145,704.0,16647.42,0,Self employed,Group B,0
536,2024-06,44947.35,0.13714,686.0,18496.54,1,Self employed,Group B,0
542,2024-06,77407.54,0.22364,633.0,20103.92,0,Salaried,Group A,0
557,2024-06,47325.19,0.47227,610.0,24090.84,0,Self employed,Group B,1
578,2024-06,29694.2,0.016,696.0,29049.36,0,Self employed,Group B,0
582,2024-06,42582.81,0.26469,530.0,22297.45,1,Self employed,Group A,0
589,2024-06,30657.58,0.313,727.0,36431.37,0,Contract,Group A,0
601,2024-06,45515.95,0.29348,631.0,4074.16,0,Salaried,Group B,1
602,2024-06,31504.8,0.63688,707.0,15109.5,0,Salaried,Group A,0
756,2024-06,66480.46,0.25293,587.0,21469.86,1,Salaried,Group B,0
772,2024-06,71105.92,0.13162,832.0,4248.32,0,Salaried,Group B,0
824,2024-06,52579.31,0.30612,779.0,28389.18,0,Salaried,Group A,0
861,2024-06,64988.35,0.26334,745.0,21864.17,0,Salaried,Group A,0
919,2024-06,44124.82,0.06044,757.0,27134.0,1,Contract,Group B,0
928,2024-06,30356.16,0.37188,588.0,15613.23,0,Salaried,Group A,1
938,2024-06,102253.51,0.02514,583.0,13480.28,0,Self employed,Group A,0
945,2024-06,,0.14749,754.0,17976.84,1,Salaried,Group A,0
952,2024-06,39215.0,0.14109,633.0,19228.72,2,Self employed,Group A,0
975,2024-06,60725.55,0.46821,698.0,21181.45,0,Salaried,Group B,0
980,2024-06,123510.74,0.27674,657.0,14895.94,2,Salaried,Group B,0
981,2024-06,97935.71,0.1306,799.0,20629.34,1,Salaried,Group A,0
1007,2024-06,71107.24,0.27443,799.0,6298.65,0,Salaried,Group B,0
1014,2024-06,31931.92,0.06175,666.0,20345.06,0,Self employed,Group B,0
1042,2024-06,25880.27,0.33225,639.0,12824.36,0,Self employed,Group B,0
1045,2024-06,49439.62,0.54782,642.0,26671.6,1,Salaried,Group B,1
1050,2024-06,89367.63,0.3562,735.0,6779.19,0,Self employed,Group A,0
1072,2024-06,77941.05,0.03496,673.0,26355.47,0,Contract,Group A,0
1148,2024-06,59784.33,0.37174,576.0,11864.86,0,Self employed,Group A,1
1172,2024-06,42181.64,0.33135,795.0,27901.1,1,Salaried,Group A,0
1190,2024-06,83916.94,0.22938,668.0,25434.45,1,Salaried,Group B,1
1203,2024-06,58238.4,0.18824,676.0,11347.56,0,Salaried,Group B,0
1303,2024-06,69155.88,0.36499,701.0,9421.38,0,Self employed,Group B,1
1308,2024-06,15411.66,0.45538,641.0,8147.71,0,Salaried,Group A,0
1339,2024-06,15441.42,0.15282,739.0,13819.83,1,Salaried,Group A,0
1358,2024-06,27364.54,0.04702,704.0,16935.52,1,Salaried,Group A,0
1393,2024-06,94550.75,0.25853,675.0,12222.54,0,Salaried,Group B,0
1437,2024-06,45935.08,0.4432,721.0,3125.87,1,Self employed,Group A,0
1464,2024-06,60616.27,0.40017,691.0,10500.71,0,Salaried,Group A,0
1472,2024-06,36697.47,0.05263,573.0,31489.96,0,Salaried,Group A,0
1490,2024-06,41232.35,0.57539,726.0,22024.6,0,Self employed,Group A,0
1526,2024-06,85045.71,0.32936,696.0,33297.49,0,Self employed,Group B,0
1531,2024-06,40924.11,0.14334,680.0,4666.98,0,Contract,Group A,0
1538,2024-06,73187.29,0.03924,695.0,9499.34,0,Salaried,Group B,0
1557,2024-06,48708.01,0.15235,639.0,12104.2,0,Self employed,Group A,1
1566,2024-06,69276.63,0.33267,765.0,3587.27,0,Salaried,Group A,1
1668,2024-06,94800.11,0.24041,760.0,25679.12,0,Contract,Group A,0
1688,2024-06,42680.28,0.2613,697.0,19185.68,0,Self employed,Group B,0
1694,2024-06,88962.27,0.33387,650.0,40809.76,0,Salaried,Group B,0
1712,2024-06,77225.63,0.36233,722.0,9524.63,1,Salaried,Group A,0
1726,2024-06,81822.38,0.46239,672.0,12493.77,0,Salaried,Group A,1
1740,2024-06,84178.83,0.25203,784.0,27220.17,0,Salaried,Group B,0
1742,2024-06,45784.75,0.31767,652.0,5569.07,1,Salaried,Group B,0
1798,2024-06,56640.85,0.46168,722.0,30550.75,0,Salaried,Group B,0
1905,2024-06,44386.39,0.34499,729.0,18015.6,0,Salaried,Group B,0
1913,2024-06,53187.01,0.19241,671.0,7664.02,0,Contract,Group A,0
1957,2024-06,47371.02,0.22996,679.0,16854.98,0,Salaried,Group B,0
1959,2024-06,47437.9,0.33143,671.0,41450.86,0,Salaried,Group A,0
1999,2024-06,58864.12,0.47652,686.0,14175.18,1,Salaried,Group A,0
2035,2024-06,49301.89,0.0778,630.0,30168.75,3,Self employed,Group B,1
2056,2024-06,83779.31,0.34705,602.0,25530.26,0,Salaried,Group B,0
2072,2024-06,138069.57,0.05884,601.0,16859.37,0,Salaried,Group A,0
2079,2024-06,65678.46,0.14958,642.0,4885.64,0,Salaried,Group A,0
2092,2024-06,41164.62,0.05417,615.0,5393.74,0,Salaried,Group B,1
2101,2024-06,102697.21,0.43261,621.0,23987.69,1,Salaried,Group B,1
2168,2024-06,28450.78,0.1623,684.0,22026.52,1,Salaried,Group B,0
2233,2024-06,75578.48,0.09772,692.0,14689.22,1,Salaried,Group B,0
2242,2024-06,31866.9,0.38338,697.0,56464.01,0,Salaried,Group A,1
2265,2024-06,54431.32,0.07784,625.0,20896.61,0,Salaried,Group A,0
2272,2024-06,69552.72,0.30951,583.0,16227.56,0,Salaried,Group A,1
2288,2024-06,33982.4,0.09984,675.0,6116.66,1,Salaried,Group A,0
2290,2024-06,18838.97,0.35241,534.0,23377.3,0,Salaried,Group A,1
2307,2024-06,58010.39,0.44993,694.0,10143.7,2,Self employed,Group A,1
2309,2024-06,53614.67,0.30105,766.0,18984.56,1,Salaried,Group A,0
2364,2024-06,42923.71,0.45615,699.0,5379.95,0,Salaried,Group B,0
2370,2024-06,22433.76,0.12042,677.0,35683.64,0,Salaried,Group A,0
2379,2024-06,53543.49,0.35284,606.0,7304.09,0,Contract,Group A,1
2414,2024-06,51488.81,0.07369,625.0,6154.64,0,Salaried,Group A,0
2467,2024-06,78086.64,0.10613,717.0,43510.51,0,Salaried,Group A,0
2474,2024-06,88434.28,0.54449,575.0,8498.21,0,Salaried,Group B,1
2530,2024-06,47550.22,0.14067,670.0,10669.91,0,Contract,Group A,0
2537,2024-06,72571.12,0.09687,676.0,19791.35,1,Salaried,Group B,0
2539,2024-06,36917.9,0.24075,680.0,49513.71,0,Salaried,Group B,0
2564,2024-06,73058.53,0.23707,678.0,22154.41,0,Self employed,Group A,0
2588,2024-06,40287.97,0.63395,781.0,37106.0,0,Salaried,Group A,1
2605,2024-06,42155.67,0.07566,702.0,13439.11,0,Salaried,Group A,0
2648,2024-06,33863.24,0.23238,740.0,11335.74,0,Salaried,Group B,0
2654,2024-06,49875.05,0.16773,642.0,8943.88,0,Contract,Group A,0
2723,2024-06,52312.17,0.48451,661.0,3482.87,0,Self employed,Group A,0
2807,2024-06,26421.77,0.0541,712.0,50723.0,0,Contract,Group B,1
2816,2024-06,42444.59,0.1939,622.0,9234.67,0,Contract,Group A,0
2827,2024-06,58529.24,0.44034,633.0,9423.94,0,Self employed,Group A,0
2838,2024-06,43064.13,0.13511,754.0,22588.81,0,Salaried,Group A,1
2896,2024-06,33489.29,0.19745,645.0,11110.62,0,Self employed,Group B,0
2991,2024-06,27267.95,0.17527,594.0,30735.86,0,Salaried,Group B,1
3009,2024-06,75941.64,0.31053,595.0,7237.66,0,Contract,Group B,0
3029,2024-06,62232.79,0.29598,705.0,9130.44,0,Salaried,Group B,0
3039,2024-06,34891.86,0.25727,717.0,15732.13,0,Contract,Group B,0
3047,2024-06,48269.94,0.3537,665.0,23624.72,0,Salaried,Group A,0
3052,2024-06,41985.75,0.83546,631.0,6204.85,0,Self employed,Group A,1
3082,2024-06,35613.88,0.65024,799.0,9381.57,0,Self employed,Group A,0
3104,2024-06,38818.79,0.08951,670.0,13273.9,0,Salaried,Group A,0
3144,2024-06,150210.49,0.66701,618.0,9920.43,0,Self employed,Group A,0
3161,2024-06,45040.45,0.10374,687.0,4988.93,0,Contract,Group B,0
3213,2024-06,51049.98,0.77954,613.0,16844.89,1,Salaried,Group B,1
3253,2024-06,77959.49,0.31625,700.0,12879.93,0,Salaried,Group A,0
3254,2024-06,103370.42,0.57312,685.0,11786.38,0,Salaried,Group B,1
3282,2024-06,33324.09,0.13928,600.0,75000.0,0,Self employed,Group B,1
3317,2024-06,250000.0,0.36295,703.0,14521.19,0,Self employed,Group A,0
3337,2024-06,62313.2,0.60257,651.0,15254.1,0,Self employed,Group A,0
3374,2024-06,61765.65,0.30807,539.0,12963.06,0,Contract,Group A,1
3390,2024-06,,0.08,620.0,22179.96,1,Salaried,Group B,1
3417,2024-06,24225.63,0.26027,754.0,13513.85,1,Contract,Group A,0
3446,2024-06,39845.54,0.08376,694.0,18264.35,0,Self employed,Group A,1
3456,2024-06,170401.89,0.18676,653.0,30145.31,0,Salaried,Group A,0
3482,2024-06,70411.91,0.23266,699.0,4784.39,0,Salaried,Group A,0
3483,2024-06,47549.71,0.23438,799.0,11716.99,0,Salaried,Group A,0
3486,2024-06,162053.84,0.43258,662.0,12262.74,0,Salaried,Group B,0
3496,2024-06,44874.86,0.25128,674.0,22725.7,0,Salaried,Group A,0
3541,2024-06,53881.41,0.43603,589.0,4917.51,0,Contract,Group B,0
3558,2024-06,61169.65,0.71314,850.0,12622.64,1,Salaried,Group A,0
3570,2024-06,30282.13,0.25552,570.0,46247.61,2,Salaried,Group A,0
3581,2024-06,15000.0,0.31797,618.0,42892.7,0,Self employed,Group B,1
3608,2024-06,46980.09,0.2875,631.0,39525.21,1,Salaried,Group A,0
3680,2024-06,18549.88,0.39746,575.0,25068.98,0,Salaried,Group B,0
3695,2024-06,60165.9,0.45124,558.0,4567.2,0,Contract,Group A,1
3722,2024-06,78016.6,0.18692,627.0,8352.32,0,Self employed,Group A,0
3743,2024-06,34622.69,0.05385,732.0,33865.28,0,Self employed,Group B,0
3752,2024-06,60607.21,0.26281,678.0,11858.7,1,Contract,Group B,0
3783,2024-06,53732.46,0.33459,686.0,4133.34,1,Salaried,Group B,1
3788,2024-06,43918.22,0.20874,642.0,41162.36,0,Salaried,Group A,1
3793,2024-06,166331.59,0.16643,680.0,24385.35,0,Salaried,Group B,0
3805,2024-06,56925.03,0.03537,673.0,8139.94,0,Contract,Group A,0
3810,2024-06,35584.97,0.21161,715.0,8000.04,0,Salaried,Group B,0
3833,2024-06,66619.68,0.31753,693.0,8546.82,1,Self employed,Group B,1
3850,2024-06,34611.12,0.28747,731.0,20200.33,0,Salaried,Group A,0
3855,2024-06,45717.59,0.23327,663.0,23209.02,0,Salaried,Group B,0
3870,2024-06,64228.25,0.13212,584.0,14458.69,0,Salaried,Group A,1
3914,2024-06,21699.32,0.47064,628.0,11304.23,1,Self employed,Group A,0
3928,2024-06,37913.96,0.0568,620.0,18009.49,0,Contract,Group A,0
3959,2024-06,48386.62,0.24625,636.0,13214.18,0,Salaried,Group B,0
3992,2024-06,133743.47,0.10266,700.0,9811.66,0,Salaried,Group A,0
3997,2024-06,207506.27,0.16777,779.0,5657.49,1,Salaried,Group B,0
4002,2024-06,67539.52,0.306,722.0,3937.59,0,Salaried,Group A,0
4003,2024-06,50367.55,0.19667,594.0,35713.71,1,Self employed,Group A,1
4014,2024-06,101429.06,0.16472,747.0,11361.9,1,Salaried,Group B,0
4026,2024-06,47088.07,0.02457,752.0,19635.52,1,Contract,Group A,0
4053,2024-06,38131.3,0.31459,704.0,16510.84,0,Self employed,Group A,0
4055,2024-06,92382.68,0.5789,748.0,6889.64,0,Contract,Group A,0
4103,2024-06,21794.8,0.23462,618.0,36333.47,0,Salaried,Group B,1
4161,2024-06,45748.29,0.3515,654.0,3340.33,0,Salaried,Group A,0
4170,2024-06,72732.19,0.02342,634.0,7438.3,0,Salaried,Group B,0
4181,2024-06,45207.52,0.22546,690.0,7402.3,0,Salaried,Group B,1
4221,2024-06,101693.32,0.21966,633.0,20717.41,0,Salaried,Group A,0
4235,2024-06,111775.54,0.57129,672.0,27141.36,0,Salaried,Group A,1
4279,2024-06,64312.04,0.21131,677.0,10340.79,0,Salaried,Group A,0
4283,2024-06,56257.21,0.16055,671.0,32249.07,1,Salaried,Group B,0
4299,2024-06,17524.44,0.17256,661.0,19770.28,0,Salaried,Group A,0
4324,2024-06,58833.61,0.22843,743.0,75000.0,0,Salaried,Group B,0
4328,2024-06,40067.1,0.23273,753.0,11580.24,0,Self employed,Group A,0
4345,2024-06,94045.15,0.08788,574.0,7773.4,1,Contract,Group A,1
4358,2024-06,39386.45,0.46694,757.0,8101.97,1,Salaried,Group B,0
4363,2024-06,35364.58,0.42811,783.0,29894.47,0,Salaried,Group A,1
4379,2024-06,50451.28,0.29895,696.0,8659.97,0,Salaried,Group B,0
4381,2024-06,70639.66,0.36378,710.0,61375.71,1,Salaried,Group B,0
4385,2024-06,27649.64,0.09021,551.0,12665.09,2,Salaried,Group B,1
4392,2024-06,107882.92,0.15315,612.0,20390.51,1,Self employed,Group B,1
4398,2024-06,36972.44,0.39823,705.0,6720.39,0,Salaried,Group A,0
4411,2024-06,62802.78,0.57482,601.0,23383.94,0,Salaried,Group A,1
4427,2024-06,117479.65,0.44548,676.0,4908.29,0,Self employed,Group A,1
4436,2024-06,42990.02,0.39559,771.0,45997.33,0,Self employed,Group B,0
4443,2024-06,51660.25,0.25873,714.0,7097.14,0,Salaried,Group A,0
4447,2024-06,96516.18,0.08933,695.0,9803.44,0,Salaried,Group A,0
4458,2024-06,51306.21,0.262,726.0,7438.42,0,Salaried,Group B,0
4478,2024-06,56299.01,0.14777,688.0,12888.94,0,Self employed,Group A,0
4503,2024-06,91329.6,0.42766,616.0,3695.91,0,Salaried,Group A,1
4531,2024-06,62734.96,0.20461,678.0,10585.38,1,Salaried,Group A,0
4604,2024-06,19544.98,0.18472,794.0,34673.71,0,Salaried,Group A,0
4610,2024-06,52889.02,0.45914,590.0,67828.48,1,Salaried,Group A,1
4624,2024-06,37104.06,0.14756,703.0,27687.9,0,Salaried,Group A,0
4675,2024-06,42818.29,0.17857,613.0,24763.9,1,Salaried,Group A,1
4685,2024-06,97455.93,0.33985,532.0,31866.24,0,Salaried,Group A,0
4689,2024-06,69251.06,0.33365,618.0,6590.84,0,Salaried,Group B,0
4700,2024-06,26280.46,0.23886,576.0,8520.72,0,Self employed,Group B,0
4728,2024-06,43809.66,0.40673,658.0,9794.87,0,Salaried,Group B,0
4783,2024-06,61855.23,0.11978,713.0,7624.29,0,Contract,Group A,0
4790,2024-06,37829.05,0.40356,618.0,24146.71,0,Self employed,Group B,1
4811,2024-06,59618.74,0.06806,662.0,6756.46,0,Salaried,Group A,0
4824,2024-06,37126.55,0.37632,691.0,12233.39,0,Salaried,Group A,1
4827,2024-06,97127.07,0.13383,741.0,12268.46,0,Self employed,Group A,0
4918,2024-06,56266.51,0.36641,677.0,9241.15,0,Salaried,Group B,0
4930,2024-06,61587.08,0.56051,725.0,5729.24,0,Salaried,Group B,0
4958,2024-06,37306.92,0.23058,709.0,12107.67,1,Salaried,Group A,0
4961,2024-06,37906.87,0.12482,618.0,21544.31,0,Salaried,Group B,0
4979,2024-06,26711.55,0.39667,691.0,13311.69,0,Self employed,Group A,1
5017,2024-06,95286.81,0.14454,669.0,5933.43,0,Salaried,Group A,0
5027,2024-06,71968.15,0.58261,606.0,15504.82,0,Salaried,Group B,0
5058,2024-06,44590.48,0.08045,726.0,6458.82,0,Salaried,Group B,0
5080,2024-06,54765.17,0.05114,587.0,18397.73,1,Contract,Group B,1
5084,2024-06,56679.97,0.27603,668.0,5930.89,0,Salaried,Group A,0
5130,2024-06,48403.84,0.60909,693.0,18125.48,0,Salaried,Group B,0
5140,2024-06,33387.19,0.18599,751.0,13932.05,0,Salaried,Group B,0
5194,2024-06,37963.5,0.34983,548.0,15937.28,0,Salaried,Group A,1
5207,2024-06,51480.36,0.21906,716.0,8909.26,0,Salaried,Group B,0
5235,2024-06,55738.36,0.34988,679.0,10940.62,0,Salaried,Group B,0
5291,2024-06,42503.86,0.04711,777.0,14139.3,0,Self employed,Group A,0
5303,2024-06,32561.07,0.61469,694.0,17722.36,0,Salaried,Group A,0
5336,2024-06,38212.26,0.38301,752.0,15545.37,0,Salaried,Group B,0
5340,2024-06,29638.44,0.09892,708.0,12276.77,0,Salaried,Group B,0
5366,2024-06,21091.76,0.07742,627.0,28974.08,1,Salaried,Group B,0
5378,2024-06,65453.92,0.45421,662.0,14130.57,0,Salaried,Group B,0
5422,2024-06,83127.21,0.57403,641.0,16123.09,0,Salaried,Group A,0
5429,2024-06,144427.39,0.33326,617.0,2038.71,0,Contract,Group B,0
5435,2024-06,37762.02,0.16146,664.0,13347.05,1,Salaried,Group A,1
5440,2024-06,128100.27,0.27698,638.0,11184.67,0,Contract,Group A,1
5443,2024-06,37052.75,0.07187,604.0,20386.96,0,Salaried,Group A,0
5455,2024-06,,0.27964,589.0,12546.68,0,Self employed,Group A,0
5473,2024-06,71044.91,0.55595,603.0,8025.08,1,Contract,Group B,1
5502,2024-06,70933.27,0.09816,670.0,9587.93,0,Self employed,Group A,1
5542,2024-06,86993.98,0.34473,628.0,16901.52,0,Salaried,Group B,0
5554,2024-06,66774.41,0.198,668.0,5572.62,1,Contract,Group B,0
5556,2024-06,40154.11,0.60599,642.0,11208.72,1,Self employed,Group B,0
5573,2024-06,49764.1,0.26689,676.0,4714.69,0,Salaried,Group B,0
5702,2024-06,91724.34,0.16791,680.0,18644.89,0,Salaried,Group A,0
5706,2024-06,53093.71,0.19578,735.0,5789.5,1,Salaried,Group A,0
5711,2024-06,,0.58714,639.0,7879.3,0,Salaried,Group A,0
5729,2024-06,56751.53,0.3028,767.0,7365.06,0,Salaried,Group A,0
5733,2024-06,35701.07,0.03762,602.0,10468.93,0,Salaried,Group B,0
5744,2024-06,65026.55,0.23225,671.0,20276.76,0,Salaried,Group A,0
5747,2024-06,71614.26,0.1541,704.0,32368.09,0,Contract,Group A,0
5776,2024-06,35795.1,0.02651,581.0,6944.89,0,Self employed,Group B,1
5803,2024-06,57590.12,0.15555,589.0,68589.19,0,Salaried,Group A,1
5804,2024-06,81343.74,0.36887,639.0,18710.82,0,Salaried,Group B,0
5845,2024-06,79094.94,0.70762,746.0,21558.79,0,Salaried,Group A,0
5899,2024-06,,0.59915,600.0,20066.21,0,Self employed,Group A,1
5935,2024-06,52151.86,0.15349,671.0,11843.42,0,Contract,Group A,0
5949,2024-06,24791.57,0.09402,625.0,17087.7,0,Contract,Group B,0
5960,2024-06,76088.7,0.30407,723.0,10880.7,0,Self employed,Group A,0
5971,2024-06,61532.28,0.30214,543.0,25475.48,0,Salaried,Group A,1
5974,2024-06,79485.9,0.59998,710.0,5111.09,0,Contract,Group B,0
6045,2024-06,21376.4,0.27785,686.0,15341.33,0,Salaried,Group B,1
6064,2024-06,103021.31,0.40678,606.0,13469.75,0,Contract,Group A,1
6076,2024-06,65013.59,0.03855,628.0,17910.99,0,Salaried,Group B,0
6083,2024-06,60924.2,0.25762,567.0,5391.0,1,Self employed,Group A,0
6085,2024-06,64652.28,0.10391,729.0,8656.72,1,Self employed,Group A,0
6093,2024-06,123212.87,0.22806,608.0,8937.4,0,Contract,Group B,1
6114,2024-06,29524.6,0.11704,539.0,32077.21,1,Salaried,Group B,1
6117,2024-06,71325.67,0.02597,739.0,9409.12,0,Salaried,Group B,0
6123,2024-06,62984.63,0.24743,680.0,9943.52,0,Self employed,Group B,0
6126,2024-06,,0.24086,644.0,11913.45,0,Salaried,Group B,0
6146,2024-06,27394.54,0.27625,609.0,14838.35,0,Salaried,Group A,0
6158,2024-06,97522.65,0.25783,760.0,47364.26,0,Salaried,Group A,0
6172,2024-06,15780.78,0.04248,661.0,48212.76,0,Salaried,Group B,0
6178,2024-06,45857.32,0.15407,601.0,11948.42,0,Salaried,Group B,0
6208,2024-06,64915.05,0.23344,552.0,12214.75,0,Salaried,Group B,1
6246,2024-06,57636.22,0.18321,758.0,10072.38,0,Self employed,Group B,0
6266,2024-06,26386.97,0.39697,641.0,28000.76,0,Salaried,Group A,1
6311,2024-06,60449.51,0.27129,668.0,24557.15,2,Salaried,Group A,1
6330,2024-06,25456.72,0.4229,672.0,8138.19,0,Self employed,Group B,0
6333,2024-06,130780.14,0.31919,698.0,8064.6,1,Salaried,Group A,0
6339,2024-06,40793.6,0.30445,669.0,20547.87,0,Contract,Group B,0
6373,2024-06,128456.49,0.2274,822.0,18304.87,1,Contract,Group B,0
6391,2024-06,57202.27,0.05403,697.0,45877.19,0,Salaried,Group B,0
6393,2024-06,32269.63,0.62823,750.0,21015.02,0,Self employed,Group B,0
6412,2024-06,31805.68,0.22632,562.0,9949.56,1,Self employed,Group B,0
6413,2024-06,47947.47,0.29503,702.0,23152.03,1,Contract,Group A,0
6460,2024-06,38930.23,0.58569,737.0,13865.51,0,Self employed,Group A,0
6482,2024-06,73320.27,0.6618,722.0,9580.16,0,Salaried,Group A,1
6485,2024-06,91948.11,0.51119,718.0,13830.07,0,Contract,Group B,1
6487,2024-06,61885.39,0.18339,536.0,31315.83,0,Salaried,Group B,0
6552,2024-06,32857.05,0.03064,593.0,5675.87,0,Self employed,Group A,0
6554,2024-06,19741.7,0.56435,649.0,15698.53,0,Salaried,Group B,0
6567,2024-06,54945.55,0.12834,655.0,11348.96,0,Salaried,Group B,1
6576,2024-06,20006.57,0.22239,767.0,15525.92,0,Contract,Group B,0
6577,2024-06,146973.32,0.07777,731.0,13492.72,0,Salaried,Group B,0
6669,2024-06,40429.53,0.02354,571.0,9353.22,1,Salaried,Group B,0
6675,2024-06,75498.68,0.26316,592.0,14376.17,0,Contract,Group B,1
6678,2024-06,,0.19934,661.0,5583.36,0,Salaried,Group A,0
6726,2024-06,63739.52,0.24773,590.0,9513.56,0,Contract,Group B,1
6729,2024-06,45667.48,0.10837,678.0,12474.29,0,Salaried,Group B,0
6757,2024-06,38118.4,0.01704,477.0,6434.7,0,Salaried,Group B,0
6768,2024-06,117446.01,0.05799,740.0,8290.13,1,Contract,Group A,0
6771,2024-06,60363.99,0.43599,639.0,18335.24,1,Salaried,Group B,1
6772,2024-06,46406.43,0.09585,726.0,8694.85,0,Salaried,Group B,0
6784,2024-06,60877.21,0.19808,700.0,8510.74,0,Salaried,Group B,0
6788,2024-06,75936.26,0.30757,653.0,17712.63,1,Salaried,Group B,0
6809,2024-06,87229.17,0.28278,735.0,13884.41,0,Salaried,Group A,0
6862,2024-06,77804.63,0.42813,615.0,18005.09,0,Salaried,Group B,0
6873,2024-06,30674.61,0.59556,707.0,21789.68,0,Self employed,Group B,0
6951,2024-06,60833.38,0.06703,625.0,28410.47,0,Salaried,Group B,0
6957,2024-06,78640.08,0.63592,555.0,23201.55,0,Self employed,Group B,1
6974,2024-06,50802.65,0.47778,609.0,7889.59,2,Salaried,Group A,1
6988,2024-06,66181.5,0.30599,684.0,14073.97,1,Salaried,Group A,0
7016,2024-06,25456.67,0.13357,593.0,9768.19,0,Salaried,Group B,0
7054,2024-06,74428.17,0.49009,673.0,9438.82,1,Self employed,Group A,0
7084,2024-06,33821.34,0.67424,605.0,44291.11,0,Self employed,Group B,1
7109,2024-06,137800.02,0.11325,654.0,38855.11,0,Salaried,Group A,0
7137,2024-06,120395.77,0.16559,765.0,29350.6,1,Salaried,Group A,0
7206,2024-06,28635.74,0.47763,721.0,7286.21,0,Self employed,Group A,1
7228,2024-06,62422.36,0.13041,522.0,39629.32,0,Salaried,Group B,1
7235,2024-06,91352.83,0.16304,585.0,41563.72,0,Salaried,Group B,0
7245,2024-06,28804.63,0.12571,675.0,18267.93,1,Salaried,Group A,0
7402,2024-06,51483.51,0.15585,638.0,19552.9,1,Self employed,Group A,0
7405,2024-06,39665.6,0.0581,557.0,17730.67,2,Salaried,Group A,0
7451,2024-06,100464.65,0.47902,626.0,16612.99,0,Salaried,Group A,0
7469,2024-06,38048.71,0.38223,666.0,27950.14,0,Salaried,Group B,1
7482,2024-06,64985.5,0.25825,714.0,7934.53,0,Self employed,Group A,0
7500,2024-06,166267.17,0.54638,670.0,7263.13,3,Salaried,Group B,0
7519,2024-06,49478.61,0.35875,642.0,17305.58,0,Self employed,Group A,0
7521,2024-06,45429.55,0.07148,706.0,29231.61,1,Contract,Group B,0
7555,2024-06,55429.2,0.20378,681.0,9062.8,0,Salaried,Group A,0
7565,2024-06,75443.16,0.52567,718.0,31528.24,0,Salaried,Group A,0
7594,2024-06,55787.39,0.25845,660.0,9186.54,0,Contract,Group A,0
7608,2024-06,56923.42,0.11107,686.0,11960.37,0,Salaried,Group B,0
7630,2024-06,68447.43,0.35472,650.0,16413.66,0,Self employed,Group B,1
7632,2024-06,58299.05,0.33654,694.0,18732.6,0,Salaried,Group A,0
7646,2024-06,246467.21,0.38944,792.0,19204.13,0,Salaried,Group A,0
7664,2024-06,46918.52,0.38463,662.0,19057.76,0,Salaried,Group A,0
7715,2024-06,32744.56,0.10585,749.0,20286.64,0,Salaried,Group A,0
7739,2024-06,43831.04,0.46184,721.0,14568.06,0,Salaried,Group B,0
7759,2024-06,95957.4,0.17311,557.0,9602.33,0,Salaried,Group B,1
7775,2024-06,103940.61,0.3871,777.0,27368.42,0,Self employed,Group B,0
7787,2024-06,63855.85,0.40238,688.0,18012.21,0,Salaried,Group A,0
7789,2024-06,35391.19,0.16804,624.0,15341.07,0,Self employed,Group B,0
7804,2024-06,28691.26,0.14403,614.0,13147.53,2,Self employed,Group A,1
7826,2024-06,50840.82,0.13458,748.0,16206.57,1,Contract,Group B,1
7893,2024-06,17832.5,0.20231,751.0,11920.65,1,Self employed,Group B,0
7919,2024-06,42759.81,0.03255,742.0,9756.79,0,Salaried,Group A,0
7995,2024-06,76552.17,0.41116,743.0,9460.72,0,Salaried,Group A,0
8094,2024-06,99139.66,0.22898,593.0,11111.11,1,Contract,Group A,0
8097,2024-06,78510.91,0.28966,667.0,7952.53,0,Salaried,Group A,0
8103,2024-06,44523.97,0.1298,659.0,20862.43,0,Salaried,Group B,0
8114,2024-06,70788.1,0.46046,738.0,19892.21,1,Salaried,Group A,0
8144,2024-06,36435.48,0.45928,768.0,12838.97,0,Salaried,Group B,0
8146,2024-06,38277.39,0.17653,778.0,5584.34,0,Self employed,Group A,0
8185,2024-06,126901.92,0.2123,668.0,11098.9,1,Self employed,Group B,0
8201,2024-06,41393.13,0.29687,801.0,15864.89,1,Salaried,Group A,0
8255,2024-06,38151.57,0.36872,663.0,32269.18,0,Salaried,Group A,0
8286,2024-06,36858.98,0.36662,600.0,10783.37,0,Self employed,Group B,1
8298,2024-06,60698.17,0.12801,655.0,9718.27,1,Contract,Group B,0
8301,2024-06,56576.48,0.33456,739.0,25693.82,1,Salaried,Group B,0
8306,2024-06,34112.29,0.25914,792.0,40631.6,0,Salaried,Group B,0
8349,2024-06,24764.64,0.75482,664.0,25464.22,0,Self employed,Group B,1
8363,2024-06,78699.01,0.32932,760.0,33785.5,0,Contract,Group A,0
8366,2024-06,30929.68,0.06314,647.0,8356.33,1,Contract,Group B,0
8372,2024-06,,0.53921,715.0,8236.17,1,Contract,Group A,0
8380,2024-06,43766.29,0.32777,726.0,31924.36,1,Salaried,Group B,0
8402,2024-06,97952.69,0.46842,798.0,21429.01,2,Self employed,Group A,1
8403,2024-06,80684.09,0.48822,702.0,6082.64,0,Salaried,Group A,0
8409,2024-06,31424.45,0.54676,734.0,9333.99,0,Salaried,Group B,0
8449,2024-06,125108.97,0.35425,650.0,4923.42,1,Salaried,Group B,0
8478,2024-06,43644.87,0.19209,709.0,33982.72,1,Salaried,Group B,0
8527,2024-06,32394.4,0.32517,650.0,12841.17,0,Self employed,Group A,0
8555,2024-06,111038.48,0.27848,608.0,7175.19,1,Self employed,Group A,0
8589,2024-06,19208.73,0.28872,784.0,32439.72,0,Contract,Group B,0
8614,2024-06,98537.8,0.37481,657.0,16221.14,0,Self employed,Group A,1
8621,2024-06,19276.42,0.1697,720.0,19157.08,0,Salaried,Group A,0
8627,2024-06,47586.21,0.56839,627.0,12656.99,1,Contract,Group A,0
8652,2024-06,51799.64,0.34051,783.0,8297.57,0,Salaried,Group B,0
8731,2024-06,73492.77,0.15653,595.0,20130.19,0,Salaried,Group B,0
8773,2024-06,44124.74,0.45238,617.0,9108.32,0,Salaried,Group A,0
8776,2024-06,46336.09,0.33694,689.0,31154.22,1,Salaried,Group B,0
8829,2024-06,43675.6,0.11103,642.0,25386.19,0,Salaried,Group A,0
8841,2024-06,50903.02,0.37674,631.0,75000.0,0,Salaried,Group B,0
8868,2024-06,84302.73,0.75135,564.0,17784.45,0,Contract,Group B,1
8879,2024-06,61726.55,0.28082,579.0,75000.0,0,Salaried,Group A,1
8936,2024-06,193314.12,0.13505,800.0,23762.81,0,Self employed,Group B,0
8945,2024-06,33916.32,0.12673,746.0,11230.74,0,Salaried,Group A,0
8972,2024-06,74336.12,0.31045,527.0,29424.03,0,Salaried,Group A,1
9016,2024-06,93093.59,0.19816,504.0,11418.64,0,Salaried,Group A,1
9030,2024-06,29827.24,0.34264,745.0,24162.4,1,Salaried,Group A,0
9097,2024-06,21306.55,0.27977,602.0,23088.79,0,Contract,Group A,1
9111,2024-06,68712.3,0.51996,676.0,11585.46,0,Self employed,Group B,0
9126,2024-06,76888.53,0.14212,659.0,8010.7,1,Salaried,Group B,0
9155,2024-06,88643.29,0.07874,637.0,19882.84,0,Salaried,Group A,0
9169,2024-06,52762.02,0.36052,556.0,4394.8,0,Contract,Group A,1
9196,2024-06,37365.15,0.39285,680.0,7946.98,0,Self employed,Group B,1
9204,2024-06,50681.22,0.16864,756.0,13390.17,0,Salaried,Group B,0
9207,2024-06,52338.66,0.54773,684.0,17072.68,3,Salaried,Group A,0
9210,2024-06,78574.74,0.30229,642.0,15975.28,1,Salaried,Group A,0
9216,2024-06,88350.58,0.52306,683.0,25490.56,0,Salaried,Group A,0
9230,2024-06,94597.28,0.44131,648.0,11117.83,2,Self employed,Group B,0
9231,2024-06,16472.87,0.63686,669.0,28569.92,0,Salaried,Group B,1
9242,2024-06,102204.5,0.25121,622.0,15179.76,0,Salaried,Group A,1
9261,2024-06,33367.61,0.65947,739.0,38230.34,1,Salaried,Group A,0
9273,2024-06,47641.12,0.18801,627.0,3755.96,0,Self employed,Group B,0
9392,2024-06,29983.84,0.2312,574.0,6309.55,0,Salaried,Group B,0
9442,2024-06,22020.1,0.28651,726.0,12703.25,0,Salaried,Group A,0
9454,2024-06,34366.0,0.26036,631.0,7628.31,0,Contract,Group B,1
9461,2024-06,55834.84,0.21244,792.0,41295.87,0,Self employed,Group A,0
9517,2024-06,121640.8,0.1471,604.0,10894.86,0,Salaried,Group B,0
9529,2024-06,104263.67,0.22274,803.0,15397.28,2,Contract,Group A,0
9535,2024-06,39105.75,0.14361,565.0,9554.17,1,Salaried,Group A,1
9553,2024-06,82179.48,0.41986,655.0,19649.63,1,Salaried,Group A,0
9555,2024-06,75302.51,0.32134,644.0,17667.23,0,Self employed,Group B,0
9589,2024-06,53094.6,0.49192,581.0,27429.3,1,Salaried,Group A,1
9620,2024-06,44575.4,0.47992,730.0,12605.1,0,Self employed,Group B,1
9640,2024-06,148062.71,0.32367,623.0,19227.74,0,Salaried,Group B,0
9673,2024-06,15000.0,0.24074,612.0,12855.19,0,Salaried,Group B,1
9777,2024-06,58134.04,0.56181,645.0,8148.15,0,Contract,Group B,1
9854,2024-06,40745.52,0.21592,595.0,7122.99,1,Salaried,Group A,1
9877,2024-06,30774.15,0.3353,764.0,20974.67,0,Salaried,Group A,0
9927,2024-06,54846.46,0.15992,675.0,24536.09,0,Self employed,Group B,0
9994,2024-06,250000.0,0.08611,648.0,17782.91,0,Contract,Group A,0
3,2024-07,93771.34,0.45058,717.0,12048.15,0,Self employed,Group A,0
34,2024-07,36088.73,0.31,701.0,75000.0,0,Salaried,Group A,1
140,2024-07,32948.78,0.29728,689.0,9120.88,0,Contract,Group A,0
141,2024-07,36769.05,0.12455,714.0,5359.34,1,Self employed,Group B,0
153,2024-07,29920.93,0.18615,624.0,9996.56,0,Salaried,Group A,0
177,2024-07,,0.38073,671.0,12192.96,0,Salaried,Group A,0
187,2024-07,48981.92,0.42775,815.0,10135.28,0,Contract,Group B,1
254,2024-07,30091.63,0.74553,554.0,12518.32,0,Salaried,Group B,1
278,2024-07,68675.37,0.16497,607.0,7048.53,0,Salaried,Group A,1
307,2024-07,119917.07,0.22456,619.0,52788.71,0,Salaried,Group A,0
315,2024-07,36972.42,0.02521,772.0,5476.07,0,Salaried,Group A,0
316,2024-07,42571.67,0.02577,668.0,17750.42,1,Salaried,Group B,0
378,2024-07,96686.07,0.10076,770.0,13464.61,0,Salaried,Group A,0
394,2024-07,58301.02,0.0679,683.0,3923.6,0,Salaried,Group B,0
407,2024-07,42856.87,0.10296,696.0,8721.84,0,Salaried,Group A,0
408,2024-07,115762.76,0.53037,668.0,11253.99,0,Salaried,Group A,0
416,2024-07,32456.67,0.10094,537.0,16113.14,0,Salaried,Group A,0
455,2024-07,31388.77,0.20962,607.0,7340.32,0,Self employed,Group A,0
484,2024-07,65428.02,0.13306,666.0,38878.22,2,Self employed,Group A,0
488,2024-07,69080.66,0.36277,748.0,7688.81,0,Salaried,Group A,0
490,2024-07,34591.47,0.14033,628.0,11170.85,1,Salaried,Group A,0
516,2024-07,30886.3,0.21066,626.0,14972.91,0,Salaried,Group A,0
527,2024-07,139790.53,0.31171,704.0,9898.38,0,Contract,Group A,1
571,2024-07,49499.72,0.20368,639.0,16959.27,0,Salaried,Group A,0
592,2024-07,52009.77,0.28261,692.0,72235.53,1,Salaried,Group A,0
599,2024-07,57435.99,0.18415,564.0,5696.78,0,Contract,Group A,1
617,2024-07,30050.33,0.344,715.0,9176.58,0,Contract,Group A,0
664,2024-07,40209.54,0.07809,696.0,5071.71,0,Self employed,Group A,0
725,2024-07,57794.64,0.17529,755.0,42613.21,1,Self employed,Group B,1
733,2024-07,48723.48,0.19174,679.0,15626.26,0,Salaried,Group A,0
744,2024-07,76043.55,0.32862,786.0,25238.49,0,Salaried,Group B,0
751,2024-07,59616.69,0.28331,616.0,15922.76,1,Self employed,Group B,0
816,2024-07,18860.32,0.35375,657.0,9776.84,0,Salaried,Group B,1
957,2024-07,115490.32,0.10543,629.0,18062.05,0,Salaried,Group B,1
1044,2024-07,39382.4,0.50541,724.0,24465.41,0,Salaried,Group A,0
1064,2024-07,54750.17,0.48707,684.0,7537.34,0,Salaried,Group A,1
1079,2024-07,34754.58,0.32636,636.0,38064.44,1,Contract,Group A,1
1122,2024-07,63678.22,0.30453,575.0,10445.0,1,Self employed,Group B,0
1168,2024-07,76822.85,0.27602,682.0,10508.21,0,Salaried,Group A,0
1175,2024-07,87332.06,0.4052,635.0,19184.73,1,Salaried,Group B,1
1183,2024-07,42828.72,0.09731,594.0,5099.98,0,Salaried,Group A,0
1189,2024-07,27576.24,0.28211,682.0,17969.11,1,Contract,Group A,0
1244,2024-07,15119.52,0.06514,658.0,14938.48,0,Salaried,Group A,0
1276,2024-07,36344.8,0.26376,650.0,13444.63,0,Salaried,Group A,0
1282,2024-07,101511.39,0.0395,633.0,24158.33,0,Salaried,Group A,0
1294,2024-07,42376.14,0.33073,649.0,9138.11,0,Salaried,Group A,0
1338,2024-07,37020.68,0.10393,674.0,26057.43,0,Salaried,Group A,0
1359,2024-07,40205.15,0.48883,778.0,19356.04,0,Self employed,Group A,0
1360,2024-07,102249.31,0.14132,670.0,11011.59,0,Salaried,Group A,0
1362,2024-07,58491.82,0.37188,760.0,19861.13,0,Salaried,Group A,0
1413,2024-07,52817.64,0.18685,665.0,16411.78,0,Salaried,Group A,1
1430,2024-07,65407.05,0.30169,740.0,4215.81,0,Salaried,Group B,0
1469,2024-07,70574.41,0.31927,592.0,7143.16,1,Salaried,Group A,0
1512,2024-07,23556.45,0.14703,673.0,20727.77,0,Contract,Group A,0
1525,2024-07,41489.75,0.4387,579.0,6276.1,0,Salaried,Group B,1
1629,2024-07,64246.4,0.36472,639.0,17751.85,0,Contract,Group B,0
1656,2024-07,43808.42,0.16082,725.0,10861.65,0,Salaried,Group A,0
1801,2024-07,39733.27,0.27317,731.0,22462.45,0,Salaried,Group A,0
1835,2024-07,53113.85,0.34213,768.0,45950.54,0,Salaried,Group A,0
1839,2024-07,91916.12,0.29344,609.0,37175.41,0,Salaried,Group A,0
1858,2024-07,60023.04,0.59757,675.0,16664.03,1,Salaried,Group A,0
1891,2024-07,86352.73,0.21963,716.0,13724.36,1,Contract,Group B,0
1901,2024-07,56956.48,0.36136,704.0,12839.27,0,Salaried,Group A,0
1906,2024-07,30779.43,0.17474,702.0,68861.27,1,Salaried,Group B,0
1944,2024-07,71694.76,0.18089,785.0,12566.35,0,Salaried,Group A,0
1960,2024-07,34645.67,0.09896,632.0,30667.39,0,Salaried,Group B,1
1975,2024-07,66989.97,0.20405,555.0,30438.66,1,Salaried,Group B,1
1986,2024-07,51430.12,0.23411,578.0,5265.25,0,Salaried,Group B,1
1993,2024-07,,0.21616,751.0,12617.78,0,Contract,Group A,0
1994,2024-07,29478.45,0.30295,850.0,11315.98,0,Salaried,Group A,0
2008,2024-07,57643.17,0.15749,646.0,12812.47,1,Salaried,Group A,0
2023,2024-07,72535.29,0.05962,621.0,12279.8,0,Self employed,Group A,0
2036,2024-07,89247.27,0.52768,639.0,24844.67,0,Contract,Group B,1
2082,2024-07,45324.11,0.41003,668.0,25429.28,0,Salaried,Group A,1
2111,2024-07,74011.41,0.33496,679.0,20401.59,1,Contract,Group B,0
2150,2024-07,105483.96,0.20091,692.0,7532.96,1,Contract,Group A,0
2156,2024-07,57731.4,0.26914,680.0,7508.79,0,Salaried,Group A,0
2172,2024-07,48146.59,0.18266,493.0,9979.23,0,Salaried,Group B,1
2174,2024-07,39514.85,0.28624,661.0,7308.4,0,Self employed,Group B,0
2183,2024-07,51634.12,0.29639,627.0,15887.22,0,Salaried,Group B,0
2193,2024-07,62785.69,0.44137,646.0,8960.94,0,Salaried,Group B,1
2201,2024-07,119289.4,0.17226,658.0,4788.25,0,Self employed,Group B,0
2247,2024-07,77678.71,0.3294,785.0,25931.03,0,Salaried,Group A,0
2280,2024-07,71218.99,0.27093,712.0,5546.0,0,Salaried,Group A,0
2314,2024-07,28631.31,0.06138,678.0,23188.19,0,Salaried,Group B,0
2329,2024-07,56387.54,0.48418,672.0,28536.97,0,Salaried,Group A,0
2336,2024-07,30289.45,0.23003,658.0,8498.65,0,Salaried,Group A,0
2345,2024-07,41835.05,0.23466,581.0,18301.15,0,Self employed,Group B,0
2401,2024-07,58821.44,0.28287,631.0,6634.05,0,Salaried,Group B,1
2427,2024-07,43227.03,0.22251,662.0,21664.73,1,Salaried,Group B,1
2437,2024-07,40457.52,0.05386,721.0,3545.68,0,Salaried,Group B,0
2469,2024-07,63771.48,0.13995,698.0,7341.94,0,Salaried,Group B,0
2492,2024-07,15534.88,0.31408,658.0,7598.66,1,Salaried,Group A,1
2495,2024-07,95950.49,0.14939,610.0,10437.44,0,Self employed,Group B,0
2655,2024-07,141504.82,0.18036,763.0,18338.49,0,Salaried,Group A,0
2656,2024-07,56909.97,0.27014,670.0,27425.78,1,Salaried,Group A,0
2666,2024-07,41445.46,0.42402,730.0,74609.47,0,Self employed,Group A,0
2673,2024-07,19814.85,0.09676,682.0,21497.66,0,Salaried,Group A,0
2742,2024-07,69436.84,0.37358,780.0,31032.53,0,Contract,Group B,0
2794,2024-07,88016.44,0.14746,636.0,30380.48,0,Salaried,Group A,1
2850,2024-07,118493.51,0.36103,692.0,27167.62,1,Salaried,Group B,0
2969,2024-07,50026.12,0.06453,547.0,44904.48,0,Salaried,Group A,1
3038,2024-07,70129.53,0.53879,746.0,3917.49,0,Salaried,Group A,0
3042,2024-07,51028.48,0.27618,719.0,66266.83,0,Salaried,Group B,0
3043,2024-07,26077.02,0.39838,703.0,15455.38,0,Salaried,Group A,1
3050,2024-07,61839.06,0.13088,741.0,10292.22,0,Self employed,Group B,0
3095,2024-07,64026.59,0.16064,543.0,5307.03,1,Self employed,Group A,1
3132,2024-07,101956.71,0.32003,686.0,6125.25,1,Contract,Group A,0
3170,2024-07,53269.09,0.21906,581.0,37760.33,1,Contract,Group B,0
3182,2024-07,52080.65,0.45405,629.0,49405.5,1,Salaried,Group B,1
3189,2024-07,57900.45,0.47474,621.0,6262.84,1,Salaried,Group A,0
3211,2024-07,37827.21,0.36359,643.0,25521.78,0,Salaried,Group A,0
3250,2024-07,67608.05,0.26616,619.0,34354.52,0,Self employed,Group A,1
3272,2024-07,48258.37,0.22262,646.0,6552.68,0,Salaried,Group B,0
3322,2024-07,59120.71,0.50035,764.0,19332.24,1,Salaried,Group A,0
3372,2024-07,39893.47,0.33317,687.0,13641.72,0,Salaried,Group A,0
3412,2024-07,15753.02,0.07102,715.0,5840.61,0,Salaried,Group B,0
3415,2024-07,59749.03,0.04352,690.0,14891.75,0,Salaried,Group A,0
3425,2024-07,91154.5,0.20779,669.0,30742.26,1,Salaried,Group A,0
3440,2024-07,32042.29,0.02224,586.0,11919.19,0,Salaried,Group A,0
3461,2024-07,,0.35879,738.0,15064.42,1,Salaried,Group B,0
3471,2024-07,47862.36,0.31614,691.0,10882.31,0,Self employed,Group B,0
3480,2024-07,53536.34,0.09983,766.0,7529.85,0,Salaried,Group A,0
3528,2024-07,58944.48,0.44262,711.0,10062.6,0,Salaried,Group A,0
3577,2024-07,48843.52,0.47226,704.0,17248.05,0,Salaried,Group B,1
3586,2024-07,53416.35,0.23917,641.0,5419.75,2,Self employed,Group B,0
3654,2024-07,91504.35,0.37099,595.0,12689.26,0,Salaried,Group A,0
3655,2024-07,78044.64,0.11613,631.0,6384.24,0,Salaried,Group B,0
3687,2024-07,37842.74,0.03338,735.0,8226.09,0,Salaried,Group A,0
3707,2024-07,75015.1,0.48138,584.0,10944.35,0,Contract,Group B,1
3736,2024-07,49777.77,0.35266,710.0,24500.54,0,Salaried,Group B,0
3767,2024-07,37780.25,0.26421,574.0,19358.59,1,Salaried,Group B,1
3905,2024-07,97001.77,0.49438,641.0,6083.65,0,Self employed,Group B,1
3913,2024-07,48013.71,0.4531,522.0,22915.48,2,Contract,Group A,1
3915,2024-07,117854.68,0.34613,570.0,49759.13,0,Contract,Group A,0
3993,2024-07,24059.1,0.08453,788.0,7920.19,1,Salaried,Group A,0
4094,2024-07,107773.87,0.1835,696.0,20063.69,0,Salaried,Group A,0
4117,2024-07,48077.56,0.2513,720.0,16496.94,0,Self employed,Group A,0
4118,2024-07,129073.71,0.10208,705.0,5295.94,1,Salaried,Group B,0
4119,2024-07,41059.61,0.25263,637.0,29108.94,0,Self employed,Group B,0
4142,2024-07,33011.4,0.38118,621.0,21981.17,0,Salaried,Group A,0
4150,2024-07,37930.69,0.14117,699.0,18257.64,0,Salaried,Group A,0
4171,2024-07,92104.51,0.25908,723.0,25675.8,0,Salaried,Group A,0
4172,2024-07,33893.28,0.17094,651.0,9714.22,0,Contract,Group B,1
4213,2024-07,84725.82,0.06738,717.0,18598.99,0,Self employed,Group A,0
4218,2024-07,34092.03,0.06399,829.0,26117.84,0,Contract,Group A,0
4245,2024-07,26982.7,0.49479,636.0,14695.82,0,Salaried,Group A,0
4251,2024-07,50194.93,0.15197,714.0,23723.21,1,Salaried,Group A,0
4267,2024-07,54731.39,0.11882,662.0,24503.79,1,Salaried,Group B,0
4277,2024-07,76205.68,0.01163,583.0,13779.79,0,Self employed,Group A,1
4288,2024-07,61869.0,0.08663,571.0,15857.18,0,Contract,Group A,0
4310,2024-07,60068.78,0.16966,591.0,27315.47,0,Salaried,Group A,0
4348,2024-07,56452.64,0.27445,805.0,23867.25,0,Self employed,Group B,0
4364,2024-07,20598.24,0.43673,587.0,33113.62,1,Salaried,Group B,0
4373,2024-07,45137.15,0.08794,655.0,27924.76,0,Salaried,Group A,0
4380,2024-07,55926.74,0.0261,583.0,36415.77,0,Salaried,Group A,0
4429,2024-07,68334.37,0.26058,700.0,9762.55,0,Salaried,Group A,0
4464,2024-07,48002.34,0.10102,634.0,1564.2,0,Salaried,Group B,0
4501,2024-07,55275.01,0.26445,626.0,21936.5,1,Salaried,Group B,0
4502,2024-07,70279.16,0.157,642.0,8397.32,1,Salaried,Group A,0
4544,2024-07,33636.07,0.38717,617.0,34886.39,0,Self employed,Group B,1
4565,2024-07,29758.2,0.62255,669.0,19599.08,0,Salaried,Group A,1
4612,2024-07,60705.38,0.20996,648.0,40200.33,1,Salaried,Group B,0
4651,2024-07,75224.48,0.49901,656.0,75000.0,0,Self employed,Group A,1
4673,2024-07,48131.88,0.14431,575.0,21240.91,3,Self employed,Group A,1
4684,2024-07,53440.0,0.13817,698.0,9608.8,0,Salaried,Group A,0
4694,2024-07,134523.83,0.07527,725.0,16190.44,0,Salaried,Group A,0
4712,2024-07,71725.01,0.23089,583.0,29283.11,1,Salaried,Group B,1
4730,2024-07,106820.62,0.08698,646.0,19665.67,0,Salaried,Group B,0
4736,2024-07,49505.39,0.52433,693.0,34805.47,0,Salaried,Group B,1
4786,2024-07,36867.98,0.30345,683.0,6530.14,0,Salaried,Group A,0
4817,2024-07,52789.91,0.28109,705.0,10508.45,1,Self employed,Group B,1
4850,2024-07,93446.14,0.08265,654.0,8786.86,0,Salaried,Group B,1
4854,2024-07,111571.27,0.25426,592.0,5665.76,0,Contract,Group A,0
4858,2024-07,56114.98,0.46496,548.0,18264.15,0,Salaried,Group A,1
4866,2024-07,82089.74,0.29502,653.0,48487.24,0,Salaried,Group B,1
4867,2024-07,39200.52,0.21217,663.0,11226.5,0,Contract,Group A,0
4914,2024-07,23995.24,0.1139,711.0,24143.22,0,Salaried,Group B,0
4956,2024-07,19226.03,0.32781,695.0,14204.38,0,Salaried,Group B,1
4988,2024-07,29038.45,0.25461,680.0,75000.0,1,Salaried,Group B,1
5032,2024-07,54901.95,0.07737,623.0,13450.03,0,Self employed,Group A,1
5042,2024-07,81086.8,0.46408,779.0,3636.19,0,Salaried,Group B,1
5060,2024-07,44423.43,0.39441,612.0,14392.47,0,Salaried,Group A,0
5065,2024-07,55921.87,0.26894,624.0,13929.14,0,Salaried,Group B,1
5087,2024-07,26991.36,0.28655,647.0,6427.1,0,Salaried,Group A,0
5088,2024-07,24493.55,0.27237,617.0,20386.52,1,Self employed,Group A,1
5101,2024-07,51448.89,0.27013,629.0,8107.87,0,Self employed,Group B,0
5134,2024-07,75818.15,0.25663,678.0,8017.57,0,Salaried,Group A,0
5142,2024-07,66188.75,0.20878,733.0,10018.83,0,Salaried,Group A,0
5145,2024-07,30285.12,0.33142,667.0,17720.54,0,Contract,Group A,0
5183,2024-07,105343.56,0.09036,608.0,16231.12,0,Self employed,Group A,1
5184,2024-07,54800.65,0.08707,646.0,13805.07,0,Salaried,Group A,0
5223,2024-07,36052.39,0.3208,738.0,3879.24,0,Salaried,Group A,0
5287,2024-07,38246.38,0.47096,700.0,15010.51,0,Salaried,Group A,0
5321,2024-07,36561.74,0.08595,691.0,8678.03,0,Salaried,Group A,0
5322,2024-07,75151.44,0.44678,795.0,10797.38,0,Self employed,Group A,0
5352,2024-07,88484.31,0.15816,582.0,16142.77,1,Self employed,Group A,0
5376,2024-07,201830.89,0.48525,657.0,10947.61,0,Salaried,Group A,0
5385,2024-07,64147.51,0.23922,652.0,8850.73,0,Contract,Group B,1
5403,2024-07,90300.65,0.18473,685.0,8333.23,1,Salaried,Group B,0
5421,2024-07,59118.87,0.50542,541.0,19970.33,0,Salaried,Group B,1
5431,2024-07,25181.67,0.23194,662.0,40489.53,0,Salaried,Group A,0
5465,2024-07,55349.68,0.19603,596.0,11231.39,0,Self employed,Group B,0
5468,2024-07,57469.88,0.05839,601.0,8934.99,0,Salaried,Group A,0
5504,2024-07,52533.83,0.49166,676.0,13699.82,0,Self employed,Group B,1
5560,2024-07,50474.21,0.45621,639.0,10867.94,0,Salaried,Group B,0
5574,2024-07,43396.28,0.13884,661.0,21015.26,1,Contract,Group A,1
5589,2024-07,67221.36,0.10711,720.0,6732.49,0,Self employed,Group A,1
5596,2024-07,37628.23,0.30066,612.0,36936.13,0,Salaried,Group A,0
5636,2024-07,33141.76,0.46566,757.0,9547.25,1,Salaried,Group B,0
5637,2024-07,76140.36,0.1712,706.0,7303.13,1,Self employed,Group B,0
5653,2024-07,112639.53,0.20365,650.0,12041.94,0,Salaried,Group A,1
5656,2024-07,99677.86,0.02614,594.0,13074.86,0,Contract,Group A,0
5713,2024-07,64075.02,0.17292,585.0,55760.17,0,Salaried,Group A,0
5738,2024-07,75190.1,0.4433,754.0,24666.58,0,Salaried,Group B,0
5760,2024-07,51800.21,0.55227,708.0,21300.12,0,Self employed,Group A,0
5813,2024-07,24868.36,0.56628,718.0,26271.62,0,Salaried,Group B,0
5832,2024-07,36923.25,0.0205,611.0,8895.8,0,Salaried,Group A,0
5837,2024-07,41558.73,0.03087,736.0,28341.32,1,Self employed,Group B,0
5848,2024-07,46279.05,0.07805,762.0,11433.99,0,Salaried,Group A,0
5854,2024-07,51600.13,0.63072,667.0,22576.3,0,Salaried,Group B,0
5861,2024-07,106301.12,0.12475,674.0,6786.01,0,Contract,Group A,0
5866,2024-07,95928.21,0.4873,688.0,11877.24,0,Salaried,Group B,0
5871,2024-07,58726.26,0.15521,587.0,39506.43,0,Salaried,Group B,0
5894,2024-07,86725.03,0.25958,665.0,24296.5,0,Self employed,Group B,0
5902,2024-07,92658.85,0.19169,624.0,12196.51,0,Salaried,Group A,0
5906,2024-07,42800.69,0.31009,667.0,57269.63,0,Salaried,Group A,0
5942,2024-07,52597.84,0.22426,646.0,11131.11,0,Salaried,Group A,0
5958,2024-07,65370.5,0.09961,687.0,23333.97,0,Salaried,Group B,0
5975,2024-07,42560.51,0.06468,678.0,13498.77,0,Self employed,Group B,0
6013,2024-07,43832.3,0.19735,705.0,11113.08,0,Salaried,Group B,0
6026,2024-07,126090.19,0.41472,727.0,10276.97,2,Salaried,Group B,0
6039,2024-07,34206.87,0.03844,588.0,12909.71,0,Salaried,Group B,0
6051,2024-07,36748.17,0.25401,726.0,8051.38,0,Self employed,Group A,0
6089,2024-07,59661.05,0.3521,646.0,25232.34,1,Self employed,Group A,1
6100,2024-07,68556.01,0.10472,711.0,12489.18,0,Salaried,Group B,0
6139,2024-07,34264.7,0.41337,710.0,17033.05,0,Salaried,Group A,1
6236,2024-07,40572.47,0.13112,697.0,3477.56,0,Salaried,Group B,0
6244,2024-07,30986.36,0.11954,589.0,44495.34,0,Salaried,Group A,0
6268,2024-07,97357.38,0.06587,544.0,20327.12,1,Contract,Group A,0
6282,2024-07,52910.85,0.58231,728.0,16777.8,0,Contract,Group A,0
6289,2024-07,93387.27,0.47992,611.0,18784.71,0,Salaried,Group B,1
6293,2024-07,103674.76,0.43131,640.0,21236.58,1,Salaried,Group A,0
6312,2024-07,90615.67,0.21015,643.0,11501.26,0,Salaried,Group B,0
6328,2024-07,86616.02,0.28968,741.0,18346.9,1,Salaried,Group A,0
6348,2024-07,46290.53,0.10532,671.0,9313.65,0,Salaried,Group A,0
6367,2024-07,41333.8,0.25907,636.0,22501.65,1,Salaried,Group A,0
6417,2024-07,56801.07,0.54495,668.0,9597.46,0,Salaried,Group A,0
6483,2024-07,58137.15,0.46149,694.0,10466.09,0,Salaried,Group A,0
6532,2024-07,89417.96,0.21694,706.0,17879.95,0,Salaried,Group A,0
6653,2024-07,62114.76,0.58123,706.0,33659.74,0,Self employed,Group A,0
6687,2024-07,46990.42,0.38368,618.0,7857.13,0,Salaried,Group A,0
6691,2024-07,41619.1,0.05851,631.0,3500.05,0,Self employed,Group B,1
6732,2024-07,64030.99,0.41987,722.0,9063.86,1,Salaried,Group B,1
6733,2024-07,30305.72,0.2362,628.0,20537.04,1,Salaried,Group A,1
6758,2024-07,56935.81,0.13468,683.0,29307.8,0,Salaried,Group A,1
6762,2024-07,55131.25,0.07615,760.0,14465.09,0,Salaried,Group A,0
6803,2024-07,72416.21,0.32605,733.0,27818.56,0,Contract,Group A,1
6828,2024-07,42648.78,0.61806,734.0,20254.55,0,Contract,Group B,0
6853,2024-07,95052.77,0.56694,699.0,15485.78,0,Salaried,Group A,1
6903,2024-07,34228.99,0.13079,612.0,15872.97,1,Contract,Group A,1
6917,2024-07,55983.01,0.0718,727.0,6246.49,0,Contract,Group A,0
6939,2024-07,,0.24815,610.0,6345.78,0,Salaried,Group B,0
6963,2024-07,38845.97,0.2828,703.0,10135.56,0,Salaried,Group A,1
6966,2024-07,30420.67,0.10474,739.0,9119.1,1,Self employed,Group B,1
6975,2024-07,49770.35,0.16609,647.0,4317.23,1,Contract,Group A,0
6989,2024-07,62940.13,0.27318,678.0,4522.29,0,Self employed,Group B,0
7001,2024-07,84096.12,0.37307,543.0,16367.6,0,Self employed,Group A,0
7029,2024-07,55255.41,0.14073,674.0,9035.01,0,Salaried,Group B,0
7032,2024-07,61789.44,0.5475,586.0,9239.31,0,Contract,Group A,1
7049,2024-07,99742.95,0.21734,729.0,13338.34,0,Salaried,Group B,0
7053,2024-07,55540.47,0.77155,656.0,9800.39,0,Self employed,Group A,1
7066,2024-07,27737.82,0.12925,675.0,47264.45,0,Contract,Group B,0
7070,2024-07,46642.93,0.21477,691.0,17086.89,0,Salaried,Group A,0
7145,2024-07,90404.93,0.43737,773.0,12710.05,0,Salaried,Group A,0
7225,2024-07,25083.87,0.46021,699.0,14294.65,1,Contract,Group B,0
7234,2024-07,54264.88,0.32118,592.0,3683.17,0,Self employed,Group A,0
7273,2024-07,43177.03,0.19815,703.0,10966.41,0,Contract,Group A,1
7293,2024-07,48934.07,0.42619,781.0,8694.39,0,Salaried,Group A,0
7356,2024-07,94784.35,0.05609,648.0,16214.03,0,Salaried,Group B,0
7381,2024-07,98032.61,0.17096,708.0,16400.31,0,Salaried,Group B,0
7395,2024-07,44698.01,0.52522,686.0,13253.35,1,Salaried,Group A,0
7416,2024-07,21539.14,0.05748,695.0,37882.61,0,Salaried,Group B,0
7421,2024-07,86171.28,0.2275,767.0,24469.39,0,Salaried,Group B,0
7504,2024-07,44352.33,0.32562,685.0,10121.49,1,Contract,Group B,0
7533,2024-07,35968.99,0.43374,590.0,19818.17,0,Salaried,Group B,1
7543,2024-07,186154.1,0.04876,722.0,18245.29,0,Contract,Group B,0
7559,2024-07,34611.46,0.17554,731.0,19509.01,0,Salaried,Group A,0
7571,2024-07,67473.94,0.57111,746.0,3570.45,1,Self employed,Group B,0
7584,2024-07,23144.12,0.19462,691.0,46409.17,0,Salaried,Group A,0
7590,2024-07,49592.24,0.21654,727.0,23829.58,1,Salaried,Group A,0
7606,2024-07,44693.41,0.07604,664.0,8393.01,1,Salaried,Group B,1
7622,2024-07,55583.02,0.33906,598.0,14306.96,0,Contract,Group A,0
7660,2024-07,115095.69,0.25356,694.0,5226.51,1,Salaried,Group A,0
7685,2024-07,81560.4,0.31848,656.0,13860.4,0,Self employed,Group A,0
7702,2024-07,92588.48,0.05679,565.0,12346.46,0,Salaried,Group A,0
7723,2024-07,39328.59,0.26278,650.0,12853.0,0,Self employed,Group A,1
7725,2024-07,55917.42,0.04932,703.0,28156.18,0,Salaried,Group A,0
7755,2024-07,81773.61,0.19533,642.0,7487.35,0,Salaried,Group B,0
7774,2024-07,46064.9,0.22842,717.0,29043.72,0,Salaried,Group A,1
7795,2024-07,76411.17,0.24361,692.0,17142.14,2,Self employed,Group A,0
7813,2024-07,54933.49,0.38893,651.0,37307.03,1,Salaried,Group B,0
7829,2024-07,62980.87,0.10478,718.0,21663.76,0,Salaried,Group B,0
7831,2024-07,118777.37,0.38321,696.0,16563.26,0,Salaried,Group A,0
7885,2024-07,70504.23,0.27372,636.0,6996.36,0,Salaried,Group A,1
7886,2024-07,42105.99,0.22506,673.0,17599.34,1,Salaried,Group A,0
7899,2024-07,41623.75,0.43594,684.0,8208.23,0,Self employed,Group B,0
7939,2024-07,54468.74,0.30303,789.0,6989.13,1,Salaried,Group B,0
7947,2024-07,29991.37,0.68622,663.0,5576.12,0,Contract,Group B,1
7985,2024-07,27238.65,0.23108,750.0,19463.85,0,Self employed,Group A,0
8016,2024-07,83243.15,0.4075,706.0,22576.17,0,Salaried,Group A,0
8037,2024-07,73970.76,0.19781,732.0,10524.04,1,Salaried,Group B,1
8056,2024-07,67362.15,0.32392,639.0,21298.91,0,Salaried,Group B,1
8069,2024-07,125288.21,0.47713,739.0,18457.66,0,Self employed,Group B,0
8070,2024-07,63011.38,0.18561,642.0,14892.94,0,Salaried,Group B,0
8087,2024-07,61905.96,0.13298,633.0,50794.14,0,Contract,Group A,1
8120,2024-07,,0.50156,547.0,5636.3,0,Salaried,Group A,0
8123,2024-07,58138.49,0.25465,730.0,29640.58,0,Contract,Group B,0
8132,2024-07,96908.66,0.4099,717.0,12129.8,0,Salaried,Group B,0
8174,2024-07,46468.81,0.46914,795.0,24032.76,0,Self employed,Group B,0
8195,2024-07,34533.49,0.10579,765.0,19641.99,1,Salaried,Group A,0
8236,2024-07,58499.17,0.19196,797.0,3542.59,0,Salaried,Group B,0
8247,2024-07,60805.65,0.22832,540.0,18966.51,1,Salaried,Group A,1
8268,2024-07,81586.13,0.05807,723.0,21332.82,0,Contract,Group A,0
8271,2024-07,52639.86,0.60654,706.0,41119.19,0,Salaried,Group A,1
8276,2024-07,67531.59,0.28432,540.0,11650.68,0,Salaried,Group B,1
8295,2024-07,87417.14,0.15158,813.0,13087.38,0,Salaried,Group A,0
8317,2024-07,49773.98,0.44923,708.0,9881.85,0,Salaried,Group B,0
8340,2024-07,71007.67,0.30487,768.0,11041.64,0,Salaried,Group B,0
8348,2024-07,73812.5,0.11935,637.0,9291.45,0,Salaried,Group B,0
8360,2024-07,97391.94,0.36006,687.0,32111.14,0,Salaried,Group B,0
8379,2024-07,41867.36,0.30805,786.0,9000.57,0,Self employed,Group A,0
8392,2024-07,36431.76,0.42318,633.0,20399.55,0,Salaried,Group A,0
8405,2024-07,35485.75,0.2171,654.0,7627.91,0,Self employed,Group A,0
8448,2024-07,71203.84,0.46145,708.0,13018.78,0,Salaried,Group A,0
8451,2024-07,57653.51,0.32754,691.0,29657.26,0,Contract,Group B,0
8528,2024-07,30063.47,0.3717,713.0,14508.67,0,Contract,Group A,0
8537,2024-07,94339.99,0.34635,521.0,22300.32,0,Self employed,Group A,0
8649,2024-07,81785.08,0.30217,647.0,13602.21,0,Salaried,Group B,1
8658,2024-07,49867.69,0.21308,826.0,3361.01,1,Self employed,Group B,0
8710,2024-07,131100.0,0.36677,627.0,6882.56,0,Salaried,Group B,0
8721,2024-07,58854.33,0.12451,567.0,11355.06,0,Salaried,Group A,0
8791,2024-07,128310.24,0.10157,731.0,11231.22,0,Self employed,Group B,0
8793,2024-07,101964.64,0.36106,651.0,46435.95,1,Salaried,Group A,0
8817,2024-07,50126.54,0.06471,644.0,7990.39,0,Contract,Group B,1
8820,2024-07,65882.78,0.20863,674.0,11967.12,0,Salaried,Group A,0
8891,2024-07,46391.57,0.30027,828.0,5098.9,0,Salaried,Group B,0
8905,2024-07,43555.97,0.42634,520.0,9059.55,0,Salaried,Group A,1
8939,2024-07,25720.06,0.61302,580.0,4393.64,0,Self employed,Group B,1
8953,2024-07,63956.75,0.36355,607.0,6559.4,0,Self employed,Group A,0
8981,2024-07,58732.2,0.11149,666.0,11412.73,0,Salaried,Group A,0
9000,2024-07,40635.46,0.43682,633.0,7499.12,1,Salaried,Group B,0
9006,2024-07,61777.34,0.23173,721.0,9736.02,0,Self employed,Group A,0
9088,2024-07,41166.1,0.1386,571.0,18742.4,0,Salaried,Group A,0
9122,2024-07,49376.79,0.52235,644.0,17580.69,1,Salaried,Group A,0
9125,2024-07,49840.72,0.2939,672.0,13356.27,0,Self employed,Group B,0
9135,2024-07,92459.84,0.15211,698.0,13768.53,0,Self employed,Group B,0
9160,2024-07,89654.86,0.07933,498.0,12557.64,0,Salaried,Group B,0
9163,2024-07,24765.51,0.25443,619.0,13349.32,0,Salaried,Group A,1
9270,2024-07,40616.98,0.28235,634.0,56254.42,0,Contract,Group A,1
9354,2024-07,80061.62,0.17996,628.0,10469.17,0,Salaried,Group A,0
9362,2024-07,127100.35,0.15391,679.0,13854.25,0,Salaried,Group B,0
9387,2024-07,85488.98,0.53341,584.0,12071.55,0,Salaried,Group B,1
9441,2024-07,64731.86,0.26539,675.0,3544.06,0,Self employed,Group A,0
9485,2024-07,22909.4,0.43736,700.0,29564.51,2,Self employed,Group A,1
9490,2024-07,59754.69,0.05851,579.0,4365.79,0,Salaried,Group A,1
9494,2024-07,20540.13,0.41074,652.0,20483.21,1,Salaried,Group B,0
9559,2024-07,38860.31,0.12224,772.0,8037.16,0,Salaried,Group A,0
9566,2024-07,46736.89,0.07382,757.0,18099.21,0,Contract,Group B,0
9606,2024-07,72988.83,0.43634,713.0,21150.5,0,Contract,Group A,1
9635,2024-07,71873.49,0.13336,568.0,14321.09,0,Salaried,Group B,0
9646,2024-07,71003.48,0.12389,710.0,32948.68,1,Contract,Group A,0
9672,2024-07,70133.43,0.40189,658.0,14732.87,0,Contract,Group A,0
9679,2024-07,39049.83,0.06382,720.0,37133.64,0,Contract,Group A,0
9705,2024-07,70171.27,0.05787,647.0,7331.67,0,Salaried,Group B,0
9734,2024-07,161143.76,0.2147,683.0,24521.14,0,Self employed,Group B,1
9740,2024-07,53243.22,0.22833,566.0,44819.94,0,Salaried,Group B,0
9783,2024-07,78161.98,0.39107,640.0,7621.76,0,Salaried,Group A,0
9790,2024-07,65731.88,0.46495,663.0,29784.82,0,Self employed,Group A,1
9792,2024-07,48158.18,0.48191,651.0,11178.87,0,Salaried,Group B,0
9825,2024-07,45077.9,0.19311,714.0,30956.44,0,Salaried,Group A,1
9838,2024-07,48072.36,0.43349,722.0,32978.7,0,Salaried,Group B,0
9851,2024-07,48169.25,0.54716,704.0,14017.58,0,Self employed,Group B,0
9860,2024-07,39714.76,0.12508,724.0,23252.21,0,Salaried,Group A,0
9917,2024-07,34016.86,0.38256,776.0,11701.69,0,Salaried,Group A,0
9925,2024-07,41250.64,0.33779,608.0,4325.73,0,Contract,Group A,0
9959,2024-07,55062.27,0.32936,712.0,8438.18,0,Salaried,Group A,0
9971,2024-07,65914.27,0.27475,674.0,38650.77,0,Self employed,Group B,0
9977,2024-07,49289.32,0.38314,587.0,18177.93,1,Salaried,Group A,0
9981,2024-07,61405.75,0.51829,708.0,11875.83,0,Self employed,Group B,0
9997,2024-07,48019.74,0.1396,732.0,9237.39,0,Self employed,Group A,1
1,2024-08,122000.77,0.10051,712.0,13777.42,1,Salaried,Group A,0
25,2024-08,77050.98,0.09537,715.0,42341.53,1,Self employed,Group A,0
38,2024-08,30181.34,0.4948,742.0,8519.59,1,Self employed,Group B,0
43,2024-08,28129.71,0.06712,686.0,15322.82,1,Salaried,Group A,1
47,2024-08,56190.5,0.56311,657.0,4562.01,0,Salaried,Group B,1
70,2024-08,40783.92,0.10615,666.0,15367.37,0,Self employed,Group B,0
109,2024-08,36406.85,0.19915,778.0,38642.47,0,Salaried,Group B,0
116,2024-08,36600.32,0.0966,599.0,15287.4,0,Salaried,Group B,0
145,2024-08,35804.31,0.4285,621.0,30299.1,1,Self employed,Group B,0
200,2024-08,126798.42,0.46867,626.0,18029.76,1,Self employed,Group B,0
207,2024-08,28566.67,0.23343,573.0,22319.14,0,Self employed,Group B,0
214,2024-08,34803.46,0.20423,642.0,31249.52,1,Self employed,Group A,1
225,2024-08,63506.0,0.27248,675.0,8988.48,0,Salaried,Group A,0
228,2024-08,64597.07,0.20568,738.0,10809.22,0,Salaried,Group B,0
239,2024-08,31014.45,0.3205,699.0,7684.35,0,Self employed,Group B,0
280,2024-08,50151.63,0.47017,693.0,4988.28,0,Salaried,Group A,0
288,2024-08,97922.4,0.33558,703.0,10575.07,0,Salaried,Group B,0
291,2024-08,107788.23,0.12869,647.0,22347.22,0,Self employed,Group B,0
299,2024-08,102425.67,0.12522,645.0,5705.92,1,Self employed,Group B,0
305,2024-08,115484.37,0.20152,644.0,37342.19,0,Salaried,Group B,0
327,2024-08,126253.64,0.55349,684.0,6398.29,0,Contract,Group A,0
358,2024-08,62218.41,0.12858,540.0,9983.36,1,Salaried,Group A,0
470,2024-08,56490.07,0.59656,697.0,11615.58,1,Salaried,Group A,0
532,2024-08,29863.02,0.31611,739.0,20570.35,2,Self employed,Group B,0
539,2024-08,44781.18,0.41902,668.0,35090.12,0,Salaried,Group A,0
548,2024-08,67069.12,0.41563,631.0,40696.33,0,Contract,Group A,0
598,2024-08,,0.3217,688.0,28232.35,1,Salaried,Group B,1
677,2024-08,57848.38,0.28646,687.0,13276.16,0,Contract,Group B,0
684,2024-08,72870.46,0.27182,684.0,10294.6,0,Salaried,Group A,0
687,2024-08,93742.78,0.35975,661.0,53950.66,0,Self employed,Group A,0
712,2024-08,29564.92,0.10454,665.0,19130.07,0,Contract,Group B,0
781,2024-08,83883.36,0.2926,727.0,13436.98,0,Self employed,Group A,0
786,2024-08,62582.56,0.12084,718.0,12136.43,1,Salaried,Group B,0
821,2024-08,15738.84,0.2378,729.0,27718.95,0,Salaried,Group A,1
837,2024-08,119126.06,0.24689,776.0,20234.02,0,Salaried,Group B,0
880,2024-08,100449.66,0.32019,684.0,18525.57,0,Self employed,Group A,0
891,2024-08,68594.28,0.14468,630.0,18048.56,0,Salaried,Group A,1
909,2024-08,40160.76,0.17432,667.0,7499.49,0,Self employed,Group A,0
953,2024-08,114951.92,0.1487,734.0,11505.36,1,Salaried,Group B,1
956,2024-08,94533.62,0.08732,636.0,11124.74,1,Salaried,Group B,1
958,2024-08,125954.75,0.29747,767.0,15824.98,0,Self employed,Group B,0
965,2024-08,52014.77,0.12868,659.0,31265.09,0,Salaried,Group B,0
1016,2024-08,52127.84,0.33353,668.0,11752.29,0,Salaried,Group A,0
1017,2024-08,47907.05,0.29608,713.0,13599.04,0,Self employed,Group A,1
1036,2024-08,91581.48,0.20545,584.0,34474.87,0,Salaried,Group A,0
1055,2024-08,61239.04,0.13345,716.0,30396.33,0,Salaried,Group A,0
1065,2024-08,80289.19,0.2998,601.0,4552.41,0,Salaried,Group B,0
1082,2024-08,112086.13,0.14334,601.0,18299.06,0,Salaried,Group B,0
1088,2024-08,57216.18,0.39629,656.0,6055.24,0,Salaried,Group B,1
1110,2024-08,55987.92,0.46171,787.0,16002.5,1,Salaried,Group B,0
1134,2024-08,74052.77,0.05316,705.0,37145.76,0,Self employed,Group A,0
1136,2024-08,35000.74,0.36948,576.0,15175.47,0,Self employed,Group A,0
1193,2024-08,38691.41,0.20197,570.0,32482.16,0,Contract,Group A,0
1246,2024-08,48529.03,0.09435,748.0,18106.79,0,Salaried,Group B,0
1259,2024-08,72909.48,0.00423,651.0,2565.15,0,Salaried,Group A,0
1334,2024-08,83378.1,0.41117,643.0,18683.1,0,Self employed,Group A,0
1368,2024-08,60457.86,0.18234,585.0,14603.85,0,Salaried,Group B,0
1424,2024-08,96701.12,0.30633,598.0,20130.59,0,Self employed,Group B,1
1434,2024-08,56409.72,0.4862,717.0,11898.34,1,Salaried,Group A,0
1450,2024-08,32158.97,0.43068,610.0,57176.03,1,Salaried,Group B,1
1546,2024-08,50518.32,0.39193,593.0,13352.77,0,Salaried,Group A,0
1562,2024-08,65541.43,0.29914,730.0,12208.05,0,Salaried,Group B,0
1636,2024-08,63402.05,0.61089,760.0,10900.81,2,Salaried,Group B,0
1644,2024-08,46480.81,0.53848,746.0,9151.56,0,Salaried,Group A,0
1654,2024-08,45599.43,0.19861,661.0,27155.23,0,Contract,Group B,0
1677,2024-08,58233.94,0.08357,592.0,9138.34,0,Self employed,Group B,0
1685,2024-08,72859.36,0.34929,612.0,21207.66,0,Salaried,Group B,0
1697,2024-08,58629.11,0.15731,682.0,56711.57,0,Salaried,Group A,1
1727,2024-08,27548.51,0.0994,699.0,20240.91,2,Self employed,Group A,1
1737,2024-08,87651.34,0.23344,690.0,3130.04,0,Salaried,Group A,0
1776,2024-08,17423.87,0.20005,585.0,7261.58,1,Salaried,Group A,1
1778,2024-08,35005.65,0.20734,755.0,12103.24,0,Salaried,Group B,0
1789,2024-08,51336.29,0.17822,672.0,18080.93,0,Contract,Group B,1
1790,2024-08,33644.19,0.08722,698.0,14701.96,0,Salaried,Group A,0
1792,2024-08,42243.25,0.10792,591.0,8438.27,0,Salaried,Group B,0
1830,2024-08,60949.86,0.13909,776.0,2909.06,1,Salaried,Group B,0
1840,2024-08,85006.91,0.3941,683.0,17567.07,0,Salaried,Group B,0
1847,2024-08,91141.27,0.24433,683.0,13022.19,1,Self employed,Group A,0
1856,2024-08,56562.82,0.14941,575.0,75000.0,1,Salaried,Group B,0
1902,2024-08,47498.92,0.27651,635.0,14959.2,0,Salaried,Group A,0
1914,2024-08,74976.53,0.25784,631.0,12426.84,0,Self employed,Group A,0
1936,2024-08,117684.0,0.06531,757.0,64763.7,0,Salaried,Group A,0
1981,2024-08,27059.44,0.34797,717.0,11521.0,0,Salaried,Group A,0
2028,2024-08,29445.28,0.08417,762.0,16806.69,0,Salaried,Group A,0
2048,2024-08,66870.63,0.46743,699.0,12010.14,0,Self employed,Group B,1
2070,2024-08,69069.13,0.20391,753.0,44775.85,1,Salaried,Group A,0
2080,2024-08,77068.75,0.19335,650.0,18600.59,0,Salaried,Group A,0
2123,2024-08,39451.35,0.37758,686.0,11036.68,0,Salaried,Group A,0
2140,2024-08,95185.02,0.04192,758.0,7568.07,1,Contract,Group A,0
2160,2024-08,23870.3,0.20046,635.0,14020.95,0,Salaried,Group B,1
2188,2024-08,57682.42,0.46344,577.0,11589.91,1,Salaried,Group A,0
2198,2024-08,87652.59,0.20119,698.0,17232.03,1,Salaried,Group A,0
2199,2024-08,143384.22,0.15231,579.0,20906.99,0,Salaried,Group B,1
2202,2024-08,39826.08,0.11317,763.0,75000.0,0,Salaried,Group A,0
2213,2024-08,41651.85,0.16874,636.0,12408.69,3,Salaried,Group A,1
2222,2024-08,54119.74,0.2004,711.0,34193.31,0,Salaried,Group A,1
2224,2024-08,37757.24,0.29476,649.0,15839.56,0,Contract,Group A,0
2225,2024-08,88938.21,0.63464,715.0,17042.07,0,Self employed,Group B,0
2230,2024-08,108038.71,0.35708,609.0,11903.94,1,Salaried,Group B,1
2239,2024-08,44274.62,0.13569,704.0,44843.49,0,Contract,Group B,0
2294,2024-08,47218.85,0.20845,791.0,8257.53,1,Salaried,Group B,0
2331,2024-08,70479.12,0.08391,781.0,24532.53,0,Salaried,Group B,0
2356,2024-08,83637.87,0.59347,690.0,8914.75,1,Contract,Group B,0
2384,2024-08,31286.98,0.15095,607.0,17737.65,1,Self employed,Group B,0
2390,2024-08,42049.06,0.42103,593.0,10723.03,0,Salaried,Group A,0
2405,2024-08,79665.5,0.46368,801.0,17275.22,0,Salaried,Group B,0
2463,2024-08,34096.19,0.32506,662.0,8713.94,2,Contract,Group A,1
2478,2024-08,67926.22,0.43161,739.0,51481.89,0,Contract,Group B,0
2486,2024-08,57980.94,0.05945,700.0,31385.46,2,Contract,Group B,1
2520,2024-08,44289.97,0.17044,756.0,4729.56,0,Salaried,Group B,0
2540,2024-08,122063.91,0.18553,680.0,45351.59,0,Salaried,Group A,0
2554,2024-08,29552.05,0.13121,704.0,10946.2,0,Contract,Group A,0
2576,2024-08,39948.9,0.21302,558.0,14119.01,2,Salaried,Group B,0
2583,2024-08,22863.34,0.09871,696.0,17593.65,0,Salaried,Group A,0
2595,2024-08,53260.07,0.11795,689.0,31277.73,0,Salaried,Group A,0
2600,2024-08,55642.1,0.45025,718.0,5283.16,0,Salaried,Group A,0
2633,2024-08,68090.74,0.50904,668.0,7728.81,0,Salaried,Group B,0
2636,2024-08,116853.13,0.58741,696.0,33042.76,0,Salaried,Group A,0
2704,2024-08,143986.23,0.42629,693.0,24295.16,0,Salaried,Group A,0
2728,2024-08,78893.16,0.08235,645.0,21006.07,0,Salaried,Group B,0
2760,2024-08,69816.62,0.16187,741.0,8699.91,1,Self employed,Group A,0
2764,2024-08,46648.54,0.10379,678.0,7174.7,1,Self employed,Group A,1
2793,2024-08,61258.91,0.29387,743.0,12522.9,1,Salaried,Group B,0
2796,2024-08,35612.25,0.1352,740.0,6035.06,1,Contract,Group A,0
2801,2024-08,105594.48,0.26488,757.0,19648.95,1,Salaried,Group B,1
2810,2024-08,71366.49,0.04259,719.0,22385.92,0,Salaried,Group A,0
2832,2024-08,83441.08,0.32008,737.0,19127.04,0,Salaried,Group A,0
2833,2024-08,106167.01,0.4451,587.0,12331.21,1,Contract,Group A,0
2843,2024-08,45152.58,0.26418,644.0,15258.62,0,Salaried,Group A,1
2863,2024-08,47789.73,0.2746,677.0,35005.66,0,Self employed,Group A,0
2873,2024-08,195274.41,0.04956,717.0,12966.67,0,Self employed,Group A,0
2882,2024-08,75225.89,0.23122,703.0,36505.56,1,Self employed,Group B,0
2928,2024-08,46547.72,0.20527,686.0,10830.99,1,Salaried,Group A,1
2985,2024-08,,0.19858,677.0,10585.93,0,Self employed,Group B,0
2993,2024-08,67348.17,0.43396,553.0,3759.52,0,Salaried,Group A,0
3048,2024-08,60690.11,0.07831,780.0,12653.74,1,Salaried,Group A,0
3065,2024-08,61809.72,0.74692,663.0,35095.39,0,Salaried,Group B,0
3088,2024-08,38800.57,0.61753,713.0,13941.99,0,Self employed,Group A,0
3096,2024-08,66249.06,0.14337,666.0,7799.42,0,Salaried,Group A,0
3137,2024-08,71391.44,0.21846,630.0,15830.72,0,Contract,Group B,0
3154,2024-08,37939.46,0.46124,700.0,50781.91,0,Salaried,Group A,1
3159,2024-08,45155.13,0.06581,613.0,36673.04,0,Salaried,Group B,0
3174,2024-08,54782.89,0.46853,621.0,23364.03,0,Salaried,Group A,0
3195,2024-08,41162.94,0.05767,805.0,10123.85,0,Salaried,Group A,0
3286,2024-08,114299.58,0.52798,674.0,13319.67,0,Salaried,Group A,0
3334,2024-08,64811.62,0.45543,608.0,3089.17,2,Salaried,Group B,1
3343,2024-08,40247.24,0.34884,570.0,6581.33,0,Salaried,Group B,1
3357,2024-08,66316.61,0.38372,729.0,16280.14,0,Salaried,Group A,0
3358,2024-08,66616.05,0.15111,702.0,15501.03,0,Self employed,Group B,0
3377,2024-08,71381.35,0.41786,601.0,8370.74,0,Contract,Group A,0
3386,2024-08,162825.39,0.46796,688.0,27005.69,1,Self employed,Group A,0
3420,2024-08,85815.36,0.32613,725.0,8899.19,0,Self employed,Group A,0
3424,2024-08,47724.7,0.05467,556.0,15317.53,0,Contract,Group A,0
3436,2024-08,85679.5,0.28962,850.0,11318.07,1,Salaried,Group B,0
3458,2024-08,63541.92,0.21901,668.0,8209.87,0,Self employed,Group B,0
3516,2024-08,115478.31,0.41424,734.0,22978.42,0,Salaried,Group B,0
3546,2024-08,32457.89,0.6374,596.0,7911.67,2,Salaried,Group B,1
3547,2024-08,40004.64,0.53162,771.0,11886.51,0,Contract,Group A,0
3600,2024-08,60052.57,0.18387,678.0,44919.79,0,Salaried,Group B,1
3617,2024-08,52887.11,0.18519,740.0,7997.13,0,Salaried,Group B,0
3622,2024-08,61917.58,0.04055,703.0,12631.87,0,Self employed,Group A,0
3698,2024-08,53287.03,0.47689,720.0,5066.82,1,Salaried,Group A,0
3748,2024-08,93071.7,0.17947,679.0,22195.02,0,Salaried,Group A,0
3775,2024-08,98079.3,0.26009,660.0,48717.56,0,Salaried,Group B,0
3807,2024-08,83195.99,0.1455,624.0,7563.61,0,Contract,Group A,0
3845,2024-08,71225.79,0.13649,569.0,44772.66,0,Self employed,Group B,0
3934,2024-08,116371.98,0.27169,713.0,46021.93,0,Salaried,Group B,0
3996,2024-08,63342.82,0.26554,650.0,19730.65,0,Contract,Group B,0
4024,2024-08,70933.92,0.18767,779.0,40027.0,0,Salaried,Group B,0
4046,2024-08,77563.02,0.34502,529.0,4982.06,0,Contract,Group A,1
4099,2024-08,27745.1,0.48052,753.0,13149.03,1,Salaried,Group B,0
4143,2024-08,96222.06,0.28591,659.0,4930.37,2,Salaried,Group A,0
4158,2024-08,32191.77,0.09991,725.0,7640.66,0,Salaried,Group A,0
4162,2024-08,56916.08,0.23656,679.0,11425.38,0,Salaried,Group A,0
4174,2024-08,24490.47,0.54995,620.0,11806.85,0,Contract,Group A,1
4202,2024-08,22926.52,0.17418,707.0,19597.79,1,Self employed,Group B,0
4217,2024-08,111634.07,0.47807,645.0,17347.49,0,Contract,Group A,1
4229,2024-08,92914.11,0.31536,724.0,15539.01,1,Salaried,Group B,1
4296,2024-08,85245.24,0.25831,700.0,15165.29,0,Salaried,Group B,0
4315,2024-08,38723.95,0.02287,645.0,8938.89,0,Salaried,Group A,0
4329,2024-08,132737.79,0.42485,696.0,17253.91,0,Salaried,Group B,0
4446,2024-08,100975.15,0.30132,664.0,17664.22,0,Salaried,Group B,0
4466,2024-08,36308.27,0.39443,630.0,11586.23,1,Self employed,Group A,1
4472,2024-08,29224.89,0.24077,642.0,25820.2,0,Self employed,Group A,0
4479,2024-08,32531.08,0.15891,717.0,9290.33,0,Salaried,Group B,1
4484,2024-08,55473.7,0.10043,642.0,14802.71,1,Salaried,Group A,0
4487,2024-08,54340.48,0.27418,670.0,17998.51,0,Salaried,Group A,1
4491,2024-08,33113.43,0.29943,603.0,20537.27,1,Contract,Group A,1
4520,2024-08,72674.23,0.08875,731.0,5349.75,0,Self employed,Group A,0
4526,2024-08,55401.36,0.43984,721.0,14689.77,1,Self employed,Group B,1
4537,2024-08,40037.39,0.20888,728.0,15399.84,0,Salaried,Group A,0
4559,2024-08,29119.38,0.40842,535.0,14968.79,0,Salaried,Group A,0
4574,2024-08,69613.53,0.46473,592.0,24839.97,0,Self employed,Group A,1
4589,2024-08,29427.26,0.36542,710.0,17588.98,0,Salaried,Group B,0
4606,2024-08,62826.04,0.44198,703.0,25103.7,0,Salaried,Group A,0
4631,2024-08,49614.89,0.20724,763.0,14207.11,0,Salaried,Group A,0
4669,2024-08,71527.81,0.29216,710.0,10238.33,1,Contract,Group A,1
4678,2024-08,24263.19,0.27423,714.0,18317.56,0,Salaried,Group B,0
4682,2024-08,30468.76,0.05677,680.0,7145.55,0,Salaried,Group B,0
4702,2024-08,77093.04,0.42535,516.0,26725.84,0,Salaried,Group A,1
4746,2024-08,45475.71,0.46729,779.0,10273.47,0,Contract,Group A,0
4768,2024-08,45357.32,0.41078,725.0,16213.63,1,Salaried,Group B,0
4777,2024-08,72322.64,0.12934,688.0,9698.82,0,Salaried,Group B,0
4778,2024-08,76888.86,0.11006,635.0,38072.75,1,Contract,Group B,0
4796,2024-08,27056.27,0.58637,614.0,17972.9,1,Salaried,Group A,1
4799,2024-08,68189.38,0.22993,761.0,16761.83,0,Self employed,Group B,0
4805,2024-08,120107.3,0.24211,680.0,9639.3,0,Salaried,Group A,0
4806,2024-08,52782.39,0.20844,640.0,13353.93,0,Salaried,Group B,0
4831,2024-08,38602.04,0.14487,612.0,7700.9,0,Contract,Group B,0
4842,2024-08,77282.75,0.37407,643.0,16325.29,0,Self employed,Group A,0
4864,2024-08,35275.29,0.12757,715.0,19792.94,1,Salaried,Group A,0
4895,2024-08,90777.79,0.31934,751.0,9710.02,1,Salaried,Group B,0
4897,2024-08,28984.75,0.56082,622.0,6622.66,0,Contract,Group B,0
4916,2024-08,129781.3,0.47372,657.0,47393.85,0,Contract,Group A,0
5008,2024-08,39849.37,0.4335,719.0,20185.23,1,Salaried,Group A,0
5014,2024-08,20976.61,0.22719,592.0,31736.99,0,Salaried,Group A,1
5045,2024-08,22707.41,0.22387,655.0,6735.81,0,Self employed,Group A,0
5046,2024-08,104735.44,0.02484,538.0,16546.29,0,Salaried,Group A,1
5057,2024-08,46212.59,0.29745,663.0,5871.07,1,Contract,Group B,0
5073,2024-08,36201.65,0.42815,623.0,13130.37,1,Self employed,Group B,0
5074,2024-08,83522.52,0.40159,660.0,16040.5,2,Contract,Group A,1
5085,2024-08,57695.3,0.16145,600.0,6175.45,1,Salaried,Group B,0
5137,2024-08,79087.28,0.05223,669.0,6700.03,0,Salaried,Group A,0
5147,2024-08,21961.87,0.11163,613.0,21624.53,0,Salaried,Group A,1
5201,2024-08,47897.4,0.19701,730.0,5586.35,0,Self employed,Group A,0
5232,2024-08,90814.34,0.15389,601.0,24358.8,1,Salaried,Group B,0
5237,2024-08,108596.73,0.14967,639.0,27917.1,0,Self employed,Group A,0
5279,2024-08,60672.67,0.30048,737.0,16351.58,0,Salaried,Group A,0
5309,2024-08,33134.12,0.49367,639.0,5397.11,0,Salaried,Group B,1
5334,2024-08,72571.04,0.0509,643.0,35525.38,0,Contract,Group B,0
5359,2024-08,57354.31,0.50865,685.0,15688.44,0,Salaried,Group B,0
5363,2024-08,91751.16,0.23838,702.0,11092.83,0,Salaried,Group B,0
5367,2024-08,80835.6,0.20199,733.0,49603.48,0,Self employed,Group B,0
5399,2024-08,93609.22,0.31656,696.0,17646.19,0,Self employed,Group A,0
5477,2024-08,41747.77,0.19892,653.0,27869.68,0,Contract,Group A,0
5517,2024-08,47766.17,0.19806,713.0,7602.25,0,Self employed,Group A,0
5525,2024-08,50796.0,0.55063,525.0,5234.22,0,Self employed,Group A,1
5598,2024-08,27407.28,0.11755,768.0,8430.31,0,Salaried,Group A,0
5600,2024-08,62866.89,0.3363,659.0,2826.61,1,Salaried,Group B,1
5645,2024-08,25981.05,0.39521,702.0,23447.1,0,Self employed,Group B,1
5685,2024-08,104574.85,0.29284,626.0,9327.47,0,Salaried,Group A,0
5777,2024-08,65582.5,0.26346,706.0,6066.2,1,Contract,Group A,0
5778,2024-08,,0.28632,628.0,26950.45,0,Contract,Group A,1
5797,2024-08,48495.51,0.20681,682.0,21401.44,0,Self employed,Group A,0
5838,2024-08,81451.65,0.50134,674.0,14830.95,1,Salaried,Group A,0
5869,2024-08,47231.2,0.47492,741.0,22163.35,0,Self employed,Group B,0
5927,2024-08,26780.93,0.64966,676.0,25392.45,1,Self employed,Group B,0
5951,2024-08,99027.58,0.11144,652.0,15680.1,0,Salaried,Group B,0
5964,2024-08,72045.6,0.48865,628.0,4757.92,1,Salaried,Group A,0
5979,2024-08,46804.3,0.15962,590.0,31538.13,0,Salaried,Group B,1
5987,2024-08,29863.04,0.37352,699.0,5135.73,0,Salaried,Group A,0
5989,2024-08,20127.35,0.36069,628.0,11611.35,1,Salaried,Group A,0
6004,2024-08,38140.01,0.19861,608.0,22182.72,0,Salaried,Group B,0
6070,2024-08,54696.6,0.25236,622.0,18427.5,1,Salaried,Group B,0
6081,2024-08,45213.08,0.15287,676.0,10984.66,0,Salaried,Group B,0
6120,2024-08,68715.35,0.66475,668.0,31073.09,1,Self employed,Group B,0
6145,2024-08,116644.24,0.2129,668.0,27487.78,0,Salaried,Group B,0
6183,2024-08,48299.91,0.12545,776.0,5443.14,1,Salaried,Group B,0
6217,2024-08,61351.31,0.28334,605.0,8136.51,0,Salaried,Group B,1
6275,2024-08,35552.1,0.37661,679.0,21227.27,1,Salaried,Group B,1
6294,2024-08,62719.24,0.6218,685.0,18259.39,1,Salaried,Group A,1
6355,2024-08,57609.05,0.02614,850.0,14319.1,0,Salaried,Group A,0
6360,2024-08,32011.49,0.55516,657.0,7961.13,0,Self employed,Group B,0
6378,2024-08,56298.44,0.28256,729.0,23085.72,0,Salaried,Group A,0
6381,2024-08,40704.64,0.15041,604.0,13803.26,1,Salaried,Group B,0
6384,2024-08,,0.68272,676.0,10182.97,0,Salaried,Group B,1
6443,2024-08,54230.03,0.19451,735.0,27322.93,0,Salaried,Group B,0
6446,2024-08,23828.49,0.39484,600.0,3851.53,0,Contract,Group B,0
6447,2024-08,81839.99,0.33635,586.0,22617.19,0,Salaried,Group A,1
6470,2024-08,15000.0,0.30395,637.0,34548.55,0,Contract,Group B,0
6484,2024-08,27847.98,0.09714,597.0,50471.73,1,Salaried,Group A,0
6500,2024-08,60788.86,0.28997,739.0,19203.48,0,Salaried,Group A,0
6503,2024-08,47017.48,0.2455,770.0,16614.76,0,Salaried,Group B,0
6526,2024-08,69751.65,0.29461,655.0,25340.07,0,Self employed,Group B,0
6558,2024-08,46052.07,0.20649,732.0,17525.39,0,Salaried,Group A,0
6568,2024-08,45297.33,0.16301,782.0,12372.27,1,Salaried,Group B,1
6600,2024-08,59564.24,0.10205,672.0,31051.86,1,Salaried,Group A,0
6647,2024-08,29829.17,0.2864,748.0,6064.2,1,Salaried,Group A,0
6670,2024-08,24091.02,0.02452,624.0,18653.83,0,Salaried,Group A,0
6683,2024-08,105693.65,0.13223,712.0,7892.12,0,Salaried,Group A,0
6731,2024-08,27567.97,0.08791,703.0,12208.98,0,Salaried,Group B,0
6743,2024-08,37456.9,0.51378,697.0,46232.41,1,Salaried,Group B,1
6753,2024-08,41460.97,0.38402,743.0,26435.58,0,Self employed,Group A,0
6775,2024-08,85417.34,0.05904,781.0,17161.44,0,Salaried,Group B,0
6778,2024-08,51637.35,0.43356,616.0,40371.13,0,Salaried,Group A,1
6798,2024-08,77613.47,0.29441,616.0,9701.74,1,Salaried,Group A,1
6800,2024-08,35808.64,0.20232,716.0,18965.52,0,Salaried,Group B,0
6806,2024-08,60005.1,0.69724,742.0,34346.15,0,Contract,Group A,1
6833,2024-08,25630.48,0.20373,710.0,2903.22,0,Salaried,Group A,0
6885,2024-08,38392.99,0.41054,702.0,10647.43,0,Salaried,Group A,0
6889,2024-08,43732.53,0.5269,667.0,42404.56,0,Salaried,Group A,1
6891,2024-08,41624.89,0.05577,662.0,51314.82,0,Salaried,Group B,0
6925,2024-08,64298.05,0.29858,665.0,33601.07,0,Self employed,Group A,0
6937,2024-08,35461.86,0.3397,778.0,4983.57,1,Salaried,Group A,0
6940,2024-08,59234.8,0.36873,609.0,21817.9,0,Salaried,Group A,0
6965,2024-08,43395.31,0.12688,624.0,22594.47,0,Salaried,Group A,0
7003,2024-08,37799.16,0.35608,635.0,18605.0,1,Self employed,Group A,1
7021,2024-08,22385.21,0.25361,638.0,20991.59,0,Salaried,Group A,0
7085,2024-08,87839.45,0.15366,756.0,24557.78,1,Self employed,Group B,0
7103,2024-08,33290.29,0.11539,711.0,14123.2,0,Self employed,Group A,0
7108,2024-08,63882.24,0.12547,532.0,8712.02,0,Self employed,Group A,1
7114,2024-08,82126.49,0.07611,732.0,3722.92,1,Salaried,Group B,0
7154,2024-08,68168.39,0.13981,731.0,7638.48,0,Contract,Group A,0
7156,2024-08,25880.9,0.23429,683.0,30183.24,0,Contract,Group A,0
7173,2024-08,40199.34,0.17722,796.0,20130.36,0,Salaried,Group A,0
7193,2024-08,52231.35,0.58149,720.0,15926.29,0,Self employed,Group B,0
7230,2024-08,58826.33,0.09662,648.0,35856.97,1,Self employed,Group B,0
7272,2024-08,73239.49,0.2072,714.0,19803.11,0,Salaried,Group A,1
7287,2024-08,95239.79,0.21908,675.0,9365.99,1,Salaried,Group A,0
7382,2024-08,89168.99,0.36508,677.0,46418.38,0,Salaried,Group A,0
7391,2024-08,112775.14,0.32918,618.0,3580.64,0,Salaried,Group B,0
7432,2024-08,49391.17,0.39405,792.0,8475.22,0,Self employed,Group A,0
7442,2024-08,125099.72,0.2338,605.0,7059.78,0,Self employed,Group A,1
7444,2024-08,116429.57,0.16036,584.0,21380.08,1,Contract,Group A,0
7457,2024-08,50227.27,0.17295,706.0,7234.13,0,Salaried,Group B,1
7467,2024-08,24249.72,0.08655,624.0,16081.77,0,Salaried,Group B,1
7524,2024-08,124719.38,0.32108,759.0,15786.37,0,Salaried,Group B,0
7560,2024-08,93282.19,0.0426,604.0,51283.26,0,Self employed,Group B,0
7562,2024-08,78240.32,0.16172,663.0,7536.89,0,Salaried,Group A,0
7596,2024-08,22438.75,0.23016,762.0,6008.56,0,Salaried,Group B,0
7627,2024-08,61007.01,0.40254,621.0,4759.66,0,Self employed,Group A,0
7636,2024-08,68396.78,0.19613,803.0,6903.79,1,Salaried,Group B,0
7658,2024-08,63370.15,0.22971,699.0,11452.79,1,Self employed,Group B,0
7669,2024-08,99349.2,0.17536,741.0,16359.66,1,Contract,Group B,0
7785,2024-08,50391.71,0.19781,614.0,6430.09,0,Contract,Group B,0
7786,2024-08,23574.37,0.44365,648.0,18000.7,1,Salaried,Group B,0
7800,2024-08,15000.0,0.84053,794.0,8480.14,1,Salaried,Group B,0
7808,2024-08,63634.84,0.1948,728.0,20438.72,2,Salaried,Group A,0
7946,2024-08,27968.7,0.58775,805.0,10188.31,0,Salaried,Group B,0
7966,2024-08,30991.08,0.40548,710.0,15897.61,0,Salaried,Group B,0
7967,2024-08,22244.39,0.65136,721.0,20846.06,0,Contract,Group A,0
7989,2024-08,42067.88,0.48358,672.0,11887.45,0,Self employed,Group A,0
8001,2024-08,38080.24,0.47441,660.0,57467.46,0,Contract,Group B,0
8008,2024-08,37184.27,0.15207,729.0,13938.94,1,Salaried,Group B,0
8028,2024-08,29537.94,0.11797,662.0,8479.78,0,Self employed,Group A,0
8050,2024-08,53133.72,0.20598,838.0,34647.02,0,Salaried,Group A,1
8084,2024-08,78317.67,0.21521,659.0,8804.66,1,Salaried,Group B,1
8108,2024-08,95431.32,0.42049,614.0,9798.49,0,Salaried,Group A,1
8148,2024-08,40489.39,0.1147,605.0,5070.28,0,Salaried,Group A,0
8156,2024-08,37073.35,0.23098,669.0,7421.46,0,Salaried,Group B,0
8158,2024-08,23989.54,0.51765,624.0,7346.28,0,Contract,Group A,1
8165,2024-08,32181.27,0.22194,612.0,32715.02,1,Salaried,Group A,0
8242,2024-08,166589.36,0.25112,783.0,16289.84,0,Salaried,Group B,0
8261,2024-08,56335.84,0.19999,656.0,13598.14,0,Contract,Group B,0
8280,2024-08,,0.40528,613.0,21601.9,0,Salaried,Group A,1
8290,2024-08,60821.42,0.33469,719.0,16423.41,1,Self employed,Group A,1
8310,2024-08,62261.97,0.27964,604.0,16378.22,0,Salaried,Group A,1
8327,2024-08,80546.96,0.51214,718.0,11501.21,0,Self employed,Group A,0
8333,2024-08,61714.61,0.24107,850.0,49053.51,1,Self employed,Group B,0
8338,2024-08,35983.25,0.23628,625.0,20636.39,0,Salaried,Group B,0
8351,2024-08,38463.68,0.02194,695.0,23318.34,1,Salaried,Group A,1
8373,2024-08,37847.55,0.18089,717.0,11227.45,0,Salaried,Group A,0
8395,2024-08,43277.34,0.40941,542.0,22900.34,0,Salaried,Group A,0
8401,2024-08,56669.0,0.21445,605.0,10270.54,0,Salaried,Group A,0
8408,2024-08,78823.98,0.09072,608.0,18756.33,1,Salaried,Group B,0
8422,2024-08,49785.03,0.51394,636.0,19477.66,0,Self employed,Group B,1
8433,2024-08,55401.11,0.11273,545.0,7028.8,0,Contract,Group A,1
8452,2024-08,45583.49,0.56659,700.0,12374.42,1,Salaried,Group B,1
8484,2024-08,31686.63,0.1379,590.0,18282.06,0,Contract,Group B,0
8495,2024-08,54163.53,0.15779,658.0,70180.79,0,Salaried,Group B,1
8496,2024-08,53754.94,0.21821,543.0,8228.75,0,Self employed,Group A,0
8511,2024-08,32474.08,0.54043,721.0,36447.62,0,Contract,Group B,0
8518,2024-08,52222.12,0.33696,642.0,25130.97,0,Self employed,Group B,0
8550,2024-08,56961.61,0.23001,600.0,13512.77,0,Self employed,Group B,0
8554,2024-08,41370.45,0.32116,645.0,11506.95,1,Salaried,Group A,1
8561,2024-08,62505.27,0.47763,655.0,16952.89,1,Contract,Group A,0
8595,2024-08,50536.76,0.23681,791.0,18841.28,0,Salaried,Group B,0
8603,2024-08,38082.18,0.4239,720.0,5904.35,0,Salaried,Group B,0
8622,2024-08,88685.94,0.14469,666.0,15072.11,0,Salaried,Group B,0
8628,2024-08,86863.04,0.03115,683.0,13006.76,0,Contract,Group B,0
8653,2024-08,202403.1,0.48161,718.0,34172.15,0,Contract,Group B,1
8679,2024-08,29470.23,0.69163,689.0,15618.59,0,Salaried,Group B,0
8708,2024-08,48563.7,0.34137,669.0,16560.66,1,Salaried,Group B,1
8722,2024-08,,0.15856,742.0,12092.92,0,Salaried,Group A,0
8735,2024-08,47554.88,0.13389,688.0,14821.17,0,Self employed,Group B,0
8736,2024-08,17332.04,0.38991,592.0,2865.12,0,Self employed,Group A,1
8744,2024-08,63016.39,0.47236,701.0,35458.16,0,Salaried,Group B,0
8748,2024-08,48084.86,0.24599,726.0,34418.61,0,Contract,Group B,0
8750,2024-08,58205.29,0.26625,584.0,7600.04,0,Salaried,Group A,0
8777,2024-08,69813.82,0.26062,600.0,51680.19,0,Salaried,Group B,1
8799,2024-08,54669.53,0.20296,650.0,10093.58,1,Salaried,Group B,1
8807,2024-08,39219.79,0.09125,703.0,2807.05,0,Contract,Group B,0
8819,2024-08,107008.41,0.37447,700.0,32192.73,0,Self employed,Group B,1
8825,2024-08,44554.76,0.45685,702.0,16935.02,0,Contract,Group A,1
8849,2024-08,68768.23,0.37877,686.0,27195.42,0,Salaried,Group A,0
8886,2024-08,49799.97,0.54129,801.0,9107.37,0,Salaried,Group B,0
8932,2024-08,72215.89,0.50738,598.0,27317.47,1,Salaried,Group A,0
8947,2024-08,35850.11,0.18652,600.0,15861.58,0,Salaried,Group A,1
8955,2024-08,79172.88,0.1999,677.0,3737.01,0,Salaried,Group A,0
8990,2024-08,53694.27,0.15773,765.0,20786.16,0,Contract,Group B,0
9013,2024-08,23502.75,0.43725,560.0,44117.83,0,Salaried,Group A,1
9018,2024-08,110587.23,0.43552,683.0,18997.01,1,Salaried,Group B,1
9024,2024-08,81022.52,0.23117,658.0,9678.77,0,Salaried,Group B,1
9037,2024-08,44296.71,0.51188,671.0,16048.39,1,Salaried,Group B,0
9043,2024-08,31240.65,0.22858,657.0,13152.15,0,Self employed,Group B,0
9054,2024-08,85940.55,0.62603,767.0,12674.52,0,Self employed,Group A,0
9107,2024-08,69208.54,0.43948,585.0,19008.66,0,Self employed,Group A,0
9120,2024-08,64559.95,0.36657,688.0,15921.94,0,Salaried,Group A,0
9124,2024-08,40104.14,0.2706,836.0,54329.59,1,Salaried,Group A,0
9132,2024-08,97396.68,0.27446,716.0,9712.74,1,Self employed,Group A,0
9141,2024-08,49440.65,0.31027,690.0,5693.17,1,Self employed,Group A,0
9142,2024-08,218007.86,0.1617,517.0,16455.85,0,Salaried,Group A,1
9152,2024-08,82435.02,0.54907,646.0,22765.9,1,Self employed,Group B,1
9167,2024-08,45873.15,0.50935,688.0,8383.13,0,Salaried,Group A,1
9229,2024-08,40789.71,0.50441,670.0,10908.37,0,Salaried,Group A,0
9241,2024-08,73965.87,0.16642,749.0,18689.37,0,Salaried,Group B,0
9263,2024-08,49917.93,0.10138,663.0,24102.49,0,Self employed,Group A,0
9288,2024-08,81861.99,0.2063,686.0,22268.31,0,Salaried,Group A,0
9314,2024-08,29356.81,0.24597,615.0,2243.23,0,Contract,Group B,1
9353,2024-08,82787.84,0.325,761.0,18162.91,0,Salaried,Group A,0
9417,2024-08,28154.28,0.23716,676.0,34033.15,0,Salaried,Group A,1
9468,2024-08,31461.49,0.20887,749.0,20248.57,1,Salaried,Group A,1
9478,2024-08,94984.43,0.52264,709.0,12348.77,0,Salaried,Group A,0
9564,2024-08,83619.93,0.16652,679.0,15228.02,0,Salaried,Group A,1
9581,2024-08,53694.71,0.38621,621.0,27083.88,0,Self employed,Group A,0
9591,2024-08,116666.63,0.34136,656.0,1910.35,0,Self employed,Group A,0
9617,2024-08,61508.53,0.18981,713.0,7737.28,0,Salaried,Group B,0
9636,2024-08,63580.67,0.42347,637.0,21821.31,0,Self employed,Group A,0
9638,2024-08,63608.21,0.19516,540.0,57834.08,0,Salaried,Group A,1
9649,2024-08,53090.74,0.26532,744.0,7566.79,0,Salaried,Group B,0
9678,2024-08,49982.86,0.4139,684.0,25451.73,0,Salaried,Group A,0
9693,2024-08,61961.11,0.37064,662.0,14149.06,1,Salaried,Group A,1
9769,2024-08,59317.1,0.31028,733.0,17575.13,0,Contract,Group A,0
9815,2024-08,32718.53,0.02403,648.0,9862.53,0,Salaried,Group A,0
9833,2024-08,84211.28,0.36868,705.0,10094.49,2,Salaried,Group A,0
9857,2024-08,36099.24,0.46885,769.0,34970.27,0,Self employed,Group B,0
9862,2024-08,40152.66,0.53409,694.0,27190.19,0,Salaried,Group A,0
9885,2024-08,,0.23389,652.0,18193.5,0,Salaried,Group A,0
9895,2024-08,49578.71,0.325,724.0,31708.01,0,Salaried,Group B,1
9998,2024-08,49453.95,0.36591,664.0,11802.86,0,Salaried,Group B,0
14,2024-09,27997.26,0.53494,647.0,5283.98,0,Salaried,Group B,1
17,2024-09,39304.09,0.53598,719.0,39420.18,1,Self employed,Group B,0
18,2024-09,49771.4,0.8311,644.0,14980.94,0,Salaried,Group B,0
58,2024-09,52722.65,0.21963,718.0,19969.55,1,Salaried,Group B,0
93,2024-09,42112.71,0.49697,702.0,21516.82,0,Self employed,Group A,0
144,2024-09,30329.15,0.23582,724.0,24072.56,0,Salaried,Group A,0
148,2024-09,52340.69,0.60997,671.0,21026.1,0,Salaried,Group A,0
166,2024-09,77760.68,0.13661,589.0,27999.39,0,Salaried,Group A,0
175,2024-09,65662.11,0.15195,645.0,6140.9,0,Salaried,Group B,0
176,2024-09,108927.95,0.45815,650.0,10335.27,1,Self employed,Group A,1
212,2024-09,65570.96,0.42596,711.0,23575.8,0,Self employed,Group A,0
222,2024-09,76053.91,0.47738,621.0,34097.47,1,Self employed,Group A,1
233,2024-09,106427.6,0.20089,624.0,8022.65,1,Contract,Group B,0
249,2024-09,67927.23,0.4965,749.0,4523.05,1,Salaried,Group A,0
269,2024-09,35432.84,0.21869,650.0,2730.17,0,Salaried,Group A,0
273,2024-09,50415.15,0.2871,700.0,52555.36,0,Salaried,Group A,0
318,2024-09,89127.62,0.18369,653.0,20760.7,0,Salaried,Group B,0
324,2024-09,60080.56,0.29567,728.0,18583.05,0,Contract,Group B,0
368,2024-09,51036.03,0.53355,574.0,11467.14,0,Salaried,Group B,0
393,2024-09,35143.28,0.18936,575.0,9396.24,0,Salaried,Group B,0
414,2024-09,36711.18,0.4133,648.0,19656.28,0,Salaried,Group A,1
420,2024-09,101711.42,0.24085,720.0,8314.05,0,Contract,Group A,0
450,2024-09,113544.17,0.09611,512.0,10152.16,1,Salaried,Group A,0
463,2024-09,61670.47,0.29679,676.0,5379.28,0,Salaried,Group A,0
518,2024-09,25424.26,0.0242,750.0,12738.64,2,Salaried,Group A,0
524,2024-09,63052.44,0.18745,586.0,41010.87,1,Salaried,Group A,1
546,2024-09,63329.1,0.16525,645.0,29514.05,0,Salaried,Group A,1
572,2024-09,47272.23,0.23774,577.0,37047.1,0,Salaried,Group A,1
575,2024-09,21472.45,0.3681,666.0,19380.25,0,Contract,Group B,1
591,2024-09,126743.38,0.23118,841.0,8660.07,0,Salaried,Group B,0
595,2024-09,72257.89,0.11058,626.0,14841.95,0,Salaried,Group A,0
603,2024-09,35644.34,0.12275,641.0,12363.93,1,Salaried,Group B,0
859,2024-09,73342.94,0.11384,652.0,18472.04,0,Salaried,Group A,0
875,2024-09,47332.94,0.26479,690.0,49503.92,0,Salaried,Group A,0
886,2024-09,65891.25,0.04373,678.0,20545.43,1,Salaried,Group A,0
896,2024-09,45431.72,0.20551,601.0,53685.29,0,Salaried,Group A,0
905,2024-09,70981.37,0.50585,568.0,32979.86,2,Salaried,Group A,1
969,2024-09,89395.3,0.29157,619.0,17148.59,0,Salaried,Group B,0
1087,2024-09,48761.98,0.17297,678.0,8689.17,0,Salaried,Group B,0
1091,2024-09,66851.11,0.62594,636.0,11905.36,0,Salaried,Group B,0
1118,2024-09,22779.8,0.10654,699.0,8007.78,0,Contract,Group A,0
1191,2024-09,92345.14,0.10258,744.0,26712.41,0,Contract,Group B,0
1194,2024-09,40411.26,0.13649,665.0,10212.41,1,Self employed,Group A,0
1195,2024-09,,0.07462,666.0,18177.38,1,Salaried,Group B,0
1214,2024-09,33292.54,0.40349,731.0,38918.31,0,Salaried,Group A,1
1253,2024-09,52098.22,0.05535,702.0,6313.08,0,Contract,Group A,0
1279,2024-09,43225.32,0.15413,689.0,7218.55,1,Salaried,Group B,0
1285,2024-09,67334.87,0.24848,749.0,20391.48,1,Self employed,Group A,0
1292,2024-09,47109.85,0.4399,635.0,24686.34,1,Self employed,Group A,1
1314,2024-09,29043.08,0.55048,642.0,7997.83,1,Self employed,Group A,1
1329,2024-09,94345.48,0.30827,634.0,4949.49,0,Salaried,Group A,1
1377,2024-09,87743.34,0.50408,743.0,5317.66,1,Self employed,Group A,0
1479,2024-09,60831.14,0.15934,596.0,29551.55,0,Salaried,Group B,1
1504,2024-09,82572.97,0.25915,721.0,4032.97,1,Contract,Group B,0
1516,2024-09,71184.25,0.22349,696.0,67745.23,0,Self employed,Group A,0
1519,2024-09,44742.97,0.35452,754.0,35140.23,0,Salaried,Group B,0
1521,2024-09,77275.01,0.21576,680.0,8645.55,0,Self employed,Group A,1
1542,2024-09,46064.35,0.28716,602.0,6392.16,1,Salaried,Group A,1
1555,2024-09,42926.42,0.24933,649.0,10902.88,0,Salaried,Group B,0
1560,2024-09,41561.23,0.44854,644.0,28008.56,0,Salaried,Group A,1
1582,2024-09,66385.07,0.26087,542.0,8934.86,0,Self employed,Group A,1
1607,2024-09,72881.58,0.60133,782.0,20695.86,0,Salaried,Group B,0
1612,2024-09,83721.68,0.37699,723.0,30347.85,1,Contract,Group A,0
1643,2024-09,49920.09,0.45869,595.0,9342.76,0,Salaried,Group A,0
1704,2024-09,99215.13,0.0678,673.0,7686.81,1,Self employed,Group A,0
1748,2024-09,60171.53,0.30966,796.0,23376.35,0,Self employed,Group A,0
1795,2024-09,85810.92,0.17734,756.0,16333.5,0,Salaried,Group B,0
1819,2024-09,21476.56,0.11937,629.0,13259.85,1,Salaried,Group A,0
1848,2024-09,54758.22,0.38499,761.0,42171.86,0,Salaried,Group B,0
1871,2024-09,45521.73,0.13611,636.0,5288.78,1,Salaried,Group A,0
1917,2024-09,92655.53,0.20901,708.0,10754.61,0,Salaried,Group B,0
1932,2024-09,37924.97,0.19139,616.0,31514.07,0,Salaried,Group A,1
1946,2024-09,63326.31,0.46517,722.0,18380.25,0,Salaried,Group B,0
1998,2024-09,164970.64,0.1579,658.0,10180.86,0,Salaried,Group B,0
2003,2024-09,37593.89,0.38677,677.0,13545.43,0,Salaried,Group B,0
2044,2024-09,80749.76,0.59311,684.0,20722.97,0,Contract,Group B,1
2086,2024-09,55928.85,0.52864,733.0,75000.0,0,Self employed,Group A,0
2121,2024-09,46772.94,0.47213,615.0,9929.94,0,Self employed,Group B,0
2122,2024-09,107773.82,0.4089,680.0,5494.13,0,Contract,Group A,0
2162,2024-09,69091.39,0.23124,613.0,5057.79,0,Salaried,Group A,0
2214,2024-09,43082.6,0.27544,701.0,9024.81,0,Self employed,Group A,0
2304,2024-09,31422.17,0.0755,660.0,12534.13,0,Salaried,Group A,0
2313,2024-09,80678.24,0.29853,659.0,9987.39,0,Salaried,Group A,0
2332,2024-09,56937.03,0.02706,681.0,57052.14,0,Salaried,Group A,0
2342,2024-09,58439.65,0.25788,762.0,5320.62,0,Salaried,Group B,0
2422,2024-09,39442.68,0.02293,700.0,21975.72,0,Salaried,Group A,0
2428,2024-09,43261.19,0.51754,696.0,17156.91,0,Salaried,Group B,0
2464,2024-09,54222.47,0.50038,549.0,47499.81,0,Salaried,Group B,1
2477,2024-09,72252.04,0.22668,687.0,20719.64,0,Self employed,Group B,1
2514,2024-09,121851.39,0.24026,702.0,12046.27,0,Salaried,Group A,0
2523,2024-09,36302.31,0.28936,715.0,22534.07,0,Self employed,Group B,0
2526,2024-09,90180.54,0.21406,655.0,25662.07,0,Salaried,Group B,0
2529,2024-09,80269.97,0.2474,614.0,10617.23,0,Salaried,Group A,0
2577,2024-09,73644.96,0.41611,757.0,33473.99,0,Self employed,Group A,0
2671,2024-09,76118.31,0.32961,673.0,17346.9,0,Salaried,Group B,0
2676,2024-09,42182.62,0.45128,698.0,75000.0,0,Self employed,Group B,0
2697,2024-09,62452.65,0.31097,702.0,15130.28,0,Salaried,Group B,1
2706,2024-09,41081.39,0.6827,614.0,8192.11,0,Salaried,Group A,1
2734,2024-09,29068.09,0.12602,787.0,10601.38,0,Salaried,Group B,0
2822,2024-09,70461.46,0.21448,828.0,25562.73,0,Contract,Group A,0
2859,2024-09,28840.72,0.24897,566.0,43538.36,0,Self employed,Group B,1
2861,2024-09,40921.75,0.14981,645.0,26516.03,0,Salaried,Group A,0
2874,2024-09,54400.55,0.07497,748.0,21686.89,1,Salaried,Group B,0
2881,2024-09,67157.69,0.36247,737.0,12127.28,0,Salaried,Group A,0
2908,2024-09,56249.03,0.31053,751.0,5393.14,0,Contract,Group A,0
2945,2024-09,26891.11,0.21924,603.0,14181.56,1,Self employed,Group A,1
2975,2024-09,80594.15,0.03965,694.0,44367.83,1,Salaried,Group A,0
2977,2024-09,62542.95,0.36304,612.0,24088.8,0,Salaried,Group B,1
2981,2024-09,88752.54,0.30576,711.0,13481.74,0,Salaried,Group A,0
3032,2024-09,48194.25,0.43122,609.0,11390.03,0,Salaried,Group B,0
3073,2024-09,54005.49,0.14241,724.0,8436.78,0,Salaried,Group B,0
3080,2024-09,55777.39,0.49445,695.0,26075.37,0,Contract,Group B,0
3097,2024-09,190693.27,0.39969,667.0,9400.99,1,Self employed,Group A,0
3101,2024-09,99619.47,0.20531,594.0,13107.47,0,Salaried,Group A,1
3130,2024-09,48783.54,0.21368,680.0,61700.52,0,Salaried,Group A,1
3187,2024-09,37840.26,0.05014,671.0,8033.74,0,Salaried,Group A,1
3236,2024-09,25422.91,0.30064,761.0,10078.87,0,Self employed,Group B,0
3237,2024-09,62194.58,0.37419,728.0,32319.83,0,Salaried,Group A,0
3243,2024-09,55250.68,0.22417,630.0,42325.54,0,Salaried,Group B,0
3291,2024-09,,0.0694,673.0,70914.24,0,Salaried,Group A,0
3333,2024-09,,0.28527,708.0,10443.68,0,Salaried,Group B,0
3348,2024-09,35892.51,0.16539,684.0,6073.76,1,Self employed,Group A,0
3368,2024-09,29762.28,0.3424,707.0,22367.21,0,Contract,Group B,1
3371,2024-09,101883.67,0.29685,800.0,18345.28,1,Salaried,Group A,0
3421,2024-09,92988.03,0.20028,645.0,27564.13,1,Contract,Group A,1
3422,2024-09,55861.36,0.26837,613.0,38168.52,0,Salaried,Group A,0
3437,2024-09,34618.79,0.12572,654.0,8320.48,0,Salaried,Group A,0
3511,2024-09,28184.9,0.19982,671.0,18965.23,0,Self employed,Group B,0
3514,2024-09,118088.98,0.51075,639.0,4542.04,0,Salaried,Group B,1
3537,2024-09,52523.83,0.18984,619.0,20628.25,0,Salaried,Group A,0
3548,2024-09,59951.95,0.36082,637.0,13223.62,2,Salaried,Group A,0
3620,2024-09,36177.46,0.21684,738.0,29501.01,0,Self employed,Group A,1
3720,2024-09,35259.5,0.05897,777.0,42297.1,0,Contract,Group B,0
3727,2024-09,45257.74,0.02925,722.0,7990.15,0,Salaried,Group A,0
3753,2024-09,45099.78,0.43655,764.0,15847.22,0,Salaried,Group A,0
3759,2024-09,86623.15,0.28092,728.0,14624.57,0,Contract,Group A,0
3766,2024-09,43081.03,0.28286,670.0,23868.65,1,Salaried,Group B,1
3835,2024-09,64966.25,0.23905,651.0,10951.55,0,Salaried,Group B,0
3871,2024-09,50522.61,0.28205,559.0,31963.66,0,Salaried,Group B,1
3946,2024-09,98051.74,0.71164,675.0,41379.84,0,Salaried,Group A,0
3961,2024-09,20034.72,0.39217,547.0,22000.29,0,Salaried,Group A,1
3967,2024-09,103572.13,0.43856,712.0,11636.69,1,Salaried,Group A,0
3989,2024-09,129398.82,0.33312,700.0,11818.06,3,Self employed,Group A,0
4034,2024-09,61396.53,0.19642,584.0,11013.98,1,Self employed,Group B,0
4045,2024-09,24848.9,0.1713,658.0,18138.58,0,Salaried,Group B,0
4057,2024-09,98099.97,0.24567,736.0,20995.0,1,Salaried,Group A,0
4090,2024-09,67448.09,0.3843,750.0,28281.39,0,Salaried,Group A,0
4096,2024-09,43696.11,0.3963,782.0,3667.44,0,Self employed,Group A,0
4133,2024-09,47272.05,0.18272,687.0,33015.17,0,Contract,Group B,0
4140,2024-09,24555.45,0.47041,644.0,3047.33,0,Salaried,Group A,1
4157,2024-09,16067.95,0.37867,630.0,14259.94,0,Salaried,Group A,0
4163,2024-09,68274.29,0.4418,699.0,18383.13,0,Self employed,Group B,0
4164,2024-09,157516.17,0.52754,676.0,4347.4,1,Salaried,Group A,0
4227,2024-09,31723.89,0.6634,646.0,7586.6,1,Self employed,Group B,0
4276,2024-09,63295.5,0.39785,672.0,5900.71,0,Salaried,Group B,1
4292,2024-09,59070.29,0.50834,638.0,7852.95,0,Salaried,Group B,0
4297,2024-09,61073.39,0.37147,749.0,14336.98,0,Contract,Group A,0
4307,2024-09,34520.06,0.29993,583.0,32626.96,0,Salaried,Group B,1
4321,2024-09,133061.62,0.69689,757.0,13351.85,0,Salaried,Group A,0
4323,2024-09,37706.83,0.3885,616.0,5263.59,0,Salaried,Group B,0
4390,2024-09,95836.59,0.07223,643.0,20097.14,1,Salaried,Group B,1
4467,2024-09,70190.84,0.07635,773.0,4810.4,0,Salaried,Group A,0
4468,2024-09,44833.39,0.35418,598.0,22701.24,0,Self employed,Group B,0
4530,2024-09,79077.07,0.23363,685.0,16042.83,0,Contract,Group B,0
4538,2024-09,80944.29,0.14694,657.0,11617.95,2,Salaried,Group B,0
4609,2024-09,44613.95,0.35301,667.0,6283.1,0,Salaried,Group A,0
4635,2024-09,104828.19,0.46903,675.0,14485.87,0,Salaried,Group B,0
4677,2024-09,55597.71,0.3621,656.0,33298.44,0,Salaried,Group B,1
4703,2024-09,70228.05,0.28252,629.0,9299.34,0,Salaried,Group B,0
4725,2024-09,71460.93,0.06318,738.0,12849.97,0,Self employed,Group A,0
4775,2024-09,146085.15,0.17438,648.0,14828.19,0,Salaried,Group A,0
4784,2024-09,37687.86,0.06387,663.0,21113.44,0,Salaried,Group B,0
4812,2024-09,63019.36,0.17337,607.0,37336.44,1,Salaried,Group A,1
4819,2024-09,38536.94,0.17723,655.0,14473.3,0,Self employed,Group B,0
4820,2024-09,68817.24,0.44371,775.0,31275.62,1,Contract,Group B,0
4830,2024-09,68539.79,0.19334,641.0,12165.11,0,Contract,Group B,0
4920,2024-09,85614.93,0.35364,661.0,13206.91,0,Self employed,Group B,1
4972,2024-09,59808.78,0.34696,699.0,8762.68,0,Salaried,Group B,0
5006,2024-09,49524.51,0.23557,630.0,24511.54,0,Salaried,Group B,0
5010,2024-09,26606.47,0.09721,673.0,26863.4,0,Salaried,Group B,0
5031,2024-09,28381.52,0.24487,666.0,8848.29,0,Salaried,Group A,0
5090,2024-09,35055.1,0.39009,635.0,13452.32,1,Contract,Group A,0
5149,2024-09,68929.21,0.23078,757.0,26756.33,0,Contract,Group A,0
5262,2024-09,95106.46,0.0901,657.0,14421.23,0,Contract,Group A,0
5332,2024-09,41503.51,0.15222,691.0,5128.53,0,Self employed,Group B,0
5348,2024-09,80464.02,0.63093,664.0,13646.21,0,Salaried,Group B,1
5350,2024-09,78945.46,0.21656,576.0,4391.45,0,Salaried,Group B,0
5361,2024-09,50027.83,0.24436,532.0,4489.45,0,Salaried,Group B,0
5373,2024-09,53205.0,0.29548,746.0,10311.44,1,Salaried,Group B,0
5383,2024-09,23985.43,0.25285,595.0,13061.11,1,Salaried,Group B,0
5452,2024-09,15511.01,0.17911,814.0,5132.92,0,Self employed,Group B,0
5460,2024-09,46844.59,0.4748,553.0,15314.37,0,Self employed,Group A,1
5463,2024-09,93087.83,0.11059,732.0,15062.9,0,Contract,Group A,0
5466,2024-09,83035.21,0.11741,748.0,4113.89,1,Salaried,Group A,0
5510,2024-09,25696.0,0.1807,740.0,11984.63,0,Salaried,Group A,0
5521,2024-09,113537.77,0.57811,643.0,7045.2,0,Self employed,Group B,0
5524,2024-09,61070.63,0.2364,687.0,38990.3,0,Contract,Group A,0
5544,2024-09,46821.9,0.40888,622.0,9895.73,0,Self employed,Group B,0
5585,2024-09,84752.56,0.2604,650.0,13515.96,0,Contract,Group A,1
5613,2024-09,90783.88,0.09211,592.0,33315.51,1,Self employed,Group A,1
5660,2024-09,20837.02,0.52252,676.0,14967.21,0,Salaried,Group A,1
5698,2024-09,55356.63,0.38937,578.0,17841.82,0,Salaried,Group A,1
5725,2024-09,43305.01,0.22496,530.0,5632.94,1,Salaried,Group B,0
5727,2024-09,56727.32,0.73645,768.0,14320.96,0,Self employed,Group A,0
5775,2024-09,66717.76,0.06224,606.0,34989.53,0,Salaried,Group B,0
5903,2024-09,61852.95,0.33022,690.0,17274.18,0,Contract,Group A,0
5904,2024-09,121552.92,0.24512,723.0,8838.33,0,Salaried,Group B,0
5910,2024-09,39976.56,0.23335,593.0,16723.85,1,Contract,Group B,1
5928,2024-09,23198.53,0.21679,726.0,27336.39,0,Salaried,Group A,0
5969,2024-09,48340.5,0.19244,688.0,17956.38,0,Salaried,Group B,0
5990,2024-09,60586.24,0.34309,666.0,33710.77,1,Self employed,Group A,0
5998,2024-09,40537.08,0.29418,677.0,42419.14,0,Salaried,Group A,1
6062,2024-09,82396.01,0.17921,693.0,7637.64,1,Salaried,Group A,0
6066,2024-09,83087.51,0.18153,801.0,20167.25,1,Salaried,Group B,0
6072,2024-09,66916.24,0.39669,666.0,13684.41,0,Self employed,Group B,1
6091,2024-09,78882.33,0.12982,552.0,3918.37,0,Salaried,Group A,1
6124,2024-09,77953.01,0.03789,741.0,20521.47,0,Salaried,Group A,0
6134,2024-09,43091.43,0.10101,706.0,24425.42,0,Salaried,Group B,0
6170,2024-09,55549.57,0.61408,652.0,9590.92,0,Contract,Group B,1
6187,2024-09,37634.28,0.63187,679.0,16081.38,0,Salaried,Group A,0
6203,2024-09,70561.74,0.07546,578.0,35644.6,0,Salaried,Group A,0
6252,2024-09,64668.77,0.47244,661.0,9775.14,0,Salaried,Group B,0
6257,2024-09,113978.92,0.29819,763.0,20003.5,0,Self employed,Group B,0
6259,2024-09,32493.49,0.3549,779.0,19066.73,0,Salaried,Group A,0
6286,2024-09,181116.73,0.17469,688.0,8494.8,0,Contract,Group A,0
6351,2024-09,56841.52,0.46891,602.0,25653.63,1,Salaried,Group A,0
6394,2024-09,87901.91,0.08031,704.0,18471.64,1,Salaried,Group A,1
6403,2024-09,29266.75,0.13622,768.0,14899.84,1,Salaried,Group A,0
6433,2024-09,65255.8,0.67951,630.0,53661.02,0,Salaried,Group A,0
6454,2024-09,63445.04,0.34168,617.0,24454.37,0,Contract,Group B,1
6479,2024-09,28996.16,0.39637,682.0,60585.3,1,Salaried,Group A,0
6510,2024-09,178183.62,0.32051,684.0,7623.14,0,Salaried,Group A,0
6514,2024-09,65312.49,0.36554,621.0,9909.17,1,Self employed,Group A,1
6516,2024-09,71087.07,0.14058,699.0,12559.09,0,Salaried,Group A,0
6525,2024-09,41887.47,0.11631,634.0,15044.72,0,Self employed,Group A,0
6533,2024-09,83892.72,0.22655,645.0,22795.85,0,Self employed,Group A,1
6585,2024-09,53496.0,0.07247,668.0,5328.4,0,Salaried,Group A,0
6684,2024-09,61728.93,0.17234,679.0,33988.33,1,Salaried,Group B,0
6685,2024-09,56543.24,0.26072,668.0,17775.93,1,Salaried,Group A,0
6703,2024-09,82621.64,0.34103,521.0,11771.77,0,Salaried,Group A,1
6789,2024-09,28675.71,0.48731,635.0,15895.86,2,Salaried,Group B,1
6818,2024-09,53028.24,0.05814,675.0,9997.1,0,Salaried,Group A,0
6819,2024-09,61293.17,0.13696,734.0,13007.24,0,Self employed,Group A,0
6838,2024-09,79445.91,0.19501,681.0,22275.05,0,Contract,Group B,0
6843,2024-09,47494.62,0.29114,691.0,17813.05,0,Salaried,Group A,0
6884,2024-09,91038.44,0.23066,602.0,19682.16,2,Salaried,Group B,0
6920,2024-09,63537.94,0.28978,822.0,21117.11,0,Salaried,Group A,0
6930,2024-09,73402.18,0.5269,656.0,6685.82,0,Self employed,Group B,0
6936,2024-09,42884.74,0.2084,590.0,6917.62,1,Self employed,Group B,1
6949,2024-09,61678.43,0.11185,689.0,50115.1,1,Salaried,Group A,0
6961,2024-09,55055.95,0.23929,667.0,8084.81,0,Salaried,Group A,0
6967,2024-09,45829.75,0.28475,729.0,20955.92,0,Self employed,Group B,0
6972,2024-09,86939.58,0.14395,559.0,11764.49,0,Contract,Group A,0
7008,2024-09,56039.51,0.23668,745.0,5436.67,0,Salaried,Group B,0
7020,2024-09,72249.83,0.40662,791.0,22461.75,0,Self employed,Group A,0
7033,2024-09,80635.11,0.3849,702.0,17897.82,1,Self employed,Group A,1
7042,2024-09,41976.26,0.3411,649.0,22310.04,0,Self employed,Group A,0
7058,2024-09,49086.35,0.71745,706.0,16380.73,0,Salaried,Group B,1
7060,2024-09,17264.55,0.66493,667.0,25657.33,1,Self employed,Group B,1
7101,2024-09,65573.36,0.18177,758.0,17745.82,1,Self employed,Group A,0
7128,2024-09,104356.29,0.41295,740.0,24349.81,0,Self employed,Group A,0
7155,2024-09,94936.18,0.15174,737.0,6524.58,0,Salaried,Group A,0
7184,2024-09,20066.9,0.35312,537.0,12066.27,0,Salaried,Group A,1
7207,2024-09,86049.44,0.26763,666.0,26270.2,0,Salaried,Group A,0
7223,2024-09,72767.23,0.29354,611.0,12162.11,0,Self employed,Group A,0
7224,2024-09,53800.85,0.19985,807.0,13331.8,0,Contract,Group A,0
7247,2024-09,88370.86,0.52039,613.0,19517.18,0,Self employed,Group B,0
7303,2024-09,31974.19,0.06383,614.0,17712.89,0,Salaried,Group B,0
7324,2024-09,33911.04,0.35318,715.0,35975.04,1,Salaried,Group B,1
7348,2024-09,105259.45,0.40761,719.0,17968.22,1,Salaried,Group B,1
7384,2024-09,20761.7,0.372,667.0,4770.77,0,Salaried,Group A,0
7386,2024-09,69009.69,0.12635,733.0,17935.49,0,Contract,Group B,0
7461,2024-09,86374.01,0.43163,777.0,13038.68,0,Contract,Group A,0
7498,2024-09,89455.59,0.64024,623.0,6704.64,1,Self employed,Group A,1
7530,2024-09,111747.43,0.18316,593.0,27224.89,0,Salaried,Group A,0
7546,2024-09,62482.22,0.24305,684.0,9780.55,0,Salaried,Group B,0
7550,2024-09,56191.79,0.10819,674.0,13402.28,0,Salaried,Group B,0
7564,2024-09,74003.06,0.25118,646.0,7559.93,0,Salaried,Group B,0
7579,2024-09,36490.62,0.36074,697.0,8542.57,0,Salaried,Group B,1
7605,2024-09,82026.89,0.08383,616.0,10105.27,0,Salaried,Group B,0
7624,2024-09,39570.44,0.27234,634.0,9645.16,1,Salaried,Group B,1
7626,2024-09,20534.86,0.38059,674.0,58672.56,0,Salaried,Group B,1
7637,2024-09,28260.0,0.39669,748.0,13823.93,0,Salaried,Group A,0
7653,2024-09,108435.69,0.20738,678.0,20120.74,0,Salaried,Group B,0
7693,2024-09,64620.11,0.33015,635.0,9465.04,0,Salaried,Group A,1
7745,2024-09,32114.11,0.52559,748.0,8118.99,0,Salaried,Group B,0
7796,2024-09,41302.22,0.19715,665.0,31779.47,0,Salaried,Group A,0
7833,2024-09,94533.93,0.45628,625.0,17486.79,0,Salaried,Group A,0
7849,2024-09,126167.2,0.38561,689.0,12994.2,0,Salaried,Group A,0
7851,2024-09,33671.17,0.1183,615.0,13910.29,0,Salaried,Group A,0
7852,2024-09,47404.45,0.48776,543.0,8693.74,0,Salaried,Group B,1
7860,2024-09,49096.06,0.46471,601.0,28474.59,1,Salaried,Group B,0
7884,2024-09,44686.42,0.24427,646.0,6517.59,0,Salaried,Group B,0
7957,2024-09,45756.88,0.26906,609.0,6607.79,0,Salaried,Group A,0
7974,2024-09,51264.26,0.58998,657.0,12497.33,0,Self employed,Group B,0
8019,2024-09,60314.57,0.06325,832.0,9476.87,1,Contract,Group B,0
8040,2024-09,26866.34,0.18294,715.0,5202.46,0,Salaried,Group A,0
8058,2024-09,52944.74,0.31509,612.0,7440.05,0,Salaried,Group A,0
8062,2024-09,61901.25,0.34428,679.0,17003.7,0,Salaried,Group A,0
8092,2024-09,33323.85,0.06231,804.0,11347.66,0,Salaried,Group A,0
8140,2024-09,93108.51,0.22244,627.0,12051.06,0,Salaried,Group A,0
8169,2024-09,151536.66,0.48373,660.0,7749.69,0,Salaried,Group B,0
8204,2024-09,64380.82,0.36545,670.0,14332.74,0,Self employed,Group A,0
8205,2024-09,70633.62,0.1605,665.0,32123.25,0,Salaried,Group B,0
8240,2024-09,54823.27,0.32935,674.0,9192.66,1,Salaried,Group B,0
8249,2024-09,50584.75,0.19018,738.0,15138.21,0,Salaried,Group A,0
8278,2024-09,37400.39,0.53834,593.0,9514.17,0,Salaried,Group B,0
8296,2024-09,117425.52,0.36958,775.0,16336.98,0,Self employed,Group B,0
8325,2024-09,45677.25,0.15916,689.0,12922.78,0,Salaried,Group A,0
8353,2024-09,97495.71,0.13591,729.0,40632.88,0,Self employed,Group B,0
8362,2024-09,96547.31,0.75248,614.0,32263.65,0,Salaried,Group A,1
8389,2024-09,104206.23,0.18088,659.0,13769.93,0,Contract,Group A,0
8426,2024-09,59533.18,0.56489,655.0,18864.02,0,Salaried,Group A,1
8442,2024-09,88547.95,0.1877,610.0,13925.48,0,Salaried,Group B,0
8453,2024-09,56975.36,0.15827,713.0,15951.7,0,Salaried,Group A,0
8485,2024-09,24105.1,0.18881,615.0,26139.27,0,Salaried,Group A,0
8521,2024-09,40368.85,0.24533,724.0,5383.42,0,Salaried,Group B,0
8544,2024-09,40693.01,0.16545,692.0,28071.16,0,Self employed,Group B,0
8567,2024-09,24202.13,0.24203,698.0,4852.85,0,Contract,Group B,0
8570,2024-09,46363.29,0.0796,619.0,2412.88,0,Salaried,Group A,0
8646,2024-09,75689.56,0.31437,794.0,2523.32,0,Salaried,Group B,0
8692,2024-09,29739.0,0.1231,570.0,25826.9,2,Self employed,Group A,1
8693,2024-09,53348.17,0.22031,699.0,21639.18,0,Salaried,Group A,1
8694,2024-09,40718.69,0.30917,783.0,5325.07,0,Self employed,Group A,0
8700,2024-09,71899.61,0.20931,683.0,13108.8,0,Contract,Group A,1
8738,2024-09,60020.03,0.30396,638.0,12355.46,0,Self employed,Group A,0
8745,2024-09,70018.48,0.40311,647.0,8018.07,0,Salaried,Group A,1
8753,2024-09,43418.45,0.09013,639.0,15813.33,0,Self employed,Group A,0
8765,2024-09,59496.76,0.28682,624.0,27511.27,0,Salaried,Group B,0
8783,2024-09,70237.0,0.05948,699.0,21004.96,0,Self employed,Group B,0
8894,2024-09,79979.81,0.09373,651.0,15326.85,0,Salaried,Group A,0
8902,2024-09,53523.67,0.68079,730.0,18045.95,1,Salaried,Group A,0
8979,2024-09,17729.68,0.04751,715.0,13460.57,1,Self employed,Group A,0
9032,2024-09,33940.52,0.38595,566.0,7338.84,0,Contract,Group B,0
9036,2024-09,52105.66,0.59639,798.0,19286.92,0,Self employed,Group B,0
9060,2024-09,24081.72,0.59948,792.0,19508.96,0,Salaried,Group A,0
9095,2024-09,68235.91,0.1665,768.0,9691.22,0,Salaried,Group B,0
9102,2024-09,52389.14,0.08312,631.0,2654.83,1,Salaried,Group B,0
9134,2024-09,47405.9,0.2065,674.0,16001.14,0,Contract,Group A,0
9153,2024-09,58816.98,0.13636,673.0,28892.01,1,Salaried,Group A,0
9195,2024-09,44763.27,0.08836,633.0,19021.47,0,Self employed,Group B,0
9208,2024-09,117329.09,0.57543,764.0,5133.01,0,Self employed,Group B,1
9235,2024-09,70822.01,0.37545,703.0,10672.56,1,Salaried,Group A,0
9252,2024-09,39941.56,0.24091,650.0,19116.93,0,Salaried,Group A,0
9274,2024-09,54461.68,0.37038,615.0,17464.12,0,Contract,Group B,1
9279,2024-09,61438.23,0.24184,622.0,30922.47,0,Salaried,Group A,0
9284,2024-09,55120.76,0.28821,846.0,33405.48,0,Self employed,Group B,0
9286,2024-09,112658.39,0.33048,605.0,6775.8,0,Salaried,Group B,1
9297,2024-09,73090.3,0.12434,569.0,8565.01,1,Salaried,Group A,1
9309,2024-09,15000.0,0.55106,645.0,43686.85,0,Salaried,Group A,1
9311,2024-09,29414.83,0.25672,726.0,17646.9,0,Self employed,Group B,0
9316,2024-09,60631.74,0.07317,714.0,25766.57,0,Salaried,Group A,0
9318,2024-09,47560.88,0.18591,651.0,32709.57,0,Salaried,Group A,1
9321,2024-09,66070.42,0.63565,792.0,15961.33,2,Salaried,Group B,0
9372,2024-09,28556.58,0.10921,647.0,17197.37,0,Self employed,Group A,0
9373,2024-09,55473.46,0.10207,604.0,20739.23,0,Contract,Group A,1
9401,2024-09,57399.45,0.13871,671.0,36272.3,0,Self employed,Group B,0
9418,2024-09,24405.76,0.57013,573.0,23481.61,0,Salaried,Group B,0
9466,2024-09,41244.28,0.561,575.0,10105.7,0,Salaried,Group B,0
9481,2024-09,21896.02,0.52601,595.0,29510.4,0,Self employed,Group B,1
9520,2024-09,78237.82,0.49166,577.0,6529.0,0,Self employed,Group A,1
9530,2024-09,18101.35,0.33916,629.0,19122.29,0,Salaried,Group B,1
9556,2024-09,37708.59,0.14996,739.0,16935.92,0,Salaried,Group B,0
9585,2024-09,35248.68,0.37273,728.0,39229.1,0,Salaried,Group B,0
9588,2024-09,77686.36,0.23142,539.0,65115.97,2,Salaried,Group A,1
9601,2024-09,40706.43,0.20125,792.0,5788.18,1,Salaried,Group A,0
9609,2024-09,45240.61,0.29576,679.0,65296.87,1,Salaried,Group B,1
9652,2024-09,100626.45,0.73045,602.0,6515.43,0,Salaried,Group A,0
9670,2024-09,59273.95,0.60252,718.0,32306.73,0,Salaried,Group B,0
9775,2024-09,23529.31,0.77088,741.0,27850.02,0,Salaried,Group B,1
9780,2024-09,56421.25,0.12027,668.0,20073.56,0,Self employed,Group B,0
9824,2024-09,75162.78,0.31826,620.0,33437.89,0,Salaried,Group B,1
9892,2024-09,33314.26,0.48489,756.0,32285.45,0,Salaried,Group B,0
9901,2024-09,36588.01,0.29491,660.0,8969.91,0,Salaried,Group A,0
9932,2024-09,38590.13,0.29136,594.0,22883.87,0,Salaried,Group A,0
9967,2024-09,55174.04,0.28827,661.0,23271.27,1,Self employed,Group A,1
9968,2024-09,68468.36,0.50479,639.0,14731.55,0,Salaried,Group A,0
9987,2024-09,51545.0,0.16404,771.0,5683.15,0,Self employed,Group A,0
52,2024-10,60229.05,0.36675,605.0,11773.05,0,Salaried,Group B,0
97,2024-10,15000.0,0.55879,704.0,11584.54,1,Salaried,Group B,0
130,2024-10,64447.77,0.55781,686.0,13767.44,1,Salaried,Group B,1
199,2024-10,22768.87,0.56814,682.0,54867.65,1,Salaried,Group B,1
203,2024-10,63940.07,0.11919,723.0,19515.62,0,Self employed,Group A,1
230,2024-10,63987.48,0.28955,729.0,20115.03,1,Contract,Group B,1
275,2024-10,72049.84,0.36858,742.0,19654.26,1,Salaried,Group A,0
308,2024-10,129031.24,0.33293,706.0,18104.57,0,Salaried,Group B,0
310,2024-10,24028.98,0.1059,707.0,2856.03,0,Salaried,Group A,1
346,2024-10,30860.67,0.20972,606.0,14675.8,0,Salaried,Group A,1
381,2024-10,40951.47,0.17902,705.0,12599.04,1,Contract,Group A,1
423,2024-10,35503.93,0.33085,585.0,8166.32,0,Self employed,Group B,0
435,2024-10,48762.8,0.50317,698.0,31370.3,1,Contract,Group A,1
439,2024-10,57507.19,0.34065,701.0,19993.99,0,Salaried,Group B,0
441,2024-10,81167.39,0.15943,619.0,7720.65,1,Salaried,Group A,0
464,2024-10,76718.45,0.34395,691.0,24712.48,0,Contract,Group A,0
466,2024-10,74392.15,0.33618,675.0,8229.12,0,Self employed,Group A,0
479,2024-10,39875.13,0.08627,579.0,17959.47,1,Salaried,Group A,1
555,2024-10,36458.03,0.24884,621.0,16387.01,0,Self employed,Group B,0
580,2024-10,23320.82,0.16865,664.0,38377.5,0,Salaried,Group A,0
610,2024-10,59720.53,0.48198,807.0,45836.83,1,Salaried,Group A,0
675,2024-10,32070.2,0.09889,561.0,7464.82,0,Salaried,Group A,1
718,2024-10,52230.27,0.27146,605.0,6904.61,0,Salaried,Group B,1
724,2024-10,63136.2,0.2424,775.0,12525.82,0,Salaried,Group A,0
759,2024-10,40054.33,0.35616,660.0,29654.22,1,Self employed,Group B,0
788,2024-10,63883.43,0.36005,602.0,14534.96,0,Salaried,Group B,0
828,2024-10,43272.1,0.49054,676.0,27813.36,0,Salaried,Group B,0
833,2024-10,72162.75,0.34213,658.0,38796.84,0,Salaried,Group B,0
902,2024-10,57697.51,0.36171,714.0,10658.17,0,Self employed,Group B,1
904,2024-10,41093.44,0.36958,577.0,8624.3,0,Salaried,Group B,0
906,2024-10,48282.3,0.25249,638.0,11087.26,0,Salaried,Group B,0
914,2024-10,58518.75,0.1297,628.0,14224.58,2,Salaried,Group A,1
936,2024-10,41894.83,0.12185,620.0,14471.73,1,Salaried,Group B,0
966,2024-10,122086.61,0.48798,843.0,8434.87,0,Salaried,Group B,0
978,2024-10,48928.03,0.79856,628.0,19711.15,2,Salaried,Group B,1
991,2024-10,20233.74,0.07826,652.0,11255.28,0,Salaried,Group B,0
994,2024-10,31747.23,0.14965,655.0,11120.34,0,Salaried,Group A,0
1001,2024-10,70095.95,0.41306,687.0,14827.04,2,Salaried,Group B,0
1046,2024-10,56356.46,0.27732,717.0,9977.3,0,Self employed,Group B,0
1060,2024-10,56782.43,0.41746,738.0,6905.35,1,Self employed,Group B,0
1066,2024-10,37303.21,0.13565,624.0,5540.82,1,Salaried,Group A,1
1075,2024-10,58121.69,0.2647,693.0,3732.76,0,Salaried,Group B,0
1077,2024-10,40998.11,0.11108,621.0,25732.59,0,Salaried,Group B,0
1109,2024-10,79166.68,0.07172,523.0,9097.18,0,Salaried,Group A,0
1132,2024-10,87873.87,0.16018,569.0,16214.98,0,Contract,Group A,0
1201,2024-10,106321.35,0.37377,607.0,7303.87,0,Salaried,Group B,1
1220,2024-10,42961.43,0.52053,662.0,26489.39,1,Salaried,Group A,1
1222,2024-10,42006.16,0.20942,641.0,15127.82,1,Salaried,Group A,0
1254,2024-10,71388.84,0.28836,659.0,11944.93,0,Salaried,Group B,0
1255,2024-10,43923.83,0.0672,588.0,7318.45,1,Salaried,Group A,1
1272,2024-10,27444.82,0.44079,668.0,7248.2,0,Contract,Group B,1
1286,2024-10,,0.43052,672.0,28288.5,0,Contract,Group A,0
1333,2024-10,107959.06,0.15082,699.0,22869.63,0,Self employed,Group A,0
1379,2024-10,59651.03,0.07943,731.0,4888.19,0,Self employed,Group B,0
1388,2024-10,22365.13,0.36486,739.0,7849.2,1,Salaried,Group A,1
1429,2024-10,33185.31,0.32324,701.0,4797.12,0,Contract,Group B,1
1431,2024-10,46914.05,0.28022,713.0,17403.69,1,Salaried,Group B,1
1444,2024-10,74538.02,0.38028,636.0,7528.36,0,Self employed,Group A,0
1486,2024-10,148407.06,0.27949,637.0,5181.18,1,Self employed,Group A,0
1502,2024-10,58296.26,0.28884,778.0,12557.68,0,Salaried,Group B,0
1514,2024-10,113138.39,0.25083,598.0,11553.77,2,Self employed,Group A,0
1530,2024-10,80545.22,0.1031,789.0,25182.22,0,Salaried,Group A,0
1543,2024-10,42399.28,0.51207,636.0,4493.3,0,Salaried,Group A,0
1628,2024-10,45901.79,0.06753,722.0,25958.06,0,Salaried,Group B,0
1632,2024-10,48611.81,0.18454,753.0,16466.31,0,Salaried,Group B,0
1660,2024-10,113838.45,0.05937,685.0,30208.43,1,Self employed,Group B,0
1683,2024-10,48712.65,0.31252,613.0,5173.19,0,Contract,Group A,1
1718,2024-10,79961.21,0.52399,551.0,6218.47,0,Self employed,Group A,0
1787,2024-10,53361.51,0.23197,693.0,6963.31,0,Contract,Group A,0
1793,2024-10,39157.99,0.16264,713.0,14950.15,0,Salaried,Group B,1
1813,2024-10,100811.74,0.37227,658.0,17412.08,0,Salaried,Group A,0
1825,2024-10,33196.33,0.04049,666.0,21440.25,0,Self employed,Group A,0
1831,2024-10,27924.6,0.11334,679.0,19940.73,1,Salaried,Group B,0
1844,2024-10,42472.3,0.24725,712.0,6288.91,0,Salaried,Group A,0
1862,2024-10,50896.31,0.22936,674.0,5986.01,0,Salaried,Group B,0
1939,2024-10,99322.62,0.38221,666.0,16662.12,0,Self employed,Group A,0
1967,2024-10,41056.49,0.56341,680.0,13028.87,0,Salaried,Group A,0
2009,2024-10,69338.28,0.338,634.0,12789.49,0,Contract,Group A,1
2029,2024-10,46782.93,0.1587,675.0,7037.08,1,Contract,Group B,0
2071,2024-10,37665.61,0.5131,616.0,11786.98,0,Self employed,Group B,0
2104,2024-10,44706.07,0.1496,772.0,28409.09,0,Salaried,Group B,1
2184,2024-10,61108.07,0.22056,593.0,16371.11,0,Self employed,Group B,0
2217,2024-10,33246.59,0.3226,598.0,18131.07,3,Salaried,Group A,1
2231,2024-10,64007.29,0.15306,573.0,24535.23,1,Salaried,Group A,0
2297,2024-10,20408.98,0.07429,714.0,9683.52,1,Self employed,Group B,1
2298,2024-10,67833.55,0.64151,722.0,10424.24,0,Salaried,Group A,0
2308,2024-10,82633.28,0.41155,719.0,8578.1,0,Self employed,Group A,0
2311,2024-10,41848.43,0.62486,704.0,6701.88,0,Salaried,Group B,0
2337,2024-10,134285.25,0.27956,647.0,16661.94,0,Salaried,Group A,0
2341,2024-10,104922.81,0.44638,638.0,6385.86,0,Contract,Group B,1
2367,2024-10,34019.92,0.21399,652.0,15251.82,0,Self employed,Group A,0
2400,2024-10,99326.19,0.25116,621.0,11287.93,0,Self employed,Group B,0
2413,2024-10,85087.04,0.36943,675.0,12839.43,0,Salaried,Group B,0
2426,2024-10,68496.8,0.59362,662.0,11639.0,0,Salaried,Group B,1
2447,2024-10,48599.5,0.04177,708.0,3120.96,1,Salaried,Group A,0
2497,2024-10,148518.06,0.1095,651.0,75000.0,0,Salaried,Group A,0
2499,2024-10,76887.94,0.0468,752.0,11700.45,0,Salaried,Group B,0
2506,2024-10,50391.41,0.09075,732.0,38354.58,0,Salaried,Group B,0
2517,2024-10,84647.37,0.51527,733.0,17828.49,0,Self employed,Group A,0
2534,2024-10,37402.02,0.41205,619.0,14816.68,0,Salaried,Group A,0
2579,2024-10,23740.6,0.16883,685.0,18086.04,0,Salaried,Group A,0
2587,2024-10,162921.07,0.1467,613.0,9356.76,2,Salaried,Group A,1
2609,2024-10,41788.81,0.20892,646.0,14664.19,0,Salaried,Group A,0
2613,2024-10,42634.85,0.2355,798.0,12112.85,0,Self employed,Group A,0
2614,2024-10,26202.8,0.10641,608.0,6446.0,0,Salaried,Group B,1
2619,2024-10,128299.69,0.26385,671.0,9988.08,0,Salaried,Group A,1
2625,2024-10,73168.06,0.21708,735.0,12263.76,1,Salaried,Group B,0
2638,2024-10,117725.66,0.45917,659.0,54138.41,1,Salaried,Group B,0
2645,2024-10,39204.92,0.5734,644.0,27792.98,0,Contract,Group B,1
2662,2024-10,74467.4,0.29681,697.0,20133.62,0,Self employed,Group B,0
2679,2024-10,54347.67,0.19976,698.0,5125.35,1,Salaried,Group B,1
2687,2024-10,106923.6,0.24667,595.0,4751.78,0,Salaried,Group A,0
2720,2024-10,33031.21,0.17735,682.0,34673.78,0,Contract,Group A,0
2721,2024-10,31324.74,0.31915,701.0,5757.07,0,Salaried,Group A,0
2754,2024-10,33523.42,0.15519,633.0,8221.93,0,Contract,Group A,0
2759,2024-10,24032.44,0.08849,741.0,9894.83,1,Salaried,Group A,0
2767,2024-10,103718.03,0.2221,554.0,9833.67,1,Self employed,Group B,1
2774,2024-10,46392.0,0.15305,629.0,34292.93,0,Salaried,Group B,0
2798,2024-10,79154.22,0.05772,697.0,25083.05,1,Salaried,Group B,0
2823,2024-10,82130.56,0.31315,660.0,8017.36,0,Self employed,Group B,0
2826,2024-10,81434.36,0.11632,725.0,53667.36,0,Salaried,Group B,0
2847,2024-10,84184.9,0.17784,697.0,4999.25,0,Salaried,Group B,0
2903,2024-10,64306.99,0.25312,671.0,13059.96,1,Salaried,Group B,0
2937,2024-10,90863.7,0.07704,679.0,15646.2,1,Self employed,Group A,1
2942,2024-10,32560.23,0.3118,803.0,9046.52,0,Salaried,Group A,0
2983,2024-10,85247.04,0.27212,664.0,7415.93,1,Salaried,Group A,1
2999,2024-10,66590.31,0.24418,676.0,25176.49,2,Salaried,Group B,1
3021,2024-10,19645.97,0.13354,721.0,10621.09,0,Contract,Group A,0
3045,2024-10,91032.35,0.40649,785.0,9853.71,1,Salaried,Group B,0
3049,2024-10,42049.45,0.39917,780.0,14267.79,0,Salaried,Group B,0
3054,2024-10,101034.72,0.55917,641.0,8025.14,0,Salaried,Group A,0
3071,2024-10,55008.38,0.43144,714.0,21429.09,0,Salaried,Group A,1
3139,2024-10,24680.03,0.48053,694.0,24401.18,0,Salaried,Group A,1
3160,2024-10,28038.82,0.2705,729.0,17315.01,1,Salaried,Group B,1
3169,2024-10,23067.18,0.19583,603.0,27652.84,0,Salaried,Group B,1
3196,2024-10,51919.61,0.36424,557.0,3235.68,1,Salaried,Group A,1
3206,2024-10,109786.09,0.36514,633.0,10205.27,1,Self employed,Group B,0
3267,2024-10,55534.6,0.4209,672.0,9207.57,0,Contract,Group B,0
3270,2024-10,35341.24,0.65445,612.0,30016.35,0,Salaried,Group A,1
3290,2024-10,30161.27,0.13966,617.0,26132.89,1,Salaried,Group A,0
3292,2024-10,59681.67,0.20847,636.0,20723.3,1,Salaried,Group A,0
3310,2024-10,89807.36,0.31469,623.0,32986.04,2,Self employed,Group A,1
3349,2024-10,44258.39,0.14523,783.0,32600.95,0,Salaried,Group A,0
3353,2024-10,64834.62,0.35521,738.0,30258.96,0,Salaried,Group B,0
3366,2024-10,43749.89,0.20552,578.0,12403.51,1,Self employed,Group A,1
3376,2024-10,38270.68,0.21391,549.0,14910.21,0,Salaried,Group A,1
3382,2024-10,47286.47,0.05556,584.0,12330.51,0,Salaried,Group B,0
3391,2024-10,46303.36,0.35939,639.0,29843.77,0,Salaried,Group A,0
3393,2024-10,36315.23,0.40542,723.0,14577.92,0,Salaried,Group A,0
3419,2024-10,43670.13,0.18264,727.0,24884.22,0,Salaried,Group A,0
3444,2024-10,60701.19,0.05112,626.0,13412.64,1,Salaried,Group A,0
3484,2024-10,47663.85,0.2418,629.0,14892.46,0,Salaried,Group A,0
3582,2024-10,82859.28,0.07402,733.0,39346.82,0,Contract,Group A,0
3584,2024-10,74688.44,0.11213,659.0,9819.69,0,Salaried,Group A,0
3604,2024-10,18547.79,0.51103,734.0,8372.81,0,Contract,Group A,0
3607,2024-10,86407.95,0.27383,635.0,6736.38,1,Salaried,Group A,0
3673,2024-10,32705.2,0.30516,594.0,12044.91,1,Salaried,Group B,1
3685,2024-10,124074.72,0.20321,704.0,31140.37,1,Salaried,Group B,0
3724,2024-10,25621.54,0.04885,748.0,4940.85,0,Salaried,Group B,0
3726,2024-10,78179.75,0.3519,631.0,13360.6,0,Self employed,Group B,0
3735,2024-10,78804.41,0.20723,730.0,46094.01,0,Self employed,Group A,0
3741,2024-10,66166.3,0.16052,751.0,20068.22,0,Salaried,Group A,0
3784,2024-10,22975.31,0.57736,641.0,11639.28,0,Salaried,Group A,0
3799,2024-10,28947.15,0.53973,639.0,13492.72,0,Salaried,Group B,1
3806,2024-10,45142.37,0.07732,717.0,17184.35,0,Salaried,Group A,0
3808,2024-10,112437.44,0.15632,721.0,14937.3,0,Salaried,Group A,1
3813,2024-10,49521.64,0.09161,591.0,14306.8,0,Self employed,Group A,1
3895,2024-10,134076.09,0.11979,574.0,8368.77,0,Salaried,Group B,1
3898,2024-10,29595.9,0.0856,651.0,10078.47,0,Salaried,Group A,0
3921,2024-10,94797.58,0.66754,850.0,2898.56,0,Salaried,Group B,0
3937,2024-10,42626.8,0.5754,527.0,7388.35,0,Contract,Group A,1
3942,2024-10,42601.16,0.39349,738.0,8869.33,0,Salaried,Group A,0
3949,2024-10,29534.38,0.52113,636.0,8166.86,0,Salaried,Group A,0
3962,2024-10,74603.41,0.20018,658.0,16407.69,0,Salaried,Group A,0
3991,2024-10,72369.06,0.6345,794.0,11555.59,0,Self employed,Group A,0
4038,2024-10,82691.19,0.18957,631.0,17393.8,0,Contract,Group A,0
4039,2024-10,44263.12,0.55161,634.0,13818.46,0,Salaried,Group A,1
4072,2024-10,29276.24,0.49738,676.0,16405.83,1,Salaried,Group A,0
4073,2024-10,84703.34,0.4778,649.0,16412.92,0,Salaried,Group B,0
4102,2024-10,52585.36,0.48565,663.0,31557.7,0,Salaried,Group A,1
4129,2024-10,34570.65,0.3162,603.0,29436.04,0,Salaried,Group B,1
4185,2024-10,42841.13,0.05803,766.0,19049.83,0,Self employed,Group B,0
4186,2024-10,48470.17,0.5223,608.0,25584.94,1,Salaried,Group A,1
4197,2024-10,41446.87,0.39902,667.0,13082.67,0,Salaried,Group B,0
4201,2024-10,44387.96,0.45319,687.0,7660.49,0,Self employed,Group B,0
4242,2024-10,45974.06,0.13682,596.0,11665.66,0,Self employed,Group A,0
4256,2024-10,60423.29,0.21425,674.0,10754.27,1,Contract,Group A,1
4265,2024-10,88023.2,0.53472,742.0,12545.53,0,Salaried,Group A,0
4338,2024-10,16350.97,0.40772,649.0,24099.58,1,Salaried,Group A,1
4367,2024-10,28018.14,0.33409,774.0,31481.56,0,Salaried,Group B,0
4401,2024-10,48700.58,0.43293,649.0,17549.61,0,Salaried,Group A,0
4420,2024-10,45087.59,0.40328,591.0,4230.76,0,Salaried,Group B,1
4437,2024-10,24746.68,0.54579,532.0,24182.76,0,Salaried,Group B,0
4533,2024-10,35784.17,0.37338,623.0,5127.74,0,Self employed,Group B,0
4536,2024-10,94171.51,0.40238,658.0,7412.49,0,Salaried,Group A,0
4550,2024-10,87243.52,0.17593,624.0,15256.98,0,Salaried,Group A,1
4581,2024-10,40721.46,0.22155,637.0,7204.05,1,Salaried,Group A,0
4595,2024-10,71038.51,0.30993,615.0,17614.55,0,Salaried,Group B,0
4613,2024-10,78094.79,0.14202,636.0,10163.43,0,Salaried,Group B,0
4614,2024-10,26274.96,0.28047,752.0,48648.76,0,Salaried,Group B,1
4619,2024-10,31449.63,0.17758,679.0,12649.06,0,Salaried,Group A,0
4647,2024-10,66995.01,0.08338,714.0,19837.34,1,Self employed,Group B,0
4649,2024-10,91507.86,0.08746,657.0,8434.56,0,Salaried,Group B,0
4657,2024-10,45659.36,0.06612,706.0,17745.89,0,Salaried,Group A,0
4704,2024-10,57683.84,0.52348,748.0,10570.04,0,Salaried,Group B,0
4765,2024-10,102296.83,0.46953,693.0,9575.19,1,Salaried,Group B,0
4781,2024-10,82717.02,0.17945,645.0,10691.05,2,Salaried,Group A,1
4797,2024-10,45637.04,0.03733,669.0,10488.65,2,Salaried,Group A,0
4804,2024-10,22964.49,0.52941,704.0,26024.12,0,Contract,Group B,1
4813,2024-10,82352.26,0.10644,576.0,75000.0,1,Self employed,Group B,0
4843,2024-10,49715.69,0.26602,803.0,6921.85,0,Salaried,Group A,0
4857,2024-10,60369.76,0.13473,666.0,33094.59,1,Self employed,Group B,1
4902,2024-10,52554.47,0.19978,742.0,18318.95,0,Salaried,Group A,0
4953,2024-10,76729.09,0.53261,690.0,10035.37,0,Salaried,Group A,0
4955,2024-10,32805.28,0.39877,655.0,8527.53,1,Salaried,Group A,0
4989,2024-10,59438.19,0.12892,652.0,51702.41,0,Salaried,Group B,0
5024,2024-10,46203.53,0.25386,685.0,36710.81,0,Salaried,Group B,1
5035,2024-10,91225.05,0.37547,628.0,12916.94,0,Salaried,Group B,0
5063,2024-10,45953.17,0.46382,756.0,7830.58,0,Self employed,Group B,0
5083,2024-10,62686.06,0.51295,661.0,12810.24,1,Salaried,Group A,0
5097,2024-10,54118.19,0.55798,635.0,44503.31,0,Salaried,Group B,0
5100,2024-10,52487.91,0.62236,660.0,21906.24,2,Salaried,Group A,1
5132,2024-10,152350.41,0.18846,712.0,55847.16,0,Contract,Group B,0
5179,2024-10,76768.82,0.3218,662.0,36525.39,0,Contract,Group A,0
5217,2024-10,52205.88,0.13003,835.0,8956.11,1,Salaried,Group B,1
5316,2024-10,48928.21,0.18677,688.0,26952.05,0,Salaried,Group A,1
5338,2024-10,37199.48,0.50962,717.0,5658.16,0,Self employed,Group B,1
5395,2024-10,52132.56,0.37897,694.0,24316.91,2,Salaried,Group A,0
5432,2024-10,21985.65,0.52312,717.0,7400.77,1,Salaried,Group A,0
5483,2024-10,18983.87,0.72571,796.0,9140.37,1,Salaried,Group A,1
5490,2024-10,41327.08,0.17421,689.0,8306.92,1,Contract,Group A,0
5505,2024-10,77530.35,0.2655,578.0,26631.21,2,Salaried,Group B,1
5520,2024-10,30284.02,0.38064,547.0,41186.86,0,Salaried,Group B,1
5559,2024-10,43718.57,0.08629,681.0,33321.41,0,Salaried,Group A,0
5561,2024-10,41302.54,0.16445,669.0,25488.26,1,Self employed,Group A,1
5576,2024-10,54805.64,0.33817,762.0,6730.9,0,Salaried,Group B,0
5583,2024-10,53926.1,0.59202,711.0,14288.54,0,Salaried,Group A,0
5647,2024-10,59831.4,0.23016,652.0,21600.39,0,Self employed,Group A,0
5688,2024-10,55096.82,0.06606,683.0,14259.28,0,Salaried,Group A,1
5690,2024-10,45617.4,0.19322,663.0,8558.8,0,Salaried,Group B,1
5695,2024-10,65684.92,0.57079,597.0,32315.96,0,Self employed,Group B,1
5704,2024-10,69564.2,0.50754,732.0,12685.7,0,Salaried,Group A,0
5722,2024-10,94829.57,0.22426,627.0,4726.43,0,Salaried,Group A,0
5829,2024-10,48134.77,0.11826,755.0,55679.46,0,Salaried,Group A,0
5844,2024-10,36119.2,0.09268,594.0,20354.31,0,Salaried,Group B,0
5926,2024-10,82513.24,0.44424,628.0,7334.5,0,Self employed,Group A,1
5941,2024-10,80510.89,0.31369,693.0,22572.15,1,Salaried,Group A,0
5947,2024-10,43659.75,0.41207,678.0,8818.1,0,Salaried,Group B,0
5991,2024-10,105544.48,0.03059,742.0,11972.51,0,Self employed,Group B,0
6040,2024-10,116956.16,0.59444,552.0,16401.92,0,Salaried,Group A,0
6071,2024-10,70328.52,0.43528,606.0,6344.6,0,Contract,Group B,1
6086,2024-10,66147.21,0.42745,689.0,4903.38,1,Self employed,Group A,1
6111,2024-10,89286.87,0.26164,577.0,10694.25,2,Salaried,Group A,1
6142,2024-10,66218.39,0.45321,624.0,23045.37,1,Salaried,Group B,1
6165,2024-10,58829.63,0.13183,696.0,67390.85,0,Salaried,Group A,0
6174,2024-10,116697.35,0.1106,730.0,8135.73,0,Salaried,Group B,0
6179,2024-10,57104.16,0.42652,652.0,7426.4,1,Contract,Group A,1
6211,2024-10,67433.01,0.45676,629.0,7702.96,1,Contract,Group B,1
6250,2024-10,31258.38,0.19225,741.0,11076.9,2,Salaried,Group B,1
6284,2024-10,15765.66,0.46668,626.0,8399.79,1,Self employed,Group A,1
6325,2024-10,130097.91,0.48001,526.0,16113.34,1,Salaried,Group B,1
6329,2024-10,55354.84,0.07506,672.0,6464.12,2,Salaried,Group A,0
6364,2024-10,95661.67,0.41071,741.0,9096.42,0,Contract,Group B,1
6406,2024-10,94502.39,0.33647,652.0,5502.03,1,Salaried,Group B,0
6416,2024-10,101310.81,0.47665,672.0,8902.44,1,Salaried,Group A,1
6420,2024-10,37938.69,0.17285,740.0,8811.15,0,Self employed,Group A,0
6421,2024-10,74901.07,0.0616,528.0,44687.56,0,Contract,Group B,0
6432,2024-10,70137.08,0.0223,814.0,6779.99,0,Contract,Group B,0
6435,2024-10,35255.89,0.11096,657.0,5378.3,0,Salaried,Group A,0
6451,2024-10,61358.29,0.0674,702.0,75000.0,1,Salaried,Group B,0
6465,2024-10,29602.3,0.01294,693.0,25997.69,0,Salaried,Group B,0
6509,2024-10,62473.8,0.25551,690.0,10970.09,0,Salaried,Group B,1
6626,2024-10,17942.86,0.44782,758.0,10306.4,0,Self employed,Group B,1
6639,2024-10,44765.28,0.6273,690.0,49537.49,0,Self employed,Group A,1
6655,2024-10,35651.36,0.19417,638.0,15326.21,0,Salaried,Group A,1
6659,2024-10,54368.75,0.0399,596.0,17434.68,1,Salaried,Group B,1
6706,2024-10,40849.12,0.44783,709.0,2829.98,0,Salaried,Group B,1
6718,2024-10,22541.64,0.36689,622.0,3390.51,0,Contract,Group A,0
6739,2024-10,62586.84,0.35434,637.0,11851.14,0,Salaried,Group A,0
6742,2024-10,37920.46,0.11285,695.0,24104.62,0,Salaried,Group A,0
6786,2024-10,67436.53,0.30472,707.0,15310.94,0,Salaried,Group B,0
6787,2024-10,49092.9,0.29981,705.0,10493.33,0,Salaried,Group A,0
6848,2024-10,43284.51,0.60084,598.0,3954.43,0,Salaried,Group A,1
6860,2024-10,55754.96,0.43936,679.0,11301.59,1,Salaried,Group A,1
6923,2024-10,20570.7,0.45722,775.0,26178.76,0,Salaried,Group B,0
6934,2024-10,62195.15,0.13393,679.0,7551.79,0,Contract,Group A,1
6983,2024-10,47685.95,0.08869,645.0,15010.96,0,Salaried,Group A,0
6997,2024-10,100385.71,0.4789,654.0,19328.52,2,Salaried,Group B,0
7018,2024-10,80381.72,0.18078,695.0,3214.44,0,Salaried,Group B,0
7055,2024-10,63715.4,0.32282,576.0,14237.97,0,Salaried,Group B,1
7069,2024-10,48836.33,0.4436,649.0,19362.87,0,Self employed,Group B,1
7115,2024-10,26642.24,0.05902,747.0,14226.18,0,Salaried,Group B,0
7125,2024-10,86477.37,0.37543,712.0,27148.47,0,Salaried,Group A,0
7159,2024-10,56263.64,0.39392,719.0,17662.73,0,Salaried,Group A,0
7182,2024-10,48447.08,0.1352,633.0,21487.48,0,Salaried,Group A,0
7261,2024-10,36031.2,0.0629,692.0,32871.99,1,Salaried,Group A,1
7271,2024-10,38294.12,0.515,598.0,25477.17,0,Self employed,Group A,0
7330,2024-10,,0.15933,731.0,49042.51,0,Self employed,Group B,0
7370,2024-10,102589.81,0.33873,685.0,15450.44,0,Salaried,Group B,0
7392,2024-10,78362.7,0.07845,560.0,20996.1,0,Salaried,Group A,0
7406,2024-10,72973.69,0.16589,703.0,19063.57,0,Contract,Group A,0
7409,2024-10,132951.44,0.19181,725.0,14595.45,0,Salaried,Group B,0
7459,2024-10,94431.51,0.60326,787.0,24248.35,1,Self employed,Group B,0
7513,2024-10,47950.37,0.20687,631.0,19575.99,1,Self employed,Group B,1
7551,2024-10,19099.05,0.26927,647.0,8891.86,0,Salaried,Group A,0
7556,2024-10,110191.09,0.37837,649.0,32691.37,1,Self employed,Group A,0
7558,2024-10,38301.34,0.17522,723.0,35886.3,1,Salaried,Group A,0
7568,2024-10,55529.29,0.15939,694.0,12706.07,0,Salaried,Group B,0
7621,2024-10,55826.35,0.16122,541.0,30521.23,1,Salaried,Group A,1
7625,2024-10,28433.85,0.28504,694.0,5267.72,0,Self employed,Group B,0
7647,2024-10,59285.2,0.40408,581.0,13885.38,0,Salaried,Group A,0
7649,2024-10,63820.57,0.35883,665.0,13073.6,2,Salaried,Group B,1
7652,2024-10,45337.27,0.27989,719.0,6098.56,1,Self employed,Group B,0
7668,2024-10,104551.52,0.12496,651.0,17682.5,1,Self employed,Group A,0
7692,2024-10,35345.49,0.35767,709.0,20356.66,0,Salaried,Group A,0
7695,2024-10,50974.92,0.75816,715.0,34968.69,1,Self employed,Group A,1
7696,2024-10,64776.67,0.50018,759.0,9926.98,1,Self employed,Group A,0
7710,2024-10,104872.35,0.34923,730.0,13844.17,1,Self employed,Group B,0
7711,2024-10,56639.86,0.15285,673.0,7724.59,1,Salaried,Group A,0
7722,2024-10,69631.76,0.39368,433.0,58571.61,1,Salaried,Group B,1
7740,2024-10,84608.94,0.05384,752.0,16116.76,0,Salaried,Group B,0
7744,2024-10,53497.36,0.20121,692.0,13178.04,2,Salaried,Group A,0
7780,2024-10,50106.6,0.44269,693.0,5984.54,0,Self employed,Group B,1
7816,2024-10,72765.51,0.04022,674.0,15238.98,0,Salaried,Group A,0
7868,2024-10,74706.65,0.03448,589.0,28224.12,0,Salaried,Group B,1
7903,2024-10,65578.71,0.2609,726.0,20891.94,0,Salaried,Group A,1
7913,2024-10,42970.31,0.08052,507.0,5939.63,0,Salaried,Group B,0
7916,2024-10,126604.45,0.3827,668.0,37761.43,1,Contract,Group B,0
7932,2024-10,95413.03,0.34401,696.0,36302.01,1,Salaried,Group B,0
7953,2024-10,66226.28,0.19411,754.0,15629.77,0,Salaried,Group A,0
7998,2024-10,52233.4,0.65309,672.0,19365.64,1,Self employed,Group A,0
8027,2024-10,30722.55,0.18861,672.0,15293.91,0,Self employed,Group B,0
8053,2024-10,,0.31844,613.0,17366.77,0,Contract,Group A,0
8057,2024-10,56963.94,0.68992,739.0,36962.21,0,Salaried,Group A,0
8059,2024-10,60459.16,0.29519,850.0,17274.05,0,Salaried,Group A,0
8064,2024-10,47731.07,0.08697,675.0,28667.3,0,Salaried,Group A,0
8077,2024-10,91999.89,0.50971,662.0,4139.19,1,Salaried,Group A,0
8080,2024-10,99419.14,0.38705,735.0,21445.0,0,Salaried,Group A,0
8090,2024-10,130372.61,0.406,730.0,17508.55,0,Contract,Group A,0
8115,2024-10,48537.97,0.23079,655.0,30100.21,1,Salaried,Group A,0
8130,2024-10,26303.96,0.29905,697.0,27430.89,0,Salaried,Group B,1
8207,2024-10,44205.52,0.42536,725.0,13104.5,0,Salaried,Group A,0
8279,2024-10,102660.64,0.20572,742.0,14471.35,0,Salaried,Group B,0
8289,2024-10,15000.0,0.2186,673.0,44678.9,0,Salaried,Group B,1
8309,2024-10,72926.5,0.22729,652.0,3723.03,0,Self employed,Group B,0
8335,2024-10,48451.17,0.62108,737.0,9112.21,1,Self employed,Group B,0
8337,2024-10,159617.99,0.09458,627.0,13377.14,0,Salaried,Group A,0
8383,2024-10,58945.67,0.19805,591.0,11617.77,0,Salaried,Group A,0
8463,2024-10,25249.81,0.42398,742.0,14101.97,0,Salaried,Group A,0
8469,2024-10,68625.38,0.51567,632.0,11912.53,0,Salaried,Group B,0
8516,2024-10,79731.26,0.14772,833.0,6707.66,1,Salaried,Group A,0
8535,2024-10,39936.14,0.20843,645.0,33019.2,1,Contract,Group B,0
8541,2024-10,82780.29,0.11137,683.0,22853.96,0,Salaried,Group A,0
8549,2024-10,41088.24,0.07304,714.0,41283.02,1,Salaried,Group A,1
8572,2024-10,52195.44,0.07514,652.0,24370.59,0,Salaried,Group B,1
8577,2024-10,84071.48,0.1624,664.0,7943.29,2,Salaried,Group A,0
8586,2024-10,63378.03,0.08228,694.0,24377.99,1,Salaried,Group A,0
8612,2024-10,24525.1,0.20668,664.0,7807.06,0,Salaried,Group B,0
8662,2024-10,43317.8,0.47369,638.0,10022.77,1,Salaried,Group B,1
8717,2024-10,70262.29,0.16196,691.0,19192.89,0,Contract,Group A,0
8718,2024-10,103307.29,0.19953,650.0,7705.42,0,Salaried,Group B,0
8723,2024-10,67660.63,0.28559,711.0,20899.91,0,Salaried,Group B,0
8740,2024-10,70992.7,0.31487,708.0,4762.81,0,Salaried,Group A,0
8766,2024-10,55164.51,0.35006,667.0,50858.23,0,Self employed,Group A,1
8785,2024-10,70302.12,0.17737,658.0,23310.14,0,Salaried,Group B,0
8792,2024-10,61982.1,0.10182,588.0,20456.68,0,Salaried,Group A,0
8796,2024-10,77768.93,0.53794,792.0,31327.58,0,Self employed,Group B,0
8828,2024-10,101448.28,0.0387,780.0,41605.39,0,Salaried,Group A,0
8850,2024-10,84499.44,0.1223,578.0,6484.39,0,Salaried,Group A,1
8904,2024-10,83240.05,0.5162,642.0,16261.15,0,Salaried,Group B,1
8970,2024-10,31833.83,0.54373,773.0,17809.53,0,Self employed,Group B,0
8974,2024-10,89744.49,0.22084,693.0,10274.96,0,Salaried,Group B,0
8985,2024-10,45804.06,0.24086,712.0,13963.7,0,Salaried,Group B,0
8991,2024-10,57070.99,0.45291,673.0,15934.45,1,Salaried,Group A,0
8999,2024-10,67804.46,0.22384,649.0,17586.22,0,Self employed,Group A,0
9103,2024-10,40075.96,0.07703,693.0,19698.47,1,Salaried,Group B,0
9112,2024-10,30322.6,0.44686,736.0,36649.96,1,Salaried,Group B,1
9128,2024-10,51920.08,0.06006,701.0,7062.45,0,Self employed,Group B,0
9129,2024-10,38972.94,0.56859,673.0,20689.96,0,Salaried,Group A,1
9154,2024-10,55563.42,0.27126,703.0,12447.47,0,Salaried,Group A,0
9161,2024-10,35219.74,0.06404,657.0,18026.7,0,Salaried,Group B,0
9174,2024-10,41254.4,0.34239,650.0,38589.95,1,Self employed,Group A,1
9191,2024-10,59845.41,0.18075,654.0,23867.96,0,Salaried,Group A,0
9197,2024-10,102813.92,0.44199,641.0,26982.86,1,Contract,Group B,0
9214,2024-10,52712.57,0.09701,717.0,25198.75,0,Self employed,Group A,0
9237,2024-10,92329.48,0.45551,657.0,8483.8,0,Self employed,Group B,0
9240,2024-10,62061.73,0.26266,745.0,33372.47,0,Salaried,Group A,0
9243,2024-10,68349.22,0.42369,582.0,27293.06,0,Salaried,Group B,0
9255,2024-10,86948.89,0.15292,751.0,30859.03,0,Salaried,Group A,0
9260,2024-10,185512.41,0.34488,693.0,9788.0,0,Salaried,Group B,0
9264,2024-10,52246.78,0.20008,698.0,24255.69,0,Salaried,Group A,0
9269,2024-10,89918.94,0.3866,745.0,6458.33,0,Salaried,Group B,0
9277,2024-10,62113.02,0.56937,702.0,20711.45,0,Contract,Group B,1
9282,2024-10,33221.96,0.16751,755.0,35162.11,0,Contract,Group B,0
9346,2024-10,46577.28,0.41294,696.0,7023.24,1,Salaried,Group A,0
9352,2024-10,82183.38,0.47775,671.0,41506.09,0,Salaried,Group A,0
9375,2024-10,65730.68,0.17981,658.0,9607.2,0,Salaried,Group A,1
9510,2024-10,58521.03,0.67449,698.0,28826.24,0,Self employed,Group B,0
9595,2024-10,49902.63,0.4125,681.0,21443.59,0,Contract,Group A,0
9623,2024-10,41792.72,0.3021,781.0,25636.22,0,Self employed,Group A,1
9641,2024-10,21119.07,0.38075,588.0,15113.23,0,Contract,Group B,1
9656,2024-10,38366.87,0.19154,637.0,16488.0,0,Salaried,Group A,0
9659,2024-10,55321.04,0.18359,657.0,49125.32,1,Contract,Group A,0
9689,2024-10,47381.89,0.60979,552.0,9765.48,0,Salaried,Group B,1
9698,2024-10,53382.48,0.25538,629.0,30117.45,0,Salaried,Group B,0
9736,2024-10,,0.38458,602.0,9447.26,1,Salaried,Group B,0
9761,2024-10,65315.9,0.25655,697.0,11130.6,0,Self employed,Group A,0
9773,2024-10,62602.86,0.35595,703.0,8424.82,0,Salaried,Group A,0
9794,2024-10,77351.65,0.42121,711.0,19175.54,0,Contract,Group A,1
9876,2024-10,56143.36,0.11278,641.0,3945.18,0,Self employed,Group B,0
9883,2024-10,69932.44,0.34707,672.0,14541.39,0,Salaried,Group B,0
9904,2024-10,66329.31,0.28639,788.0,17327.46,0,Salaried,Group A,0
9949,2024-10,33814.33,0.11579,673.0,16843.34,1,Salaried,Group B,1
9955,2024-10,37726.48,0.14926,573.0,4463.53,1,Contract,Group A,1
42,2024-11,94500.13,0.35584,661.0,9411.8,0,Salaried,Group A,0
59,2024-11,60204.89,0.15924,626.0,23233.72,0,Self employed,Group A,0
68,2024-11,38183.15,0.15034,637.0,15511.86,0,Salaried,Group A,0
82,2024-11,72854.51,0.34695,605.0,54556.54,1,Self employed,Group A,0
94,2024-11,29003.02,0.30851,635.0,15411.96,0,Contract,Group A,0
131,2024-11,54627.93,0.24881,669.0,12280.75,1,Salaried,Group A,1
136,2024-11,101018.7,0.60202,671.0,5376.2,0,Contract,Group A,0
156,2024-11,30026.75,0.27788,753.0,7878.17,1,Self employed,Group B,0
165,2024-11,135993.38,0.27224,624.0,12484.3,0,Contract,Group B,1
172,2024-11,57268.71,0.13181,674.0,18336.36,2,Salaried,Group A,0
196,2024-11,18908.27,0.28327,566.0,12202.09,0,Salaried,Group B,1
198,2024-11,47909.51,0.2414,647.0,12623.51,0,Salaried,Group A,0
251,2024-11,38967.46,0.40155,631.0,11544.59,0,Salaried,Group A,1
268,2024-11,109923.42,0.33547,642.0,11974.51,0,Salaried,Group A,0
277,2024-11,32686.39,0.36762,827.0,41840.03,1,Salaried,Group A,0
284,2024-11,96407.77,0.28228,727.0,15553.58,0,Salaried,Group A,0
320,2024-11,89206.75,0.12433,576.0,15187.2,0,Self employed,Group A,0
330,2024-11,46620.29,0.23199,687.0,23499.07,0,Salaried,Group B,0
340,2024-11,50246.59,0.10982,607.0,26233.29,1,Salaried,Group A,0
343,2024-11,88376.48,0.1513,719.0,9674.32,0,Self employed,Group B,0
433,2024-11,98376.38,0.4799,585.0,46397.88,0,Salaried,Group B,1
437,2024-11,31099.08,0.16617,634.0,13988.68,0,Contract,Group B,0
465,2024-11,40928.02,0.36341,616.0,14679.84,0,Salaried,Group B,1
467,2024-11,81841.81,0.0429,744.0,75000.0,0,Salaried,Group A,0
526,2024-11,50615.01,0.33777,637.0,16870.19,0,Self employed,Group B,0
529,2024-11,124730.47,0.55584,739.0,9324.76,0,Salaried,Group B,0
639,2024-11,65255.32,0.13942,606.0,12748.4,0,Contract,Group A,0
656,2024-11,28934.56,0.11146,700.0,30791.82,0,Self employed,Group B,0
672,2024-11,58310.49,0.25413,726.0,11761.53,0,Salaried,Group A,0
682,2024-11,53688.76,0.37713,601.0,6339.98,0,Salaried,Group A,1
689,2024-11,37903.11,0.34874,575.0,3883.12,0,Salaried,Group A,0
721,2024-11,93702.84,0.19465,637.0,17374.96,0,Salaried,Group B,0
737,2024-11,43155.21,0.39194,664.0,38046.68,0,Self employed,Group B,1
761,2024-11,76915.88,0.45877,603.0,10677.24,0,Salaried,Group B,0
807,2024-11,58123.58,0.15808,650.0,27796.79,0,Salaried,Group A,0
850,2024-11,103652.64,0.36443,582.0,31298.71,0,Salaried,Group A,1
854,2024-11,40127.71,0.01923,831.0,75000.0,0,Salaried,Group B,0
855,2024-11,50470.3,0.12801,667.0,41214.28,2,Salaried,Group A,1
856,2024-11,40948.67,0.07181,725.0,16090.86,2,Self employed,Group A,0
864,2024-11,216158.57,0.16023,608.0,7149.85,0,Salaried,Group B,0
866,2024-11,31781.54,0.1662,694.0,11362.12,1,Self employed,Group A,1
951,2024-11,79818.36,0.28547,713.0,13765.96,0,Contract,Group A,1
990,2024-11,27687.43,0.17494,561.0,4589.94,0,Self employed,Group A,1
996,2024-11,27399.52,0.02335,769.0,9756.22,0,Salaried,Group A,0
999,2024-11,29327.98,0.46239,560.0,39827.44,0,Salaried,Group B,1
1120,2024-11,51748.88,0.19325,611.0,11266.7,0,Contract,Group A,1
1133,2024-11,54700.59,0.14943,563.0,41475.73,1,Salaried,Group A,0
1143,2024-11,36406.03,0.37088,762.0,7289.17,0,Salaried,Group A,0
1146,2024-11,114247.19,0.1182,669.0,20262.12,0,Self employed,Group B,0
1162,2024-11,27534.06,0.07676,677.0,8711.12,0,Self employed,Group B,0
1174,2024-11,43232.72,0.15532,537.0,12687.55,0,Salaried,Group B,1
1221,2024-11,88189.33,0.46592,682.0,28423.94,1,Salaried,Group A,1
1224,2024-11,72549.2,0.21018,724.0,6421.11,0,Salaried,Group A,0
1228,2024-11,113769.84,0.15621,781.0,13858.75,0,Salaried,Group A,0
1237,2024-11,94871.05,0.05898,536.0,6357.34,0,Salaried,Group B,0
1266,2024-11,44032.1,0.09575,628.0,16321.87,0,Self employed,Group B,0
1274,2024-11,35676.1,0.07941,651.0,12415.21,0,Salaried,Group A,0
1299,2024-11,46230.6,0.36119,656.0,22650.99,0,Salaried,Group A,0
1366,2024-11,59440.47,0.11053,679.0,13424.26,0,Salaried,Group A,1
1369,2024-11,73315.58,0.45928,726.0,70267.95,2,Salaried,Group A,0
1402,2024-11,39475.18,0.11914,692.0,34653.47,0,Salaried,Group B,0
1408,2024-11,32485.75,0.20243,664.0,30253.78,0,Salaried,Group B,0
1442,2024-11,94702.95,0.447,709.0,28905.66,0,Salaried,Group A,0
1466,2024-11,70637.48,0.08111,798.0,8381.17,0,Salaried,Group A,0
1470,2024-11,37386.71,0.1936,644.0,6768.18,1,Salaried,Group A,1
1480,2024-11,99588.05,0.15666,628.0,15657.94,0,Salaried,Group B,1
1501,2024-11,55691.55,0.21112,754.0,13986.48,3,Salaried,Group A,0
1527,2024-11,69051.1,0.46323,823.0,13450.53,0,Salaried,Group B,0
1584,2024-11,19813.98,0.18361,692.0,4442.67,0,Salaried,Group A,1
1626,2024-11,39425.93,0.55357,704.0,10924.95,0,Salaried,Group A,0
1641,2024-11,71370.62,0.22215,623.0,10566.02,0,Contract,Group A,1
1657,2024-11,58683.94,0.59248,651.0,20713.48,1,Self employed,Group B,1
1665,2024-11,75151.71,0.45147,648.0,15767.61,0,Salaried,Group B,0
1701,2024-11,42243.59,0.21196,713.0,15875.44,0,Salaried,Group B,1
1715,2024-11,57666.96,0.38127,654.0,16129.08,1,Salaried,Group B,0
1746,2024-11,71252.31,0.08176,583.0,32612.54,0,Salaried,Group A,1
1784,2024-11,68831.3,0.30035,582.0,12855.59,0,Salaried,Group A,0
1817,2024-11,57758.08,0.21116,755.0,18163.2,0,Salaried,Group A,0
1915,2024-11,38070.6,0.16132,734.0,41783.9,1,Salaried,Group B,0
2004,2024-11,81441.48,0.11149,664.0,4420.35,0,Salaried,Group A,0
2034,2024-11,91352.97,0.14254,609.0,16085.15,0,Salaried,Group A,1
2069,2024-11,88640.64,0.14753,613.0,20327.66,0,Self employed,Group A,0
2084,2024-11,35998.51,0.02935,671.0,1592.33,0,Salaried,Group A,0
2099,2024-11,128690.05,0.24682,747.0,19619.41,0,Salaried,Group B,0
2116,2024-11,85819.2,0.42195,696.0,19885.5,0,Salaried,Group B,1
2128,2024-11,84602.05,0.43487,670.0,28907.4,0,Salaried,Group A,1
2149,2024-11,68161.56,0.39286,625.0,12880.3,1,Contract,Group A,1
2176,2024-11,54319.75,0.24122,624.0,3582.69,0,Contract,Group A,0
2178,2024-11,103155.63,0.60315,665.0,11237.05,0,Salaried,Group A,0
2207,2024-11,40938.38,0.18581,639.0,43050.06,1,Self employed,Group B,0
2221,2024-11,49620.27,0.27876,629.0,35132.2,1,Salaried,Group A,1
2257,2024-11,20717.42,0.29932,730.0,6752.22,1,Salaried,Group A,0
2275,2024-11,24384.51,0.21181,653.0,8514.72,0,Salaried,Group B,0
2285,2024-11,61655.2,0.58163,570.0,7912.65,0,Self employed,Group B,1
2295,2024-11,49942.21,0.5809,647.0,23386.16,2,Contract,Group B,1
2303,2024-11,91001.42,0.29447,705.0,11273.85,1,Salaried,Group B,0
2315,2024-11,57833.28,0.31268,580.0,25477.92,1,Salaried,Group B,1
2360,2024-11,71193.29,0.18878,639.0,26628.98,0,Salaried,Group A,0
2372,2024-11,37119.14,0.14447,693.0,12839.38,1,Salaried,Group B,0
2386,2024-11,77831.8,0.1478,698.0,3650.02,0,Salaried,Group A,0
2393,2024-11,56237.84,0.60361,530.0,17224.83,1,Contract,Group A,1
2406,2024-11,39584.47,0.28355,694.0,11638.73,1,Contract,Group A,1
2425,2024-11,39690.94,0.16478,634.0,7118.05,1,Salaried,Group A,0
2460,2024-11,44498.42,0.27898,659.0,12180.68,0,Self employed,Group B,1
2475,2024-11,71876.8,0.33975,608.0,20414.8,0,Contract,Group A,0
2496,2024-11,21990.4,0.39075,619.0,11712.44,1,Salaried,Group A,1
2510,2024-11,28042.46,0.38984,753.0,11774.74,0,Self employed,Group B,0
2545,2024-11,72231.82,0.16029,627.0,41736.91,1,Salaried,Group A,0
2546,2024-11,66461.64,0.24113,737.0,8180.58,1,Salaried,Group B,0
2563,2024-11,90770.12,0.37042,770.0,2696.79,0,Salaried,Group A,0
2581,2024-11,63565.37,0.31211,586.0,21769.13,0,Salaried,Group B,0
2590,2024-11,50082.49,0.53529,655.0,24497.01,0,Self employed,Group A,0
2623,2024-11,45173.43,0.44156,675.0,11007.77,0,Self employed,Group A,1
2650,2024-11,59155.95,0.20518,612.0,15977.16,0,Salaried,Group A,0
2705,2024-11,122099.51,0.42065,674.0,17796.04,0,Salaried,Group B,1
2712,2024-11,36605.31,0.42645,791.0,21397.93,0,Salaried,Group A,1
2741,2024-11,42712.5,0.22773,712.0,9548.06,1,Salaried,Group A,0
2773,2024-11,41517.46,0.15394,630.0,18106.95,0,Salaried,Group A,1
2829,2024-11,140730.14,0.37009,676.0,19844.27,0,Salaried,Group B,1
2839,2024-11,55148.86,0.16005,690.0,6140.83,1,Salaried,Group B,0
2858,2024-11,63033.46,0.47244,670.0,18056.81,0,Salaried,Group A,1
2865,2024-11,32094.71,0.15192,709.0,5873.22,0,Salaried,Group A,0
2868,2024-11,39484.93,0.51131,754.0,15459.04,0,Self employed,Group B,0
2912,2024-11,23206.23,0.08195,630.0,14170.28,0,Salaried,Group B,0
2973,2024-11,56120.44,0.3513,586.0,75000.0,0,Salaried,Group B,0
2980,2024-11,47324.82,0.1748,660.0,20450.25,1,Salaried,Group A,0
3001,2024-11,43486.41,0.36301,573.0,47150.66,0,Salaried,Group B,1
3005,2024-11,60429.32,0.51622,725.0,11898.3,0,Salaried,Group A,0
3010,2024-11,34423.66,0.22273,606.0,70020.67,0,Salaried,Group B,0
3020,2024-11,56609.14,0.39958,584.0,16938.32,0,Salaried,Group B,1
3040,2024-11,49473.06,0.49695,683.0,28099.4,1,Salaried,Group A,1
3077,2024-11,60176.53,0.13142,682.0,20376.69,0,Self employed,Group A,1
3085,2024-11,38000.57,0.10209,637.0,16018.44,0,Salaried,Group A,0
3089,2024-11,42513.43,0.70803,597.0,25235.89,0,Self employed,Group A,0
3114,2024-11,71159.18,0.22523,597.0,22717.23,0,Self employed,Group A,0
3167,2024-11,27337.34,0.20497,694.0,15009.86,0,Salaried,Group A,1
3191,2024-11,60399.86,0.05594,650.0,26499.78,1,Salaried,Group A,0
3379,2024-11,43976.73,0.41862,607.0,18876.48,0,Salaried,Group A,0
3380,2024-11,88001.45,0.28434,607.0,5155.71,1,Salaried,Group A,1
3395,2024-11,30214.07,0.13261,655.0,8910.25,0,Salaried,Group A,0
3413,2024-11,59198.54,0.31424,697.0,11540.0,0,Self employed,Group B,0
3427,2024-11,54702.04,0.03604,684.0,10414.18,0,Contract,Group B,0
3429,2024-11,76311.51,0.35059,657.0,34253.68,0,Salaried,Group A,0
3490,2024-11,103435.14,0.18726,794.0,25951.51,0,Self employed,Group A,0
3507,2024-11,80021.23,0.01724,684.0,7351.9,0,Salaried,Group A,0
3508,2024-11,59777.51,0.31901,687.0,11753.44,0,Salaried,Group B,0
3518,2024-11,70741.79,0.31711,658.0,29681.49,0,Salaried,Group B,0
3587,2024-11,42218.35,0.16954,544.0,8699.17,0,Salaried,Group B,0
3621,2024-11,58254.3,0.41622,594.0,28234.23,2,Salaried,Group A,1
3640,2024-11,112594.9,0.34679,637.0,34877.4,0,Contract,Group A,1
3694,2024-11,117419.93,0.20525,589.0,39962.02,1,Salaried,Group B,0
3697,2024-11,40402.88,0.56191,783.0,15914.75,0,Salaried,Group A,0
3699,2024-11,38933.56,0.80873,613.0,25411.27,0,Salaried,Group B,1
3754,2024-11,63779.4,0.23879,777.0,14064.85,0,Salaried,Group B,0
3755,2024-11,40977.58,0.22727,747.0,16943.9,0,Salaried,Group B,0
3765,2024-11,108921.88,0.46558,701.0,14286.84,1,Self employed,Group B,1
3773,2024-11,35214.58,0.2639,798.0,32747.09,0,Contract,Group A,0
3796,2024-11,65931.75,0.46636,602.0,16795.08,0,Salaried,Group B,1
3822,2024-11,82841.55,0.19534,522.0,71291.24,0,Salaried,Group A,1
3867,2024-11,33490.0,0.08236,790.0,14777.81,0,Salaried,Group A,0
3889,2024-11,50226.78,0.34596,654.0,32421.2,1,Contract,Group A,0
3907,2024-11,41180.48,0.11558,591.0,10871.35,0,Salaried,Group A,0
3918,2024-11,29289.27,0.19381,661.0,8678.65,1,Salaried,Group B,1
3931,2024-11,58433.09,0.02582,709.0,10975.68,0,Salaried,Group B,0
3952,2024-11,44757.44,0.11721,719.0,14204.24,1,Salaried,Group A,0
3960,2024-11,60139.58,0.6577,692.0,8998.96,1,Salaried,Group B,1
4019,2024-11,116989.28,0.41131,761.0,40039.2,1,Salaried,Group A,0
4070,2024-11,33640.3,0.375,604.0,8219.1,0,Salaried,Group B,1
4089,2024-11,63134.89,0.27268,776.0,23437.89,0,Salaried,Group A,0
4100,2024-11,73932.98,0.51184,639.0,14251.21,0,Salaried,Group A,0
4125,2024-11,58268.5,0.36291,654.0,9648.99,1,Salaried,Group B,0
4167,2024-11,67087.34,0.22447,555.0,11155.93,0,Self employed,Group A,0
4188,2024-11,62273.02,0.18842,740.0,48994.15,0,Salaried,Group A,0
4193,2024-11,43262.99,0.20406,714.0,20833.59,0,Salaried,Group A,0
4252,2024-11,112940.71,0.04152,628.0,5234.1,0,Salaried,Group B,0
4268,2024-11,52979.49,0.26004,798.0,28584.18,0,Self employed,Group B,0
4273,2024-11,31079.72,0.24938,687.0,30814.52,0,Self employed,Group A,1
4330,2024-11,42023.55,0.65195,669.0,21540.62,0,Self employed,Group A,0
4383,2024-11,100938.1,0.33901,659.0,4086.11,0,Salaried,Group A,0
4410,2024-11,39670.95,0.10529,612.0,14119.03,1,Self employed,Group B,1
4425,2024-11,53626.34,0.17431,624.0,9522.97,1,Salaried,Group A,1
4460,2024-11,62105.13,0.06548,634.0,9085.16,1,Salaried,Group B,0
4475,2024-11,55080.59,0.12828,637.0,11051.56,1,Self employed,Group B,1
4500,2024-11,92278.99,0.37507,777.0,30629.06,0,Salaried,Group B,0
4511,2024-11,37584.91,0.12223,690.0,47732.27,0,Salaried,Group A,1
4563,2024-11,60240.88,0.37066,691.0,11683.2,1,Salaried,Group B,0
4576,2024-11,75773.97,0.20948,746.0,13490.22,0,Contract,Group A,0
4583,2024-11,43537.59,0.61856,640.0,12620.9,1,Self employed,Group A,0
4654,2024-11,83318.71,0.28534,675.0,14580.29,0,Salaried,Group A,0
4656,2024-11,94117.44,0.12214,693.0,20845.11,0,Salaried,Group B,0
4708,2024-11,43050.03,0.35482,674.0,10446.26,0,Salaried,Group B,0
4713,2024-11,72412.83,0.07948,712.0,11609.68,0,Salaried,Group B,0
4734,2024-11,24897.71,0.19131,741.0,21581.48,0,Salaried,Group B,0
4735,2024-11,136504.52,0.04582,662.0,55208.61,1,Salaried,Group B,0
4741,2024-11,41712.15,0.20094,575.0,5112.01,0,Salaried,Group A,1
4771,2024-11,48956.52,0.09227,586.0,22512.71,0,Salaried,Group A,0
4815,2024-11,79004.39,0.27175,680.0,27620.62,0,Salaried,Group A,1
4844,2024-11,29845.55,0.28831,650.0,18322.09,0,Salaried,Group B,0
4855,2024-11,69160.54,0.0705,691.0,39536.54,3,Salaried,Group A,0
4869,2024-11,84221.87,0.11274,686.0,6851.59,1,Salaried,Group B,0
4890,2024-11,53562.15,0.1521,641.0,5690.24,0,Contract,Group A,0
4906,2024-11,36309.4,0.26941,792.0,4856.45,0,Salaried,Group A,0
4937,2024-11,40219.76,0.14737,804.0,16587.85,1,Self employed,Group A,0
4974,2024-11,36109.15,0.0437,705.0,18337.0,0,Salaried,Group A,0
4990,2024-11,51028.42,0.20132,710.0,12609.76,1,Salaried,Group B,1
5016,2024-11,24138.03,0.30711,754.0,11443.43,1,Salaried,Group B,0
5028,2024-11,34845.1,0.53629,711.0,8190.22,1,Salaried,Group B,1
5037,2024-11,38617.42,0.26288,808.0,75000.0,0,Salaried,Group B,0
5053,2024-11,21516.34,0.60709,668.0,6912.76,0,Self employed,Group A,0
5071,2024-11,43537.92,0.03744,630.0,3636.97,0,Salaried,Group B,0
5092,2024-11,39728.26,0.23453,713.0,16658.57,1,Salaried,Group A,0
5098,2024-11,72617.02,0.37721,640.0,4825.57,0,Salaried,Group B,1
5190,2024-11,30823.12,0.38857,632.0,12301.54,0,Self employed,Group B,1
5209,2024-11,65070.33,0.14384,686.0,5154.19,0,Salaried,Group A,0
5248,2024-11,46324.43,0.44089,768.0,7335.35,0,Self employed,Group A,0
5280,2024-11,32861.01,0.35551,673.0,4796.05,0,Self employed,Group A,0
5284,2024-11,80281.51,0.12272,695.0,19376.82,0,Salaried,Group B,0
5302,2024-11,53738.72,0.2326,669.0,21466.55,0,Salaried,Group A,0
5357,2024-11,127834.41,0.05169,642.0,15450.06,0,Self employed,Group A,0
5391,2024-11,43964.2,0.45241,722.0,30183.47,0,Salaried,Group B,0
5397,2024-11,59084.9,0.45292,715.0,6184.43,0,Salaried,Group B,0
5438,2024-11,72463.22,0.12901,622.0,8964.15,0,Self employed,Group A,0
5444,2024-11,63859.87,0.28623,723.0,6222.05,1,Salaried,Group B,0
5448,2024-11,,0.47424,765.0,14817.88,0,Contract,Group A,0
5453,2024-11,38739.43,0.28736,705.0,41177.48,0,Salaried,Group B,0
5571,2024-11,69483.4,0.17091,598.0,32532.33,2,Self employed,Group A,1
5581,2024-11,90117.56,0.33592,689.0,9087.02,1,Contract,Group B,0
5588,2024-11,24353.2,0.46802,693.0,29138.18,0,Self employed,Group A,1
5614,2024-11,33462.92,0.24332,639.0,15739.55,0,Self employed,Group B,0
5680,2024-11,47814.57,0.18859,777.0,13135.86,0,Salaried,Group A,0
5681,2024-11,47891.63,0.09105,688.0,17311.05,0,Salaried,Group A,0
5699,2024-11,49329.3,0.05372,713.0,25333.35,0,Salaried,Group B,0
5701,2024-11,101210.16,0.02437,648.0,15740.58,0,Salaried,Group A,0
5730,2024-11,47095.55,0.13698,633.0,31069.2,0,Self employed,Group B,0
5767,2024-11,148591.28,0.12513,711.0,8536.26,0,Salaried,Group A,0
5780,2024-11,49691.72,0.13583,735.0,25855.11,0,Salaried,Group A,0
5818,2024-11,108875.54,0.01419,640.0,7289.94,0,Salaried,Group A,1
5833,2024-11,29131.5,0.15898,707.0,17368.69,0,Self employed,Group A,0
5865,2024-11,77774.22,0.16608,601.0,25992.34,1,Salaried,Group A,0
5877,2024-11,32582.2,0.34325,769.0,4771.44,0,Salaried,Group B,0
5893,2024-11,18273.92,0.24472,654.0,19830.72,1,Self employed,Group A,1
5973,2024-11,30765.91,0.31064,797.0,8690.29,0,Salaried,Group B,0
6009,2024-11,86610.57,0.08887,713.0,9298.15,0,Salaried,Group A,0
6046,2024-11,32830.17,0.09153,584.0,13451.89,0,Salaried,Group B,0
6092,2024-11,38366.7,0.05346,649.0,7831.72,1,Salaried,Group B,0
6108,2024-11,44307.72,0.07289,766.0,56944.55,2,Self employed,Group B,0
6135,2024-11,102278.6,0.61089,727.0,10392.44,0,Salaried,Group B,0
6141,2024-11,64260.57,0.38206,832.0,24310.22,0,Contract,Group B,0
6182,2024-11,41896.71,0.30914,701.0,17559.59,0,Salaried,Group B,0
6193,2024-11,68972.85,0.12546,662.0,49069.2,0,Salaried,Group A,0
6216,2024-11,52239.58,0.11006,684.0,16670.07,0,Salaried,Group B,0
6218,2024-11,57755.75,0.31813,637.0,3591.87,0,Salaried,Group B,0
6232,2024-11,74056.34,0.45813,616.0,11951.19,0,Salaried,Group B,1
6240,2024-11,188407.03,0.15542,728.0,6483.25,0,Salaried,Group A,0
6258,2024-11,87539.71,0.2007,619.0,6454.88,0,Contract,Group A,0
6314,2024-11,71586.54,0.15781,580.0,13518.87,0,Salaried,Group A,0
6326,2024-11,97940.83,0.43427,682.0,21448.06,0,Contract,Group B,0
6338,2024-11,21787.89,0.55963,709.0,11190.21,1,Salaried,Group B,1
6350,2024-11,137662.89,0.15108,681.0,15567.22,0,Salaried,Group A,0
6407,2024-11,43620.52,0.03753,764.0,11284.88,1,Salaried,Group A,0
6410,2024-11,38175.95,0.12246,743.0,13158.69,0,Self employed,Group B,0
6426,2024-11,113952.73,0.24025,710.0,47301.53,0,Salaried,Group B,0
6430,2024-11,34395.69,0.37569,672.0,7539.57,0,Salaried,Group B,0
6434,2024-11,,0.21348,658.0,66792.77,0,Salaried,Group B,1
6444,2024-11,70594.84,0.5424,684.0,12766.95,0,Self employed,Group A,1
6494,2024-11,61267.42,0.29254,645.0,16116.32,0,Contract,Group A,0
6534,2024-11,63360.41,0.36163,561.0,13357.57,2,Salaried,Group B,1
6546,2024-11,36172.13,0.42688,669.0,35208.95,0,Contract,Group A,0
6557,2024-11,65863.66,0.19177,744.0,14867.73,1,Contract,Group A,0
6582,2024-11,97414.08,0.45465,580.0,31602.91,0,Self employed,Group A,0
6601,2024-11,44332.64,0.09326,743.0,23722.05,0,Salaried,Group A,0
6618,2024-11,73974.59,0.25917,690.0,30927.45,0,Salaried,Group B,0
6645,2024-11,47316.38,0.33757,703.0,36993.57,0,Salaried,Group B,0
6666,2024-11,88918.54,0.19431,627.0,5784.07,0,Self employed,Group B,1
6681,2024-11,66541.15,0.44772,643.0,25918.49,1,Contract,Group A,0
6689,2024-11,55910.02,0.09772,652.0,24117.35,0,Salaried,Group B,0
6754,2024-11,71309.23,0.81179,713.0,11477.51,0,Salaried,Group B,0
6794,2024-11,67338.48,0.07119,717.0,37953.56,0,Salaried,Group A,0
6814,2024-11,78696.08,0.24875,664.0,18494.26,0,Contract,Group A,0
6816,2024-11,49288.92,0.18242,628.0,28121.51,1,Salaried,Group A,0
6821,2024-11,90161.93,0.46814,663.0,26187.5,0,Salaried,Group A,0
6832,2024-11,18101.42,0.14161,676.0,34691.06,1,Salaried,Group A,1
6851,2024-11,52895.03,0.1513,721.0,19458.15,0,Salaried,Group A,1
6852,2024-11,66732.08,0.01481,667.0,9878.84,0,Contract,Group A,0
6864,2024-11,38156.58,0.40982,589.0,5778.64,0,Self employed,Group A,1
6871,2024-11,48724.76,0.2638,658.0,16592.73,0,Salaried,Group B,0
6876,2024-11,101307.1,0.12425,650.0,10610.78,0,Contract,Group B,1
6895,2024-11,69921.12,0.27889,787.0,7006.41,0,Self employed,Group B,0
6901,2024-11,72446.62,0.50355,850.0,10499.25,0,Salaried,Group B,0
6938,2024-11,37276.27,0.6588,762.0,6557.43,0,Salaried,Group B,0
6943,2024-11,54263.91,0.04699,643.0,5060.45,1,Salaried,Group A,0
6968,2024-11,101345.35,0.11621,738.0,15197.56,0,Salaried,Group A,0
6978,2024-11,133108.33,0.15196,723.0,12003.12,1,Salaried,Group A,0
6981,2024-11,129733.62,0.42921,682.0,10830.74,1,Salaried,Group A,0
6985,2024-11,36122.73,0.46635,799.0,15211.15,0,Salaried,Group A,0
6993,2024-11,36480.72,0.23076,747.0,14948.61,0,Self employed,Group A,1
7024,2024-11,160622.05,0.64432,811.0,25475.37,0,Salaried,Group A,0
7052,2024-11,52860.5,0.20162,769.0,3761.73,0,Salaried,Group A,0
7056,2024-11,79856.14,0.02243,657.0,17077.28,0,Salaried,Group B,0
7078,2024-11,33959.66,0.00691,688.0,19976.19,0,Contract,Group B,1
7096,2024-11,60202.93,0.0178,695.0,13041.94,0,Salaried,Group B,0
7116,2024-11,22079.5,0.22826,657.0,48530.67,0,Salaried,Group A,1
7119,2024-11,23111.32,0.45995,498.0,11428.16,0,Salaried,Group A,1
7131,2024-11,45097.18,0.18032,608.0,9107.9,0,Salaried,Group B,0
7139,2024-11,29658.0,0.15432,636.0,10729.42,0,Salaried,Group A,0
7141,2024-11,36180.65,0.26195,732.0,22991.78,1,Self employed,Group A,0
7144,2024-11,110258.13,0.20126,634.0,15480.43,0,Self employed,Group A,0
7199,2024-11,49651.5,0.20075,721.0,14095.05,0,Salaried,Group A,0
7210,2024-11,25645.68,0.5348,691.0,20995.02,0,Salaried,Group A,0
7214,2024-11,75964.84,0.0889,650.0,8886.88,0,Salaried,Group A,0
7246,2024-11,53853.2,0.30314,643.0,25062.6,2,Self employed,Group B,1
7256,2024-11,29116.16,0.27348,736.0,38334.71,0,Salaried,Group B,0
7295,2024-11,43549.05,0.40856,690.0,10235.28,0,Self employed,Group A,0
7408,2024-11,80130.85,0.11984,599.0,19108.97,0,Salaried,Group B,1
7445,2024-11,62007.43,0.11396,624.0,25401.48,1,Self employed,Group B,0
7463,2024-11,64912.3,0.16756,661.0,32395.26,0,Salaried,Group A,0
7466,2024-11,59207.07,0.2066,745.0,6099.09,1,Salaried,Group B,0
7485,2024-11,72837.36,0.31229,580.0,3220.65,0,Salaried,Group B,0
7490,2024-11,70174.52,0.1666,604.0,32609.66,1,Contract,Group A,0
7492,2024-11,42829.27,0.19897,721.0,12909.91,0,Salaried,Group A,0
7495,2024-11,66764.45,0.65742,621.0,16055.54,1,Salaried,Group B,1
7515,2024-11,50634.75,0.3441,741.0,18293.54,0,Salaried,Group A,0
7542,2024-11,114825.92,0.17128,654.0,13392.4,0,Self employed,Group A,0
7554,2024-11,45085.72,0.43611,658.0,23785.25,0,Salaried,Group B,0
7576,2024-11,53966.44,0.78702,637.0,19002.34,1,Self employed,Group B,1
7583,2024-11,80796.28,0.2892,732.0,9794.48,0,Salaried,Group A,1
7601,2024-11,49807.15,0.14092,644.0,6518.11,1,Salaried,Group A,0
7610,2024-11,76186.49,0.36051,638.0,25889.48,0,Salaried,Group A,1
7628,2024-11,109073.34,0.56016,636.0,19712.31,0,Salaried,Group B,1
7654,2024-11,58233.87,0.11723,573.0,19070.66,0,Salaried,Group A,1
7707,2024-11,86488.19,0.14552,757.0,9839.54,0,Salaried,Group A,0
7720,2024-11,65233.1,0.01807,723.0,42492.72,0,Salaried,Group B,0
7777,2024-11,63063.6,0.40001,758.0,75000.0,0,Contract,Group B,0
7792,2024-11,66880.38,0.17537,672.0,15694.3,0,Salaried,Group A,0
7801,2024-11,92612.8,0.06238,624.0,6315.03,0,Self employed,Group B,0
7840,2024-11,43401.5,0.13087,633.0,14543.35,1,Self employed,Group B,1
7867,2024-11,65822.05,0.62083,702.0,22931.81,0,Salaried,Group A,1
7912,2024-11,28622.82,0.44459,648.0,16968.98,1,Salaried,Group B,1
7931,2024-11,124804.15,0.39953,774.0,20506.64,0,Contract,Group B,0
7948,2024-11,60954.13,0.56527,829.0,21880.13,0,Salaried,Group A,0
7997,2024-11,62148.36,0.06195,738.0,6815.07,0,Self employed,Group A,0
8014,2024-11,32526.76,0.56037,626.0,8586.94,0,Salaried,Group B,1
8042,2024-11,25843.38,0.36508,551.0,15274.2,0,Salaried,Group B,1
8075,2024-11,56288.11,0.19956,674.0,16036.24,0,Salaried,Group B,0
8086,2024-11,26807.38,0.24271,749.0,40277.03,1,Salaried,Group A,0
8095,2024-11,141241.77,0.18329,584.0,13984.81,0,Salaried,Group A,1
8096,2024-11,57685.86,0.21556,688.0,13691.12,1,Self employed,Group A,0
8118,2024-11,82045.1,0.3006,660.0,3976.42,1,Salaried,Group B,1
8135,2024-11,35029.19,0.62959,681.0,27875.14,0,Salaried,Group A,1
8155,2024-11,39442.94,0.72922,619.0,32102.17,0,Salaried,Group B,0
8159,2024-11,52651.04,0.25221,671.0,7214.12,1,Salaried,Group A,0
8210,2024-11,45337.49,0.37542,630.0,26927.54,0,Salaried,Group B,1
8219,2024-11,76884.98,0.39747,631.0,5437.86,1,Salaried,Group B,0
8234,2024-11,195531.41,0.4681,672.0,23521.44,0,Salaried,Group A,0
8257,2024-11,37752.53,0.54361,553.0,18815.87,2,Salaried,Group A,1
8285,2024-11,64532.35,0.40113,647.0,7997.31,0,Self employed,Group A,0
8287,2024-11,123410.86,0.58473,728.0,35212.87,0,Contract,Group A,0
8294,2024-11,85652.48,0.4711,576.0,14793.1,0,Salaried,Group B,1
8357,2024-11,60381.92,0.14046,625.0,20480.06,0,Salaried,Group B,0
8368,2024-11,57721.21,0.17983,657.0,28608.31,1,Contract,Group B,1
8406,2024-11,44399.96,0.30689,666.0,31703.42,0,Salaried,Group A,0
8456,2024-11,26199.23,0.12815,691.0,30603.18,0,Self employed,Group A,0
8477,2024-11,51593.43,0.27884,580.0,8320.88,0,Salaried,Group A,0
8509,2024-11,54808.93,0.13487,720.0,10402.46,1,Salaried,Group A,0
8540,2024-11,36377.78,0.47882,687.0,33719.01,0,Salaried,Group B,1
8553,2024-11,69400.5,0.17721,662.0,19776.23,1,Contract,Group A,0
8588,2024-11,39079.12,0.09715,656.0,16902.14,1,Salaried,Group B,1
8604,2024-11,118514.85,0.21568,637.0,28299.79,0,Self employed,Group A,0
8638,2024-11,50967.91,0.24549,626.0,7445.01,0,Salaried,Group B,0
8656,2024-11,39095.22,0.22214,568.0,16640.16,0,Salaried,Group B,0
8682,2024-11,69700.06,0.42699,569.0,23670.42,0,Salaried,Group B,0
8698,2024-11,62413.15,0.37412,606.0,6051.78,3,Self employed,Group A,1
8713,2024-11,81841.09,0.14818,748.0,39606.65,0,Salaried,Group A,0
8755,2024-11,162895.18,0.27184,701.0,15326.99,0,Salaried,Group A,0
8844,2024-11,,0.44335,583.0,69768.81,0,Contract,Group A,1
8846,2024-11,45372.09,0.41128,675.0,8419.09,0,Self employed,Group A,0
8870,2024-11,33646.84,0.13054,671.0,11733.87,1,Salaried,Group A,0
8927,2024-11,46512.94,0.14404,677.0,32676.39,0,Salaried,Group B,0
9038,2024-11,41506.87,0.12751,697.0,25351.66,0,Salaried,Group B,0
9041,2024-11,35241.0,0.55646,637.0,22968.65,0,Salaried,Group A,0
9065,2024-11,87288.47,0.53148,698.0,13562.76,0,Self employed,Group A,1
9069,2024-11,70705.58,0.40808,674.0,18316.98,0,Salaried,Group A,1
9094,2024-11,126365.38,0.16613,655.0,9114.33,1,Salaried,Group A,0
9096,2024-11,60355.78,0.33654,651.0,33698.63,1,Contract,Group B,0
9146,2024-11,57381.59,0.29167,618.0,9017.27,0,Self employed,Group B,1
9158,2024-11,28903.48,0.22884,592.0,8309.53,0,Salaried,Group B,0
9215,2024-11,94982.14,0.18464,693.0,4297.46,0,Self employed,Group A,0
9236,2024-11,109857.68,0.54921,673.0,45392.95,1,Contract,Group A,0
9262,2024-11,81704.31,0.1134,684.0,15646.0,0,Salaried,Group B,0
9303,2024-11,85257.41,0.16712,694.0,15895.81,1,Self employed,Group A,0
9308,2024-11,116909.95,0.31012,681.0,29748.91,0,Self employed,Group B,0
9336,2024-11,86876.56,0.20203,802.0,13720.98,0,Salaried,Group B,0
9338,2024-11,154771.74,0.077,776.0,30062.47,1,Contract,Group A,1
9343,2024-11,42795.93,0.22419,586.0,7040.87,0,Salaried,Group B,0
9345,2024-11,33067.5,0.12466,791.0,4912.64,0,Salaried,Group B,0
9360,2024-11,51697.28,0.23551,720.0,22759.56,0,Salaried,Group A,0
9364,2024-11,35503.69,0.25901,662.0,17078.34,0,Self employed,Group A,0
9376,2024-11,96516.26,0.60734,612.0,26237.97,0,Self employed,Group A,1
9394,2024-11,27695.99,0.16877,529.0,25595.57,0,Salaried,Group B,1
9415,2024-11,61461.53,0.4926,702.0,15642.93,0,Self employed,Group B,0
9483,2024-11,68968.72,0.12611,585.0,17851.95,0,Salaried,Group B,0
9505,2024-11,49942.48,0.85286,594.0,23290.68,0,Salaried,Group A,1
9522,2024-11,75015.72,0.16527,628.0,8385.2,0,Salaried,Group A,0
9545,2024-11,32425.26,0.7099,777.0,22065.55,0,Salaried,Group B,1
9550,2024-11,26808.46,0.70894,720.0,7572.41,0,Self employed,Group A,0
9558,2024-11,134807.03,0.09965,692.0,14475.97,0,Salaried,Group A,0
9563,2024-11,55648.21,0.52666,679.0,75000.0,1,Self employed,Group B,1
9578,2024-11,52635.43,0.45289,787.0,13056.12,0,Salaried,Group B,0
9584,2024-11,58381.41,0.22022,665.0,25078.17,1,Salaried,Group A,1
9594,2024-11,84879.07,0.35597,644.0,33754.32,1,Salaried,Group B,0
9658,2024-11,232917.28,0.37231,588.0,3018.68,0,Salaried,Group A,0
9671,2024-11,95812.0,0.14509,698.0,37752.12,0,Self employed,Group B,0
9697,2024-11,37691.63,0.37949,671.0,16685.8,0,Salaried,Group B,0
9711,2024-11,72578.09,0.30056,683.0,24942.53,2,Salaried,Group B,0
9727,2024-11,25480.93,0.24558,713.0,13971.45,0,Self employed,Group B,0
9730,2024-11,79364.9,0.27743,555.0,6653.72,0,Salaried,Group B,1
9750,2024-11,63191.66,0.36856,656.0,23782.82,0,Salaried,Group B,0
9763,2024-11,74668.24,0.09577,579.0,11711.84,0,Salaried,Group A,1
9861,2024-11,35405.3,0.56892,672.0,30620.82,0,Salaried,Group B,1
9874,2024-11,69782.8,0.22478,743.0,8558.35,0,Salaried,Group B,0
9880,2024-11,41818.13,0.6764,672.0,9019.27,1,Salaried,Group A,0
7,2024-12,31199.21,0.22471,785.0,59354.59,0,Self employed,Group B,0
8,2024-12,37111.5,0.12763,712.0,9547.23,0,Salaried,Group B,0
72,2024-12,48727.58,0.12022,702.0,4360.12,1,Self employed,Group A,0
104,2024-12,33877.83,0.26056,612.0,10078.5,0,Salaried,Group A,0
143,2024-12,31105.92,0.40089,696.0,7154.53,1,Salaried,Group B,0
157,2024-12,47539.83,0.17993,762.0,5122.07,3,Self employed,Group A,0
162,2024-12,66192.63,0.14139,632.0,64005.38,0,Salaried,Group A,1
163,2024-12,64596.81,0.50512,669.0,11591.45,1,Salaried,Group A,0
194,2024-12,73980.16,0.22803,733.0,26835.53,0,Salaried,Group A,0
205,2024-12,61978.56,0.64328,663.0,13313.47,0,Contract,Group A,0
237,2024-12,65404.78,0.2493,564.0,6568.67,0,Salaried,Group A,1
262,2024-12,130405.17,0.52732,688.0,9048.69,0,Salaried,Group A,0
286,2024-12,102828.38,0.14959,715.0,25998.02,0,Self employed,Group A,0
294,2024-12,53389.14,0.22562,633.0,21869.91,0,Salaried,Group A,0
297,2024-12,56473.57,0.30105,729.0,6322.5,1,Salaried,Group A,0
303,2024-12,71718.1,0.46898,609.0,13773.14,1,Salaried,Group A,1
331,2024-12,15000.0,0.17346,621.0,20995.39,0,Salaried,Group B,1
344,2024-12,40601.31,0.3702,658.0,12198.98,0,Salaried,Group B,0
404,2024-12,78139.09,0.11057,640.0,20403.16,1,Contract,Group A,0
413,2024-12,46856.4,0.22369,652.0,21960.19,0,Salaried,Group A,0
511,2024-12,38222.5,0.26205,737.0,5610.34,2,Self employed,Group B,0
535,2024-12,37236.44,0.25533,620.0,18424.7,2,Salaried,Group B,1
556,2024-12,43326.01,0.1926,567.0,7570.78,2,Salaried,Group B,0
558,2024-12,47633.28,0.24178,578.0,17501.94,0,Salaried,Group B,1
567,2024-12,68088.66,0.50566,668.0,40076.08,0,Salaried,Group A,1
638,2024-12,49167.15,0.21471,749.0,9276.54,0,Salaried,Group A,0
642,2024-12,37791.15,0.31673,744.0,13886.24,0,Salaried,Group A,0
651,2024-12,47308.65,0.45222,724.0,29732.76,0,Salaried,Group B,0
705,2024-12,26147.75,0.15085,634.0,4600.11,0,Self employed,Group A,0
709,2024-12,178868.77,0.33527,639.0,16540.84,0,Self employed,Group B,1
731,2024-12,105358.04,0.33873,777.0,17348.26,1,Salaried,Group B,0
736,2024-12,125824.53,0.21804,745.0,9651.31,0,Salaried,Group A,0
747,2024-12,53827.53,0.35266,596.0,5196.81,1,Salaried,Group A,0
752,2024-12,57536.7,0.02015,558.0,10387.52,0,Self employed,Group A,0
775,2024-12,97066.12,0.35188,652.0,15150.7,0,Salaried,Group B,1
793,2024-12,70538.88,0.26318,653.0,34012.61,0,Salaried,Group A,0
806,2024-12,19788.87,0.34792,663.0,75000.0,0,Salaried,Group B,1
808,2024-12,33885.46,0.56987,780.0,8240.44,0,Salaried,Group A,0
865,2024-12,73831.43,0.27436,658.0,13216.55,0,Salaried,Group A,0
925,2024-12,75701.09,0.1448,658.0,7383.01,0,Salaried,Group A,1
984,2024-12,68958.37,0.36053,566.0,8935.25,0,Salaried,Group B,0
1005,2024-12,127824.39,0.26928,709.0,23967.77,0,Contract,Group B,0
1011,2024-12,40125.84,0.44094,664.0,30423.0,0,Salaried,Group A,0
1018,2024-12,57897.51,0.16539,630.0,45915.83,1,Self employed,Group B,0
1028,2024-12,35574.98,0.53987,651.0,15218.68,0,Salaried,Group B,1
1048,2024-12,51504.55,0.2766,695.0,31447.69,0,Salaried,Group A,0
1069,2024-12,52330.91,0.28527,707.0,12749.73,0,Salaried,Group B,0
1080,2024-12,33523.86,0.67454,796.0,61093.98,0,Contract,Group A,1
1101,2024-12,35676.95,0.42474,683.0,7670.51,0,Self employed,Group B,1
1123,2024-12,78619.62,0.44991,745.0,11102.34,1,Contract,Group B,1
1141,2024-12,46856.48,0.15764,772.0,15105.62,0,Self employed,Group A,0
1170,2024-12,39773.27,0.1384,653.0,14956.4,0,Salaried,Group B,0
1200,2024-12,237346.44,0.10698,596.0,19029.73,2,Salaried,Group A,1
1211,2024-12,62790.55,0.38226,601.0,8077.34,1,Salaried,Group A,1
1238,2024-12,50218.67,0.09641,763.0,8147.4,0,Salaried,Group A,0
1305,2024-12,83082.78,0.35548,723.0,4138.16,0,Salaried,Group A,0
1307,2024-12,108314.58,0.13529,647.0,15441.28,0,Salaried,Group B,0
1392,2024-12,68167.65,0.29489,708.0,12226.86,0,Self employed,Group A,0
1404,2024-12,57327.8,0.67838,679.0,10403.93,0,Salaried,Group A,0
1414,2024-12,29101.47,0.56021,541.0,13192.87,0,Salaried,Group A,1
1417,2024-12,43168.13,0.41829,684.0,37716.52,1,Salaried,Group A,0
1422,2024-12,46571.17,0.12312,694.0,6528.96,1,Contract,Group B,1
1425,2024-12,55613.14,0.29738,604.0,63283.12,0,Contract,Group B,1
1426,2024-12,50528.8,0.09544,622.0,8354.21,0,Self employed,Group A,0
1439,2024-12,28153.82,0.26644,719.0,7566.14,0,Salaried,Group A,0
1468,2024-12,84929.23,0.4103,711.0,8022.75,0,Salaried,Group B,0
1473,2024-12,120143.05,0.47326,690.0,3477.6,0,Self employed,Group A,0
1484,2024-12,91676.66,0.4207,674.0,14486.5,0,Salaried,Group A,0
1503,2024-12,57455.68,0.29738,586.0,14775.44,0,Salaried,Group A,0
1518,2024-12,120932.94,0.24246,552.0,21669.22,0,Salaried,Group B,1
1537,2024-12,124958.6,0.28481,626.0,20658.07,0,Self employed,Group B,1
1576,2024-12,57999.78,0.32905,723.0,7246.46,0,Contract,Group B,1
1635,2024-12,29172.22,0.24514,665.0,51651.24,0,Salaried,Group A,0
1661,2024-12,72982.76,0.26596,773.0,7683.96,0,Contract,Group A,0
1682,2024-12,60059.16,0.31105,644.0,37103.99,1,Salaried,Group B,0
1689,2024-12,37924.61,0.02886,543.0,14474.62,0,Salaried,Group A,0
1695,2024-12,45460.02,0.33921,723.0,37751.64,1,Contract,Group A,0
1713,2024-12,24434.83,0.60078,620.0,31170.36,0,Salaried,Group A,1
1720,2024-12,72395.38,0.21211,632.0,31778.13,0,Salaried,Group B,0
1723,2024-12,50554.08,0.05552,669.0,19289.14,0,Salaried,Group B,1
1732,2024-12,48739.55,0.39167,747.0,27182.24,0,Self employed,Group A,0
1755,2024-12,42218.8,0.15676,613.0,13938.58,0,Salaried,Group B,1
1773,2024-12,58436.3,0.65736,687.0,7368.8,0,Self employed,Group A,1
1782,2024-12,37180.53,0.30866,753.0,22416.62,0,Salaried,Group A,0
1788,2024-12,106135.26,0.1862,643.0,17061.14,1,Salaried,Group A,1
1804,2024-12,113702.31,0.1288,703.0,22410.62,0,Salaried,Group B,0
1805,2024-12,20217.37,0.17247,588.0,8757.05,0,Self employed,Group A,0
1809,2024-12,20493.7,0.0906,610.0,14549.04,0,Salaried,Group A,0
1878,2024-12,56183.93,0.32045,718.0,12440.06,1,Salaried,Group B,1
1888,2024-12,51306.94,0.46449,717.0,7398.97,0,Salaried,Group A,0
1949,2024-12,75919.16,0.20889,726.0,8998.06,0,Salaried,Group A,0
1954,2024-12,44614.19,0.23538,679.0,20413.24,1,Self employed,Group B,0
1989,2024-12,31101.85,0.13498,597.0,13820.07,0,Self employed,Group B,0
1991,2024-12,29586.5,0.2878,709.0,7411.71,0,Salaried,Group A,0
2013,2024-12,42020.1,0.49482,662.0,29840.53,0,Salaried,Group A,1
2021,2024-12,108942.84,0.47224,730.0,14677.39,0,Salaried,Group A,0
2026,2024-12,77979.44,0.24289,676.0,30091.53,0,Salaried,Group B,0
2050,2024-12,63183.76,0.25255,691.0,22886.89,0,Self employed,Group B,1
2100,2024-12,33669.76,0.09939,649.0,20629.47,0,Self employed,Group A,0
2124,2024-12,38431.49,0.09786,618.0,10932.38,0,Contract,Group A,1
2141,2024-12,61257.84,0.1211,745.0,14919.21,0,Salaried,Group A,0
2195,2024-12,22002.53,0.34512,604.0,8376.39,1,Salaried,Group B,1
2318,2024-12,32944.24,0.13662,698.0,54594.81,1,Self employed,Group B,1
2328,2024-12,60830.53,0.15907,533.0,26741.45,0,Salaried,Group A,1
2371,2024-12,74980.37,0.0723,576.0,7178.66,1,Self employed,Group A,0
2377,2024-12,29207.94,0.22519,667.0,40649.93,1,Salaried,Group B,0
2378,2024-12,31035.78,0.45275,709.0,14560.01,0,Salaried,Group B,0
2381,2024-12,67582.85,0.41503,668.0,14695.93,1,Contract,Group A,0
2383,2024-12,60137.42,0.17253,679.0,6552.74,0,Contract,Group A,1
2451,2024-12,82605.78,0.21657,585.0,9553.3,0,Salaried,Group A,1
2461,2024-12,55550.66,0.25323,682.0,5920.99,1,Salaried,Group B,0
2468,2024-12,58056.81,0.61097,671.0,11443.5,1,Salaried,Group A,1
2508,2024-12,40032.12,0.41357,649.0,10267.72,0,Salaried,Group B,0
2566,2024-12,87899.85,0.36317,721.0,11216.07,1,Salaried,Group B,0
2578,2024-12,153974.24,0.49664,756.0,3044.49,1,Salaried,Group B,0
2586,2024-12,21865.22,0.26091,708.0,15379.57,0,Self employed,Group A,0
2591,2024-12,28725.92,0.49147,732.0,13043.46,0,Salaried,Group A,0
2592,2024-12,74003.31,0.35976,660.0,5575.75,0,Salaried,Group A,0
2597,2024-12,30562.57,0.48117,621.0,61852.24,1,Salaried,Group B,0
2598,2024-12,77874.25,0.08133,734.0,21115.5,1,Salaried,Group B,0
2610,2024-12,35363.35,0.14279,620.0,13521.6,0,Contract,Group A,0
2658,2024-12,30964.28,0.53973,697.0,19583.13,0,Contract,Group B,1
2690,2024-12,54482.63,0.45227,717.0,12148.17,0,Salaried,Group B,0
2691,2024-12,39334.04,0.39423,702.0,16207.59,0,Salaried,Group B,0
2732,2024-12,53241.21,0.21811,624.0,21369.19,1,Salaried,Group A,0
2735,2024-12,38610.18,0.0979,785.0,16603.96,0,Salaried,Group A,0
2756,2024-12,64805.45,0.2701,597.0,6154.86,1,Salaried,Group A,0
2805,2024-12,37017.39,0.28454,569.0,5235.42,0,Salaried,Group A,0
2819,2024-12,76580.69,0.0241,643.0,11345.6,0,Contract,Group A,0
2835,2024-12,65742.44,0.2628,679.0,10862.3,0,Self employed,Group A,1
2920,2024-12,55441.15,0.1042,729.0,15017.36,0,Salaried,Group B,1
2949,2024-12,25211.43,0.52837,700.0,11462.5,0,Self employed,Group A,0
2955,2024-12,47300.88,0.45815,687.0,3421.41,0,Salaried,Group B,0
2990,2024-12,62742.39,0.07318,649.0,34068.12,1,Contract,Group A,1
2998,2024-12,32793.64,0.09268,629.0,10453.18,0,Self employed,Group B,0
3002,2024-12,76556.0,0.20191,610.0,17713.87,1,Self employed,Group A,1
3004,2024-12,86503.81,0.24403,631.0,12671.04,3,Self employed,Group A,0
3023,2024-12,37549.38,0.31692,627.0,19433.44,0,Salaried,Group B,0
3056,2024-12,41980.37,0.26107,736.0,29350.55,0,Salaried,Group B,0
3064,2024-12,36256.15,0.2163,735.0,10141.44,0,Contract,Group B,0
3067,2024-12,39131.95,0.33241,573.0,41298.77,1,Self employed,Group A,1
3087,2024-12,106979.49,0.40473,748.0,10021.4,0,Salaried,Group B,0
3125,2024-12,34733.69,0.28231,680.0,16733.65,1,Salaried,Group B,0
3142,2024-12,40783.97,0.40548,641.0,12196.43,0,Salaried,Group B,1
3145,2024-12,114955.26,0.2844,663.0,44369.0,0,Salaried,Group B,0
3168,2024-12,138365.66,0.67447,611.0,16318.57,0,Salaried,Group A,0
3244,2024-12,62422.34,0.14416,549.0,8847.35,1,Self employed,Group B,1
3277,2024-12,54972.03,0.04006,690.0,42822.37,0,Self employed,Group A,0
3296,2024-12,61408.77,0.53222,682.0,26281.11,0,Salaried,Group A,1
3308,2024-12,45358.19,0.51207,759.0,64336.37,2,Self employed,Group B,1
3327,2024-12,37725.94,0.25865,679.0,12528.6,0,Salaried,Group A,0
3342,2024-12,100352.44,0.66077,698.0,14882.53,0,Salaried,Group B,1
3365,2024-12,64655.95,0.40594,717.0,14419.12,0,Self employed,Group B,0
3430,2024-12,36534.22,0.36281,596.0,5710.95,0,Salaried,Group A,0
3431,2024-12,44986.2,0.3583,707.0,8659.78,0,Self employed,Group A,0
3493,2024-12,45770.42,0.29144,604.0,20640.73,0,Salaried,Group B,1
3530,2024-12,62975.76,0.45902,571.0,37563.36,1,Self employed,Group A,0
3535,2024-12,79455.63,0.54806,724.0,19829.79,0,Salaried,Group A,0
3563,2024-12,62200.38,0.06139,639.0,7767.0,0,Self employed,Group A,0
3578,2024-12,53848.87,0.41675,732.0,5568.92,0,Contract,Group B,0
3602,2024-12,46586.48,0.23434,672.0,18772.5,0,Contract,Group B,0
3628,2024-12,54694.69,0.08923,666.0,4136.08,0,Salaried,Group A,0
3703,2024-12,65873.35,0.45498,602.0,11391.61,0,Salaried,Group B,0
3711,2024-12,60992.86,0.5091,729.0,20328.66,0,Salaried,Group A,0
3764,2024-12,,0.05875,620.0,7903.35,0,Salaried,Group A,0
3777,2024-12,51342.46,0.18671,614.0,19087.46,0,Salaried,Group B,0
3823,2024-12,84428.86,0.38453,668.0,7935.08,0,Contract,Group A,0
3834,2024-12,72078.27,0.5698,673.0,10369.9,0,Salaried,Group A,1
3881,2024-12,57051.8,0.21565,661.0,11981.28,1,Self employed,Group B,0
3897,2024-12,82497.87,0.41169,688.0,8015.39,0,Contract,Group B,1
3916,2024-12,98644.33,0.19328,782.0,6798.23,1,Self employed,Group B,0
3936,2024-12,54814.61,0.38134,538.0,16199.25,0,Salaried,Group A,0
3954,2024-12,21327.34,0.31079,620.0,15393.25,0,Salaried,Group B,0
3980,2024-12,65735.62,0.23746,649.0,11422.22,0,Salaried,Group B,0
3988,2024-12,26821.94,0.2854,710.0,10476.89,0,Self employed,Group B,0
3994,2024-12,56706.54,0.28854,605.0,8774.0,0,Salaried,Group B,0
4006,2024-12,35598.57,0.36245,764.0,7143.84,1,Salaried,Group B,0
4030,2024-12,15000.0,0.17406,595.0,11097.78,0,Contract,Group B,1
4041,2024-12,108110.98,0.13493,578.0,20487.29,0,Salaried,Group B,0
4063,2024-12,80605.62,0.513,670.0,40473.45,1,Salaried,Group B,1
4098,2024-12,50012.98,0.51525,704.0,14285.21,0,Contract,Group A,0
4152,2024-12,79314.2,0.18465,723.0,10371.9,0,Salaried,Group A,0
4194,2024-12,55630.5,0.08433,602.0,8974.44,0,Salaried,Group B,1
4199,2024-12,41781.08,0.13294,605.0,17057.6,1,Salaried,Group B,0
4211,2024-12,23911.53,0.17895,648.0,16661.87,1,Salaried,Group B,1
4230,2024-12,55747.03,0.12604,612.0,13140.91,0,Self employed,Group A,1
4258,2024-12,55038.7,0.15461,694.0,19997.99,0,Salaried,Group A,0
4317,2024-12,76349.87,0.11938,634.0,16202.46,0,Salaried,Group B,0
4396,2024-12,31523.71,0.34975,695.0,20242.26,0,Contract,Group A,1
4409,2024-12,39820.95,0.25381,581.0,26613.22,1,Salaried,Group B,0
4415,2024-12,24990.21,0.24481,750.0,11035.73,2,Salaried,Group B,1
4430,2024-12,38032.17,0.07324,821.0,21444.98,0,Salaried,Group A,0
4435,2024-12,58510.35,0.34794,731.0,11481.75,2,Salaried,Group A,0
4445,2024-12,18924.0,0.22658,648.0,11166.41,1,Contract,Group B,1
4455,2024-12,15000.0,0.38944,784.0,22665.14,0,Self employed,Group A,0
4498,2024-12,59907.02,0.24557,707.0,26667.43,0,Salaried,Group B,0
4509,2024-12,45393.59,0.04861,664.0,24234.21,0,Salaried,Group B,1
4535,2024-12,66542.55,0.30519,642.0,3169.42,0,Contract,Group A,0
4543,2024-12,42122.1,0.10991,685.0,12351.48,0,Salaried,Group A,0
4547,2024-12,79740.44,0.13971,729.0,13279.86,0,Salaried,Group B,0
4567,2024-12,,0.32703,679.0,13294.78,0,Salaried,Group A,0
4623,2024-12,56532.47,0.1463,646.0,6439.64,0,Salaried,Group B,0
4652,2024-12,65510.97,0.33792,629.0,34697.52,0,Salaried,Group A,0
4665,2024-12,28973.67,0.41313,629.0,12844.57,0,Salaried,Group B,1
4686,2024-12,84436.24,0.13823,603.0,62949.63,1,Salaried,Group A,0
4693,2024-12,34355.45,0.31839,674.0,48405.34,1,Salaried,Group B,1
4699,2024-12,22871.97,0.19092,661.0,8514.16,0,Self employed,Group A,0
4726,2024-12,71005.82,0.28458,651.0,19814.83,0,Self employed,Group A,1
4731,2024-12,41878.01,0.09031,652.0,10850.4,0,Salaried,Group B,0
4737,2024-12,19282.34,0.61935,715.0,10725.46,0,Salaried,Group B,0
4793,2024-12,44553.73,0.52904,609.0,3688.95,1,Salaried,Group B,1
4828,2024-12,44502.32,0.30043,697.0,25062.58,0,Salaried,Group B,0
4829,2024-12,90456.41,0.37538,641.0,35047.58,0,Salaried,Group A,0
4834,2024-12,51648.34,0.14465,641.0,10108.87,0,Salaried,Group B,0
4837,2024-12,35261.94,0.20508,693.0,36050.01,0,Contract,Group A,0
4852,2024-12,79360.22,0.3981,571.0,7194.66,0,Salaried,Group B,1
4861,2024-12,50545.63,0.30829,608.0,29870.46,0,Salaried,Group A,0
4862,2024-12,15170.8,0.1903,623.0,12819.85,0,Self employed,Group A,1
4936,2024-12,50349.36,0.24406,770.0,14862.07,0,Self employed,Group B,0
4970,2024-12,60237.86,0.31924,653.0,23055.19,0,Self employed,Group B,1
4983,2024-12,36572.84,0.50702,781.0,12124.31,1,Self employed,Group A,0
4991,2024-12,52683.37,0.17344,757.0,8619.26,0,Contract,Group A,0
5054,2024-12,103348.63,0.17048,654.0,19969.52,1,Salaried,Group B,0
5055,2024-12,56313.9,0.72413,698.0,5405.85,0,Salaried,Group B,0
5067,2024-12,60494.04,0.49767,576.0,11089.69,0,Salaried,Group B,0
5099,2024-12,64907.02,0.15846,627.0,23085.47,0,Self employed,Group A,0
5128,2024-12,43372.59,0.50904,619.0,19253.96,1,Self employed,Group A,0
5133,2024-12,21419.37,0.45705,550.0,14421.46,0,Contract,Group B,0
5162,2024-12,117568.72,0.31335,679.0,16806.86,0,Salaried,Group B,0
5177,2024-12,33392.95,0.52367,743.0,10941.04,0,Salaried,Group A,0
5222,2024-12,57190.84,0.25854,569.0,24865.29,0,Salaried,Group A,0
5226,2024-12,49331.3,0.37128,667.0,21759.24,0,Salaried,Group A,1
5229,2024-12,46665.79,0.28727,697.0,10538.21,0,Contract,Group B,0
5230,2024-12,35361.07,0.58453,635.0,5358.04,1,Salaried,Group B,0
5231,2024-12,40102.68,0.56098,632.0,15900.49,0,Salaried,Group A,1
5310,2024-12,65253.12,0.03056,630.0,11170.56,0,Salaried,Group A,0
5333,2024-12,57478.33,0.40446,645.0,18162.43,1,Salaried,Group A,1
5337,2024-12,41617.27,0.1252,684.0,22322.28,0,Contract,Group B,0
5351,2024-12,40794.36,0.43575,765.0,7208.65,0,Salaried,Group B,0
5381,2024-12,107567.56,0.4593,694.0,15714.98,1,Salaried,Group A,1
5392,2024-12,24631.02,0.04874,683.0,5712.1,1,Salaried,Group A,0
5402,2024-12,43714.95,0.03795,697.0,11544.15,0,Salaried,Group B,0
5430,2024-12,60746.67,0.09763,746.0,11457.95,0,Salaried,Group B,0
5445,2024-12,33105.62,0.09445,754.0,13485.01,0,Self employed,Group A,0
5512,2024-12,87912.88,0.33253,645.0,34270.62,0,Self employed,Group B,0
5572,2024-12,164715.24,0.43039,515.0,9132.04,0,Salaried,Group A,0
5577,2024-12,64100.79,0.30726,741.0,3295.69,0,Salaried,Group B,0
5591,2024-12,54157.7,0.57485,576.0,14820.62,0,Salaried,Group B,1
5603,2024-12,71164.91,0.07075,649.0,26475.82,0,Self employed,Group A,0
5666,2024-12,31744.12,0.36107,761.0,9343.99,0,Salaried,Group B,0
5668,2024-12,70580.58,0.36701,729.0,23746.95,0,Salaried,Group B,0
5686,2024-12,38993.9,0.54799,705.0,11487.7,1,Salaried,Group A,1
5717,2024-12,77763.56,0.21415,692.0,7871.06,0,Salaried,Group A,0
5728,2024-12,29528.22,0.15524,751.0,22799.69,1,Contract,Group B,0
5750,2024-12,38029.55,0.16781,750.0,3324.3,0,Salaried,Group B,0
5774,2024-12,42249.14,0.29109,746.0,21044.47,0,Salaried,Group B,1
5786,2024-12,82563.68,0.18402,587.0,13882.51,1,Salaried,Group B,0
5790,2024-12,41141.57,0.4995,552.0,9231.23,0,Salaried,Group B,1
5792,2024-12,23616.26,0.27813,703.0,6407.06,0,Salaried,Group A,1
5794,2024-12,47262.4,0.21125,634.0,14774.1,0,Self employed,Group A,0
5809,2024-12,39211.43,0.61624,628.0,18389.71,0,Contract,Group A,1
5828,2024-12,59808.44,0.09201,680.0,6343.21,0,Self employed,Group A,0
5868,2024-12,53489.01,0.18374,728.0,6629.51,0,Salaried,Group B,1
5885,2024-12,48596.05,0.02121,796.0,51302.49,0,Salaried,Group B,0
5886,2024-12,47763.89,0.06724,673.0,8979.1,0,Self employed,Group B,0
5890,2024-12,54734.7,0.6437,665.0,11839.02,1,Salaried,Group A,1
5913,2024-12,79946.75,0.56798,605.0,25514.67,1,Salaried,Group A,1
5920,2024-12,48191.19,0.23295,640.0,20932.28,0,Salaried,Group A,1
5980,2024-12,33293.71,0.04259,757.0,15400.24,0,Salaried,Group A,0
6010,2024-12,42238.89,0.42107,820.0,8884.12,1,Salaried,Group B,0
6029,2024-12,123640.39,0.16953,804.0,31964.4,0,Salaried,Group B,0
6050,2024-12,30925.7,0.39134,637.0,4477.42,0,Salaried,Group A,0
6099,2024-12,41973.54,0.18494,605.0,28307.65,0,Salaried,Group B,0
6115,2024-12,41439.63,0.45541,511.0,11268.95,1,Self employed,Group B,1
6161,2024-12,40934.59,0.31493,737.0,11336.55,0,Salaried,Group A,0
6166,2024-12,27630.81,0.38159,727.0,25938.36,1,Contract,Group B,0
6188,2024-12,68736.12,0.27159,810.0,16979.94,1,Salaried,Group A,0
6204,2024-12,47319.26,0.13737,673.0,8383.8,2,Salaried,Group B,0
6215,2024-12,113868.48,0.28531,676.0,60014.01,0,Salaried,Group A,1
6223,2024-12,,0.43137,659.0,15836.93,1,Salaried,Group A,1
6249,2024-12,165403.45,0.36328,615.0,36096.88,0,Salaried,Group A,1
6267,2024-12,51782.08,0.27415,630.0,3830.7,0,Salaried,Group A,1
6358,2024-12,28748.01,0.41082,577.0,14950.35,0,Salaried,Group A,1
6374,2024-12,107666.21,0.36745,745.0,17651.19,0,Self employed,Group A,0
6376,2024-12,63586.57,0.60752,734.0,16216.65,0,Self employed,Group B,0
6379,2024-12,21177.43,0.40794,648.0,11845.78,0,Salaried,Group B,1
6386,2024-12,69946.26,0.19415,647.0,12298.42,0,Salaried,Group B,0
6402,2024-12,44062.54,0.26302,684.0,4389.64,0,Salaried,Group B,0
6414,2024-12,17465.63,0.56427,850.0,11956.6,0,Salaried,Group B,0
6440,2024-12,77503.15,0.21015,709.0,10943.15,0,Contract,Group B,0
6473,2024-12,46672.66,0.27147,744.0,8776.02,0,Self employed,Group A,0
6478,2024-12,42961.05,0.08791,581.0,31177.84,0,Salaried,Group B,0
6495,2024-12,74606.94,0.14663,635.0,6971.55,0,Self employed,Group A,0
6519,2024-12,73939.54,0.18935,769.0,12287.0,0,Contract,Group B,0
6521,2024-12,47019.7,0.12537,688.0,42631.54,1,Salaried,Group B,0
6537,2024-12,40745.53,0.1654,719.0,7726.9,0,Contract,Group A,0
6571,2024-12,24313.83,0.35611,605.0,38197.01,1,Self employed,Group B,1
6587,2024-12,39948.02,0.0346,530.0,6910.35,0,Salaried,Group A,1
6590,2024-12,93088.9,0.27905,681.0,39185.06,2,Salaried,Group B,1
6592,2024-12,64534.53,0.04307,702.0,21884.04,0,Salaried,Group A,0
6597,2024-12,57366.66,0.35744,842.0,33224.28,0,Salaried,Group B,0
6625,2024-12,40592.68,0.05962,740.0,7129.54,1,Salaried,Group A,0
6667,2024-12,32121.64,0.37259,672.0,8640.55,0,Salaried,Group A,1
6690,2024-12,28470.32,0.01109,649.0,9938.71,1,Salaried,Group B,0
6698,2024-12,68741.51,0.22652,703.0,30610.95,0,Salaried,Group B,0
6728,2024-12,85122.18,0.29872,729.0,20131.82,1,Salaried,Group B,1
6741,2024-12,22187.81,0.48571,661.0,6466.06,0,Self employed,Group B,0
6749,2024-12,52832.1,0.27835,743.0,33069.43,1,Salaried,Group B,0
6766,2024-12,79493.9,0.26904,652.0,7736.82,0,Salaried,Group A,0
6767,2024-12,46842.97,0.36217,698.0,23192.11,0,Salaried,Group B,0
6810,2024-12,59090.62,0.14177,675.0,24154.19,0,Salaried,Group B,0
6811,2024-12,59917.37,0.0724,527.0,20294.28,0,Self employed,Group B,1
6826,2024-12,53741.01,0.29632,680.0,9083.22,0,Self employed,Group B,0
6829,2024-12,42161.12,0.48726,691.0,12754.31,1,Self employed,Group B,1
6841,2024-12,96245.09,0.12428,638.0,31191.87,0,Self employed,Group B,0
6874,2024-12,131844.48,0.14406,801.0,8868.62,0,Salaried,Group A,0
6914,2024-12,42969.05,0.07494,632.0,17600.38,0,Salaried,Group A,0
7007,2024-12,18414.77,0.32256,691.0,32143.15,1,Contract,Group B,0
7014,2024-12,117876.55,0.18629,793.0,5132.3,3,Self employed,Group A,1
7043,2024-12,45117.74,0.30411,784.0,28863.08,1,Self employed,Group A,0
7071,2024-12,18843.43,0.32984,685.0,19348.9,0,Salaried,Group B,0
7073,2024-12,56526.01,0.24965,655.0,10256.12,0,Contract,Group B,0
7076,2024-12,83350.99,0.59894,764.0,8839.71,0,Salaried,Group B,0
7093,2024-12,180696.05,0.17244,716.0,28264.38,0,Contract,Group A,0
7158,2024-12,159274.74,0.33271,710.0,18464.89,1,Salaried,Group A,0
7176,2024-12,54449.72,0.31942,822.0,24566.96,1,Salaried,Group A,0
7250,2024-12,44616.95,0.25194,632.0,27562.37,0,Salaried,Group A,0
7251,2024-12,22950.81,0.31651,694.0,23143.81,0,Self employed,Group A,0
7258,2024-12,76901.68,0.18756,711.0,11421.9,0,Salaried,Group A,1
7260,2024-12,28809.81,0.07374,591.0,12556.64,0,Contract,Group A,0
7288,2024-12,37843.53,0.1684,746.0,3641.32,0,Salaried,Group A,0
7308,2024-12,59894.15,0.48738,632.0,6982.38,0,Salaried,Group A,1
7314,2024-12,56101.78,0.42516,735.0,25098.34,0,Salaried,Group A,1
7316,2024-12,55798.09,0.57158,795.0,5438.2,0,Contract,Group B,0
7317,2024-12,67973.28,0.01355,582.0,22697.51,1,Self employed,Group B,1
7327,2024-12,42437.22,0.18469,741.0,31770.05,0,Salaried,Group B,0
7428,2024-12,35020.99,0.37604,572.0,18080.44,0,Salaried,Group A,1
7433,2024-12,39059.38,0.08941,674.0,11211.26,1,Salaried,Group A,0
7440,2024-12,52098.14,0.21791,574.0,12833.15,0,Salaried,Group A,1
7456,2024-12,66190.63,0.31754,626.0,27162.97,1,Salaried,Group A,0
7506,2024-12,37925.23,0.1294,507.0,27242.34,0,Salaried,Group B,1
7535,2024-12,24021.64,0.31391,652.0,16712.61,0,Salaried,Group A,0
7557,2024-12,66553.43,0.50912,607.0,31327.75,0,Salaried,Group B,1
7561,2024-12,51944.71,0.1105,726.0,11453.0,0,Salaried,Group A,0
7597,2024-12,63229.4,0.45531,523.0,13597.27,1,Salaried,Group B,1
7599,2024-12,70710.97,0.48237,622.0,44047.46,0,Contract,Group A,0
7616,2024-12,60007.22,0.05226,482.0,31935.3,0,Salaried,Group B,0
7678,2024-12,108855.01,0.22245,739.0,15142.24,0,Salaried,Group A,0
7793,2024-12,62028.91,0.31953,850.0,4295.44,1,Salaried,Group A,0
7820,2024-12,126968.44,0.40482,718.0,12162.97,0,Salaried,Group B,0
7846,2024-12,65317.1,0.24841,702.0,8552.26,0,Salaried,Group A,0
7865,2024-12,68732.81,0.26928,757.0,3772.93,0,Salaried,Group B,0
7870,2024-12,32041.05,0.05482,577.0,10064.71,0,Salaried,Group A,0
7873,2024-12,47193.99,0.06678,662.0,8437.57,1,Salaried,Group A,0
7901,2024-12,62373.5,0.39669,690.0,8241.75,0,Salaried,Group A,1
7923,2024-12,85647.92,0.23901,678.0,14724.36,0,Salaried,Group B,0
7965,2024-12,44089.54,0.25004,693.0,5959.46,0,Salaried,Group A,0
7987,2024-12,109582.2,0.42683,588.0,23398.3,0,Salaried,Group A,0
8035,2024-12,63542.53,0.38413,652.0,5173.76,1,Contract,Group B,1
8036,2024-12,67017.16,0.31435,688.0,45324.75,1,Salaried,Group A,0
8104,2024-12,55788.32,0.1907,778.0,11217.17,1,Contract,Group A,0
8136,2024-12,41340.91,0.24374,470.0,10367.95,0,Salaried,Group A,1
8145,2024-12,48252.72,0.28276,661.0,13365.72,1,Salaried,Group A,0
8151,2024-12,28195.21,0.2365,661.0,10079.91,0,Salaried,Group A,0
8267,2024-12,109672.68,0.02406,779.0,21295.63,0,Salaried,Group B,0
8272,2024-12,33452.47,0.08974,823.0,15658.26,0,Salaried,Group B,0
8300,2024-12,66446.24,0.30203,719.0,37861.89,1,Salaried,Group A,0
8305,2024-12,56864.75,0.24469,842.0,8663.75,0,Salaried,Group A,0
8336,2024-12,120020.08,0.14715,643.0,15722.59,0,Salaried,Group B,0
8341,2024-12,45701.38,0.24016,661.0,12654.54,0,Salaried,Group B,0
8369,2024-12,34994.48,0.19362,686.0,15799.05,0,Salaried,Group A,0
8391,2024-12,101995.16,0.38064,631.0,10162.54,0,Salaried,Group B,1
8438,2024-12,61707.76,0.09896,642.0,7910.54,0,Salaried,Group A,0
8439,2024-12,82562.45,0.23514,545.0,7555.45,1,Salaried,Group B,1
8445,2024-12,26189.49,0.26669,740.0,34552.48,0,Salaried,Group A,0
8546,2024-12,120482.39,0.1896,595.0,7352.55,0,Salaried,Group A,0
8557,2024-12,64037.27,0.44972,652.0,16951.1,0,Salaried,Group B,0
8571,2024-12,46980.98,0.26504,589.0,17958.57,0,Salaried,Group A,0
8580,2024-12,32468.86,0.68326,674.0,9999.7,0,Salaried,Group B,0
8581,2024-12,39998.98,0.1508,692.0,10522.76,1,Salaried,Group B,0
8587,2024-12,37779.98,0.48538,733.0,70648.05,0,Self employed,Group B,1
8597,2024-12,33192.51,0.27347,719.0,15184.18,0,Salaried,Group B,0
8600,2024-12,76480.88,0.16687,638.0,4355.84,1,Salaried,Group A,0
8613,2024-12,25505.96,0.2496,624.0,23898.15,0,Salaried,Group A,0
8623,2024-12,18400.71,0.44937,651.0,38001.56,0,Salaried,Group B,0
8624,2024-12,15000.0,0.34273,694.0,58490.33,0,Contract,Group A,0
8625,2024-12,,0.11205,633.0,15740.6,0,Contract,Group B,1
8661,2024-12,34575.43,0.08275,737.0,8016.08,0,Self employed,Group B,0
8680,2024-12,49592.94,0.51218,561.0,19487.86,0,Salaried,Group A,1
8689,2024-12,74344.82,0.12353,683.0,3952.47,0,Salaried,Group B,0
8733,2024-12,51332.62,0.14502,627.0,34880.1,0,Self employed,Group B,1
8741,2024-12,64582.01,0.59124,658.0,8431.12,0,Salaried,Group B,0
8761,2024-12,53268.01,0.05025,600.0,34174.52,1,Self employed,Group A,0
8774,2024-12,77059.14,0.55289,631.0,3710.89,1,Contract,Group A,1
8821,2024-12,128393.92,0.08193,740.0,10806.02,0,Self employed,Group B,0
8858,2024-12,72374.1,0.05164,632.0,25478.0,1,Salaried,Group A,0
8861,2024-12,115276.95,0.12741,655.0,14891.55,0,Contract,Group B,0
8892,2024-12,121540.19,0.20296,701.0,13157.95,0,Salaried,Group B,0
8913,2024-12,55455.58,0.0581,659.0,28289.52,1,Self employed,Group A,0
8916,2024-12,51322.61,0.33968,723.0,11418.29,0,Contract,Group B,0
9012,2024-12,33887.51,0.11916,582.0,17977.91,0,Salaried,Group A,0
9057,2024-12,55201.4,0.31337,703.0,13784.81,0,Salaried,Group B,0
9068,2024-12,60894.58,0.10232,791.0,33510.03,0,Salaried,Group B,0
9071,2024-12,34152.03,0.15567,669.0,6781.08,0,Salaried,Group B,0
9079,2024-12,27020.76,0.31415,759.0,9238.7,0,Self employed,Group A,0
9117,2024-12,69582.17,0.04872,660.0,12488.3,1,Salaried,Group B,0
9182,2024-12,53232.09,0.21466,699.0,64176.91,0,Self employed,Group B,0
9212,2024-12,44812.42,0.08667,528.0,38234.84,0,Self employed,Group B,1
9222,2024-12,64209.76,0.32742,759.0,16848.0,0,Self employed,Group A,0
9266,2024-12,23972.95,0.4809,743.0,14312.12,0,Self employed,Group B,0
9280,2024-12,39894.11,0.43634,608.0,12931.91,0,Salaried,Group B,0
9327,2024-12,136571.76,0.20925,674.0,18435.66,0,Salaried,Group B,1
9356,2024-12,42599.14,0.30713,708.0,6469.65,0,Salaried,Group A,0
9358,2024-12,56253.08,0.16505,728.0,17938.72,0,Salaried,Group A,0
9366,2024-12,84513.14,0.42186,719.0,23307.02,0,Salaried,Group A,0
9426,2024-12,30329.98,0.07629,641.0,8166.54,0,Contract,Group A,0
9428,2024-12,39699.89,0.16788,669.0,29437.87,1,Salaried,Group A,0
9432,2024-12,76438.97,0.40866,720.0,8047.87,0,Salaried,Group A,0
9433,2024-12,139698.97,0.08202,618.0,8901.8,1,Salaried,Group B,0
9439,2024-12,96645.73,0.21651,674.0,6114.87,0,Salaried,Group A,0
9447,2024-12,49163.81,0.11894,722.0,13266.09,1,Self employed,Group B,0
9457,2024-12,42818.26,0.36791,721.0,3788.66,0,Salaried,Group A,0
9527,2024-12,99397.56,0.2221,757.0,22767.22,0,Self employed,Group B,0
9528,2024-12,37429.55,0.0916,602.0,13411.25,1,Self employed,Group A,1
9536,2024-12,29862.5,0.08357,694.0,7510.86,0,Salaried,Group A,0
9626,2024-12,34178.65,0.28409,729.0,8077.05,0,Self employed,Group A,0
9629,2024-12,76534.17,0.04698,734.0,24054.15,0,Salaried,Group A,0
9662,2024-12,29648.36,0.18176,512.0,12119.29,0,Self employed,Group B,1
9719,2024-12,96113.61,0.2699,630.0,21688.68,0,Self employed,Group B,1
9728,2024-12,61714.85,0.57528,729.0,7517.09,1,Contract,Group B,0
9731,2024-12,49758.97,0.4247,786.0,11795.77,0,Self employed,Group B,0
9739,2024-12,49760.0,0.07258,767.0,11354.31,0,Salaried,Group B,0
9801,2024-12,51554.35,0.15076,668.0,17818.98,0,Salaried,Group A,0
9802,2024-12,55784.63,0.26626,688.0,6300.17,1,Self employed,Group A,0
9821,2024-12,72083.26,0.49533,791.0,32506.27,0,Salaried,Group B,0
9827,2024-12,49722.32,0.27933,788.0,58498.54,1,Salaried,Group A,0
9844,2024-12,60539.35,0.402,619.0,6626.0,1,Salaried,Group B,1
9848,2024-12,39372.47,0.14801,633.0,16787.73,0,Salaried,Group A,0
9867,2024-12,96812.63,0.20883,716.0,8600.99,0,Contract,Group A,1
9893,2024-12,49689.48,0.47817,634.0,10732.16,1,Salaried,Group B,0
9924,2024-12,27358.39,0.25903,651.0,14039.19,0,Salaried,Group B,1
9943,2024-12,62445.86,0.3395,715.0,4529.0,0,Salaried,Group A,1
9978,2024-12,63587.29,0.13387,651.0,54051.4,0,Salaried,Group A,1
